ISO-10303-21;
HEADER;
/* Generated by software containing ST-Developer
 * from STEP Tools, Inc. (www.steptools.com) 
 */
/* OPTION: using custom schema-name function */

FILE_DESCRIPTION(
/* description */ (''),
/* implementation_level */ '2;1');

FILE_NAME(
/* name */ '\X2\5E955750\X0\01',
/* time_stamp */ '2025-12-23T13:47:41+08:00',
/* author */ (''),
/* organization */ (''),
/* preprocessor_version */ 'ST-DEVELOPER v19.2',
/* originating_system */ 'Rhino 8.5',
/* authorisation */ '');

FILE_SCHEMA (('AUTOMOTIVE_DESIGN'));
ENDSEC;

DATA;
#10=SHAPE_REPRESENTATION_RELATIONSHIP('','',#3713,#22);
#11=COLOUR_RGB('',0.,0.,0.);
#12=FILL_AREA_STYLE_COLOUR('',#11);
#13=FILL_AREA_STYLE('',(#12));
#14=SURFACE_STYLE_FILL_AREA(#13);
#15=SURFACE_SIDE_STYLE('',(#14));
#16=SURFACE_STYLE_USAGE(.BOTH.,#15);
#17=MECHANICAL_DESIGN_GEOMETRIC_PRESENTATION_REPRESENTATION('',(#19),#3712);
#18=PRESENTATION_STYLE_ASSIGNMENT((#16));
#19=STYLED_ITEM('',(#18),#21);
#20=PRESENTATION_LAYER_ASSIGNMENT('\X2\5B9E4F53\X0\3','',(#21));
#21=MANIFOLD_SOLID_BREP('brep_1',#23);
#22=ADVANCED_BREP_SHAPE_REPRESENTATION('brep_rep_0',(#21,#3902),#3712);
#23=CLOSED_SHELL('',(#34,#35,#36,#37,#38,#39,#40,#41,#42,#43,#44,#45,#46,
#47,#48,#49,#50,#51,#52,#53,#54,#55,#56,#57,#58,#59,#60,#61,#62,#63,#64,
#65,#66,#67,#68,#69,#70,#71,#72,#73,#74,#75,#76,#77,#78,#79,#80,#81,#82,
#83,#84,#85,#86,#87,#88,#89,#90,#91,#92,#93,#94,#95,#96,#97,#98,#99,#100,
#101,#102,#103,#104,#105,#106,#107,#108,#109,#110,#111,#112,#113,#114,#115,
#116,#117,#118,#119,#120,#121,#122,#123,#124,#125,#126,#127,#128,#129,#130,
#131,#132,#133,#134,#135,#136,#137,#138,#139,#140,#141,#142,#143,#144,#145,
#146,#147,#148,#149,#150,#151,#152,#153,#154,#155,#156,#157,#158,#159,#160,
#161,#162,#163,#164,#165,#166,#167,#168,#169,#170,#171,#172,#173,#174,#175,
#176,#177,#178,#179,#180,#181,#182,#183,#184,#185,#186,#187,#188,#189,#190,
#191,#192,#193,#194,#195,#196,#197,#198,#199,#200,#201,#202,#203,#204,#205,
#206,#207,#208,#209,#210,#211,#212,#213,#214,#215,#216,#217,#218,#219,#220,
#221,#222,#223,#224,#225,#226,#227,#228,#229,#230,#231,#232,#233,#234,#235,
#236,#237,#238,#239,#240,#241,#242,#243,#244,#245,#246));
#24=FACE_BOUND('',#610,.T.);
#25=FACE_BOUND('',#615,.T.);
#26=FACE_BOUND('',#657,.T.);
#27=FACE_BOUND('',#664,.T.);
#28=FACE_BOUND('',#665,.T.);
#29=FACE_BOUND('',#666,.T.);
#30=FACE_BOUND('',#667,.T.);
#31=FACE_BOUND('',#668,.T.);
#32=FACE_BOUND('',#669,.T.);
#33=FACE_BOUND('',#670,.T.);
#34=ADVANCED_FACE('',(#247),#3570,.T.);
#35=ADVANCED_FACE('',(#248),#3662,.F.);
#36=ADVANCED_FACE('',(#249),#3490,.T.);
#37=ADVANCED_FACE('',(#250),#3664,.F.);
#38=ADVANCED_FACE('',(#251),#3571,.T.);
#39=ADVANCED_FACE('',(#252),#3492,.T.);
#40=ADVANCED_FACE('',(#253),#3572,.T.);
#41=ADVANCED_FACE('',(#254),#3666,.F.);
#42=ADVANCED_FACE('',(#255),#3494,.T.);
#43=ADVANCED_FACE('',(#256),#3668,.F.);
#44=ADVANCED_FACE('',(#257),#3573,.T.);
#45=ADVANCED_FACE('',(#258),#3496,.T.);
#46=ADVANCED_FACE('',(#259),#3631,.F.);
#47=ADVANCED_FACE('',(#260),#3632,.T.);
#48=ADVANCED_FACE('',(#261),#3574,.T.);
#49=ADVANCED_FACE('',(#262),#3633,.F.);
#50=ADVANCED_FACE('',(#263),#3634,.T.);
#51=ADVANCED_FACE('',(#264),#3575,.T.);
#52=ADVANCED_FACE('',(#265),#3524,.T.);
#53=ADVANCED_FACE('',(#266),#3525,.T.);
#54=ADVANCED_FACE('',(#267),#3527,.T.);
#55=ADVANCED_FACE('',(#268),#3528,.T.);
#56=ADVANCED_FACE('',(#269),#3529,.T.);
#57=ADVANCED_FACE('',(#270),#3576,.T.);
#58=ADVANCED_FACE('',(#271),#3635,.T.);
#59=ADVANCED_FACE('',(#272),#3636,.T.);
#60=ADVANCED_FACE('',(#273),#3637,.T.);
#61=ADVANCED_FACE('',(#274),#3530,.T.);
#62=ADVANCED_FACE('',(#275),#3531,.T.);
#63=ADVANCED_FACE('',(#276),#3532,.T.);
#64=ADVANCED_FACE('',(#277),#3533,.T.);
#65=ADVANCED_FACE('',(#278),#3638,.F.);
#66=ADVANCED_FACE('',(#279),#3535,.T.);
#67=ADVANCED_FACE('',(#280),#3536,.T.);
#68=ADVANCED_FACE('',(#281),#3537,.T.);
#69=ADVANCED_FACE('',(#282),#3577,.T.);
#70=ADVANCED_FACE('',(#283),#3578,.T.);
#71=ADVANCED_FACE('',(#284),#3670,.T.);
#72=ADVANCED_FACE('',(#285),#3641,.T.);
#73=ADVANCED_FACE('',(#286),#3579,.T.);
#74=ADVANCED_FACE('',(#287),#3580,.T.);
#75=ADVANCED_FACE('',(#288),#3681,.F.);
#76=ADVANCED_FACE('',(#289),#3539,.T.);
#77=ADVANCED_FACE('',(#290),#3642,.T.);
#78=ADVANCED_FACE('',(#291),#3682,.F.);
#79=ADVANCED_FACE('',(#292),#3538,.T.);
#80=ADVANCED_FACE('',(#293),#3581,.T.);
#81=ADVANCED_FACE('',(#294),#3540,.T.);
#82=ADVANCED_FACE('',(#295),#3541,.T.);
#83=ADVANCED_FACE('',(#296),#3582,.T.);
#84=ADVANCED_FACE('',(#297),#3583,.T.);
#85=ADVANCED_FACE('',(#298),#3683,.F.);
#86=ADVANCED_FACE('',(#299),#3643,.T.);
#87=ADVANCED_FACE('',(#300),#3584,.T.);
#88=ADVANCED_FACE('',(#301),#3543,.T.);
#89=ADVANCED_FACE('',(#302),#3585,.T.);
#90=ADVANCED_FACE('',(#303),#3684,.F.);
#91=ADVANCED_FACE('',(#304),#3644,.T.);
#92=ADVANCED_FACE('',(#305),#3586,.T.);
#93=ADVANCED_FACE('',(#306),#3542,.T.);
#94=ADVANCED_FACE('',(#307),#3587,.T.);
#95=ADVANCED_FACE('',(#308),#3544,.T.);
#96=ADVANCED_FACE('',(#309),#3545,.T.);
#97=ADVANCED_FACE('',(#310),#3648,.T.);
#98=ADVANCED_FACE('',(#311),#3685,.F.);
#99=ADVANCED_FACE('',(#312),#3588,.T.);
#100=ADVANCED_FACE('',(#313),#3589,.T.);
#101=ADVANCED_FACE('',(#314),#3590,.T.);
#102=ADVANCED_FACE('',(#315),#3547,.T.);
#103=ADVANCED_FACE('',(#316),#3649,.T.);
#104=ADVANCED_FACE('',(#317),#3591,.T.);
#105=ADVANCED_FACE('',(#318),#3592,.T.);
#106=ADVANCED_FACE('',(#319),#3686,.F.);
#107=ADVANCED_FACE('',(#320),#3546,.T.);
#108=ADVANCED_FACE('',(#321),#3593,.T.);
#109=ADVANCED_FACE('',(#322),#3548,.T.);
#110=ADVANCED_FACE('',(#323),#3549,.T.);
#111=ADVANCED_FACE('',(#324),#3594,.T.);
#112=ADVANCED_FACE('',(#325),#3595,.T.);
#113=ADVANCED_FACE('',(#326),#3687,.F.);
#114=ADVANCED_FACE('',(#327),#3645,.T.);
#115=ADVANCED_FACE('',(#328),#3596,.T.);
#116=ADVANCED_FACE('',(#329),#3551,.T.);
#117=ADVANCED_FACE('',(#330),#3597,.T.);
#118=ADVANCED_FACE('',(#331),#3688,.F.);
#119=ADVANCED_FACE('',(#332),#3647,.T.);
#120=ADVANCED_FACE('',(#333),#3598,.T.);
#121=ADVANCED_FACE('',(#334),#3550,.T.);
#122=ADVANCED_FACE('',(#335),#3599,.T.);
#123=ADVANCED_FACE('',(#336),#3552,.T.);
#124=ADVANCED_FACE('',(#337),#3553,.T.);
#125=ADVANCED_FACE('',(#338),#3639,.T.);
#126=ADVANCED_FACE('',(#339),#3600,.T.);
#127=ADVANCED_FACE('',(#340),#3601,.T.);
#128=ADVANCED_FACE('',(#341),#3602,.T.);
#129=ADVANCED_FACE('',(#342),#3603,.T.);
#130=ADVANCED_FACE('',(#343),#3555,.T.);
#131=ADVANCED_FACE('',(#344),#3689,.F.);
#132=ADVANCED_FACE('',(#345),#3646,.T.);
#133=ADVANCED_FACE('',(#346),#3604,.T.);
#134=ADVANCED_FACE('',(#347),#3690,.F.);
#135=ADVANCED_FACE('',(#348),#3554,.T.);
#136=ADVANCED_FACE('',(#349),#3605,.T.);
#137=ADVANCED_FACE('',(#350),#3556,.T.);
#138=ADVANCED_FACE('',(#351),#3557,.T.);
#139=ADVANCED_FACE('',(#352),#3691,.F.);
#140=ADVANCED_FACE('',(#353),#3606,.T.);
#141=ADVANCED_FACE('',(#354),#3607,.T.);
#142=ADVANCED_FACE('',(#355),#3608,.T.);
#143=ADVANCED_FACE('',(#356),#3558,.T.);
#144=ADVANCED_FACE('',(#357),#3559,.T.);
#145=ADVANCED_FACE('',(#358),#3650,.T.);
#146=ADVANCED_FACE('',(#359),#3609,.T.);
#147=ADVANCED_FACE('',(#360),#3610,.T.);
#148=ADVANCED_FACE('',(#361),#3640,.F.);
#149=ADVANCED_FACE('',(#362),#3611,.T.);
#150=ADVANCED_FACE('',(#363),#3560,.T.);
#151=ADVANCED_FACE('',(#364),#3561,.T.);
#152=ADVANCED_FACE('',(#365),#3651,.T.);
#153=ADVANCED_FACE('',(#366),#3672,.F.);
#154=ADVANCED_FACE('',(#367),#3612,.T.);
#155=ADVANCED_FACE('',(#368),#3613,.T.);
#156=ADVANCED_FACE('',(#369),#3614,.T.);
#157=ADVANCED_FACE('',(#370),#3500,.T.);
#158=ADVANCED_FACE('',(#371),#3501,.T.);
#159=ADVANCED_FACE('',(#372),#3502,.T.);
#160=ADVANCED_FACE('',(#373),#3503,.T.);
#161=ADVANCED_FACE('',(#374),#3504,.T.);
#162=ADVANCED_FACE('',(#375),#3505,.T.);
#163=ADVANCED_FACE('',(#376),#3506,.T.);
#164=ADVANCED_FACE('',(#377),#3507,.T.);
#165=ADVANCED_FACE('',(#378),#3508,.T.);
#166=ADVANCED_FACE('',(#379),#3509,.T.);
#167=ADVANCED_FACE('',(#380),#3510,.T.);
#168=ADVANCED_FACE('',(#381),#3511,.T.);
#169=ADVANCED_FACE('',(#382),#3512,.T.);
#170=ADVANCED_FACE('',(#383),#3513,.T.);
#171=ADVANCED_FACE('',(#384),#3514,.T.);
#172=ADVANCED_FACE('',(#385),#3515,.T.);
#173=ADVANCED_FACE('',(#386),#3516,.T.);
#174=ADVANCED_FACE('',(#387),#3517,.T.);
#175=ADVANCED_FACE('',(#388),#3518,.T.);
#176=ADVANCED_FACE('',(#389),#3519,.T.);
#177=ADVANCED_FACE('',(#390),#3520,.T.);
#178=ADVANCED_FACE('',(#391),#3521,.T.);
#179=ADVANCED_FACE('',(#392),#3522,.T.);
#180=ADVANCED_FACE('',(#393),#3523,.T.);
#181=ADVANCED_FACE('',(#394),#3615,.T.);
#182=ADVANCED_FACE('',(#395),#3674,.T.);
#183=ADVANCED_FACE('',(#396,#24),#3616,.T.);
#184=ADVANCED_FACE('',(#397),#3652,.F.);
#185=ADVANCED_FACE('',(#398),#3562,.T.);
#186=ADVANCED_FACE('',(#399),#3563,.T.);
#187=ADVANCED_FACE('',(#400,#25),#3617,.T.);
#188=ADVANCED_FACE('',(#401),#3564,.T.);
#189=ADVANCED_FACE('',(#402),#3676,.F.);
#190=ADVANCED_FACE('',(#403),#3618,.T.);
#191=ADVANCED_FACE('',(#404),#3619,.T.);
#192=ADVANCED_FACE('',(#405),#3678,.T.);
#193=ADVANCED_FACE('',(#406),#3620,.T.);
#194=ADVANCED_FACE('',(#407),#3621,.T.);
#195=ADVANCED_FACE('',(#408),#3622,.T.);
#196=ADVANCED_FACE('',(#409),#3679,.T.);
#197=ADVANCED_FACE('',(#410),#3680,.F.);
#198=ADVANCED_FACE('',(#411),#3565,.T.);
#199=ADVANCED_FACE('',(#412),#3566,.T.);
#200=ADVANCED_FACE('',(#413),#3567,.T.);
#201=ADVANCED_FACE('',(#414),#3657,.F.);
#202=ADVANCED_FACE('',(#415),#3658,.F.);
#203=ADVANCED_FACE('',(#416),#3659,.T.);
#204=ADVANCED_FACE('',(#417),#3660,.T.);
#205=ADVANCED_FACE('',(#418),#3568,.T.);
#206=ADVANCED_FACE('',(#419),#3569,.T.);
#207=ADVANCED_FACE('',(#420),#3623,.T.);
#208=ADVANCED_FACE('',(#421),#3656,.T.);
#209=ADVANCED_FACE('',(#422),#3656,.T.);
#210=ADVANCED_FACE('',(#423),#3624,.T.);
#211=ADVANCED_FACE('',(#424),#3488,.T.);
#212=ADVANCED_FACE('',(#425),#3488,.T.);
#213=ADVANCED_FACE('',(#426),#3655,.T.);
#214=ADVANCED_FACE('',(#427),#3655,.T.);
#215=ADVANCED_FACE('',(#428),#3625,.T.);
#216=ADVANCED_FACE('',(#429),#3487,.T.);
#217=ADVANCED_FACE('',(#430),#3487,.T.);
#218=ADVANCED_FACE('',(#431),#3692,.T.);
#219=ADVANCED_FACE('',(#432),#3654,.T.);
#220=ADVANCED_FACE('',(#433),#3626,.T.);
#221=ADVANCED_FACE('',(#434),#3498,.T.);
#222=ADVANCED_FACE('',(#435),#3486,.T.);
#223=ADVANCED_FACE('',(#436),#3693,.T.);
#224=ADVANCED_FACE('',(#437),#3653,.T.);
#225=ADVANCED_FACE('',(#438),#3627,.T.);
#226=ADVANCED_FACE('',(#439),#3526,.T.);
#227=ADVANCED_FACE('',(#440),#3628,.T.);
#228=ADVANCED_FACE('',(#441,#26),#3629,.T.);
#229=ADVANCED_FACE('',(#442),#3534,.T.);
#230=ADVANCED_FACE('',(#443),#3499,.T.);
#231=ADVANCED_FACE('',(#444),#3489,.T.);
#232=ADVANCED_FACE('',(#445),#3694,.T.);
#233=ADVANCED_FACE('',(#446),#3661,.T.);
#234=ADVANCED_FACE('',(#447,#27,#28,#29,#30,#31,#32,#33),#3630,.T.);
#235=ADVANCED_FACE('',(#448),#3663,.F.);
#236=ADVANCED_FACE('',(#449),#3491,.T.);
#237=ADVANCED_FACE('',(#450),#3665,.F.);
#238=ADVANCED_FACE('',(#451),#3493,.T.);
#239=ADVANCED_FACE('',(#452),#3667,.F.);
#240=ADVANCED_FACE('',(#453),#3495,.T.);
#241=ADVANCED_FACE('',(#454),#3669,.F.);
#242=ADVANCED_FACE('',(#455),#3497,.T.);
#243=ADVANCED_FACE('',(#456),#3671,.T.);
#244=ADVANCED_FACE('',(#457),#3673,.F.);
#245=ADVANCED_FACE('',(#458),#3675,.T.);
#246=ADVANCED_FACE('',(#459),#3677,.F.);
#247=FACE_OUTER_BOUND('',#460,.T.);
#248=FACE_OUTER_BOUND('',#461,.T.);
#249=FACE_OUTER_BOUND('',#462,.T.);
#250=FACE_OUTER_BOUND('',#463,.T.);
#251=FACE_OUTER_BOUND('',#464,.T.);
#252=FACE_OUTER_BOUND('',#465,.T.);
#253=FACE_OUTER_BOUND('',#466,.T.);
#254=FACE_OUTER_BOUND('',#467,.T.);
#255=FACE_OUTER_BOUND('',#468,.T.);
#256=FACE_OUTER_BOUND('',#469,.T.);
#257=FACE_OUTER_BOUND('',#470,.T.);
#258=FACE_OUTER_BOUND('',#471,.T.);
#259=FACE_OUTER_BOUND('',#472,.T.);
#260=FACE_OUTER_BOUND('',#473,.T.);
#261=FACE_OUTER_BOUND('',#474,.T.);
#262=FACE_OUTER_BOUND('',#475,.T.);
#263=FACE_OUTER_BOUND('',#476,.T.);
#264=FACE_OUTER_BOUND('',#477,.T.);
#265=FACE_OUTER_BOUND('',#478,.T.);
#266=FACE_OUTER_BOUND('',#479,.T.);
#267=FACE_OUTER_BOUND('',#480,.T.);
#268=FACE_OUTER_BOUND('',#481,.T.);
#269=FACE_OUTER_BOUND('',#482,.T.);
#270=FACE_OUTER_BOUND('',#483,.T.);
#271=FACE_OUTER_BOUND('',#484,.T.);
#272=FACE_OUTER_BOUND('',#485,.T.);
#273=FACE_OUTER_BOUND('',#486,.T.);
#274=FACE_OUTER_BOUND('',#487,.T.);
#275=FACE_OUTER_BOUND('',#488,.T.);
#276=FACE_OUTER_BOUND('',#489,.T.);
#277=FACE_OUTER_BOUND('',#490,.T.);
#278=FACE_OUTER_BOUND('',#491,.T.);
#279=FACE_OUTER_BOUND('',#492,.T.);
#280=FACE_OUTER_BOUND('',#493,.T.);
#281=FACE_OUTER_BOUND('',#494,.T.);
#282=FACE_OUTER_BOUND('',#495,.T.);
#283=FACE_OUTER_BOUND('',#496,.T.);
#284=FACE_OUTER_BOUND('',#497,.T.);
#285=FACE_OUTER_BOUND('',#498,.T.);
#286=FACE_OUTER_BOUND('',#499,.T.);
#287=FACE_OUTER_BOUND('',#500,.T.);
#288=FACE_OUTER_BOUND('',#501,.T.);
#289=FACE_OUTER_BOUND('',#502,.T.);
#290=FACE_OUTER_BOUND('',#503,.T.);
#291=FACE_OUTER_BOUND('',#504,.T.);
#292=FACE_OUTER_BOUND('',#505,.T.);
#293=FACE_OUTER_BOUND('',#506,.T.);
#294=FACE_OUTER_BOUND('',#507,.T.);
#295=FACE_OUTER_BOUND('',#508,.T.);
#296=FACE_OUTER_BOUND('',#509,.T.);
#297=FACE_OUTER_BOUND('',#510,.T.);
#298=FACE_OUTER_BOUND('',#511,.T.);
#299=FACE_OUTER_BOUND('',#512,.T.);
#300=FACE_OUTER_BOUND('',#513,.T.);
#301=FACE_OUTER_BOUND('',#514,.T.);
#302=FACE_OUTER_BOUND('',#515,.T.);
#303=FACE_OUTER_BOUND('',#516,.T.);
#304=FACE_OUTER_BOUND('',#517,.T.);
#305=FACE_OUTER_BOUND('',#518,.T.);
#306=FACE_OUTER_BOUND('',#519,.T.);
#307=FACE_OUTER_BOUND('',#520,.T.);
#308=FACE_OUTER_BOUND('',#521,.T.);
#309=FACE_OUTER_BOUND('',#522,.T.);
#310=FACE_OUTER_BOUND('',#523,.T.);
#311=FACE_OUTER_BOUND('',#524,.T.);
#312=FACE_OUTER_BOUND('',#525,.T.);
#313=FACE_OUTER_BOUND('',#526,.T.);
#314=FACE_OUTER_BOUND('',#527,.T.);
#315=FACE_OUTER_BOUND('',#528,.T.);
#316=FACE_OUTER_BOUND('',#529,.T.);
#317=FACE_OUTER_BOUND('',#530,.T.);
#318=FACE_OUTER_BOUND('',#531,.T.);
#319=FACE_OUTER_BOUND('',#532,.T.);
#320=FACE_OUTER_BOUND('',#533,.T.);
#321=FACE_OUTER_BOUND('',#534,.T.);
#322=FACE_OUTER_BOUND('',#535,.T.);
#323=FACE_OUTER_BOUND('',#536,.T.);
#324=FACE_OUTER_BOUND('',#537,.T.);
#325=FACE_OUTER_BOUND('',#538,.T.);
#326=FACE_OUTER_BOUND('',#539,.T.);
#327=FACE_OUTER_BOUND('',#540,.T.);
#328=FACE_OUTER_BOUND('',#541,.T.);
#329=FACE_OUTER_BOUND('',#542,.T.);
#330=FACE_OUTER_BOUND('',#543,.T.);
#331=FACE_OUTER_BOUND('',#544,.T.);
#332=FACE_OUTER_BOUND('',#545,.T.);
#333=FACE_OUTER_BOUND('',#546,.T.);
#334=FACE_OUTER_BOUND('',#547,.T.);
#335=FACE_OUTER_BOUND('',#548,.T.);
#336=FACE_OUTER_BOUND('',#549,.T.);
#337=FACE_OUTER_BOUND('',#550,.T.);
#338=FACE_OUTER_BOUND('',#551,.T.);
#339=FACE_OUTER_BOUND('',#552,.T.);
#340=FACE_OUTER_BOUND('',#553,.T.);
#341=FACE_OUTER_BOUND('',#554,.T.);
#342=FACE_OUTER_BOUND('',#555,.T.);
#343=FACE_OUTER_BOUND('',#556,.T.);
#344=FACE_OUTER_BOUND('',#557,.T.);
#345=FACE_OUTER_BOUND('',#558,.T.);
#346=FACE_OUTER_BOUND('',#559,.T.);
#347=FACE_OUTER_BOUND('',#560,.T.);
#348=FACE_OUTER_BOUND('',#561,.T.);
#349=FACE_OUTER_BOUND('',#562,.T.);
#350=FACE_OUTER_BOUND('',#563,.T.);
#351=FACE_OUTER_BOUND('',#564,.T.);
#352=FACE_OUTER_BOUND('',#565,.T.);
#353=FACE_OUTER_BOUND('',#566,.T.);
#354=FACE_OUTER_BOUND('',#567,.T.);
#355=FACE_OUTER_BOUND('',#568,.T.);
#356=FACE_OUTER_BOUND('',#569,.T.);
#357=FACE_OUTER_BOUND('',#570,.T.);
#358=FACE_OUTER_BOUND('',#571,.T.);
#359=FACE_OUTER_BOUND('',#572,.T.);
#360=FACE_OUTER_BOUND('',#573,.T.);
#361=FACE_OUTER_BOUND('',#574,.T.);
#362=FACE_OUTER_BOUND('',#575,.T.);
#363=FACE_OUTER_BOUND('',#576,.T.);
#364=FACE_OUTER_BOUND('',#577,.T.);
#365=FACE_OUTER_BOUND('',#578,.T.);
#366=FACE_OUTER_BOUND('',#579,.T.);
#367=FACE_OUTER_BOUND('',#580,.T.);
#368=FACE_OUTER_BOUND('',#581,.T.);
#369=FACE_OUTER_BOUND('',#582,.T.);
#370=FACE_OUTER_BOUND('',#583,.T.);
#371=FACE_OUTER_BOUND('',#584,.T.);
#372=FACE_OUTER_BOUND('',#585,.T.);
#373=FACE_OUTER_BOUND('',#586,.T.);
#374=FACE_OUTER_BOUND('',#587,.T.);
#375=FACE_OUTER_BOUND('',#588,.T.);
#376=FACE_OUTER_BOUND('',#589,.T.);
#377=FACE_OUTER_BOUND('',#590,.T.);
#378=FACE_OUTER_BOUND('',#591,.T.);
#379=FACE_OUTER_BOUND('',#592,.T.);
#380=FACE_OUTER_BOUND('',#593,.T.);
#381=FACE_OUTER_BOUND('',#594,.T.);
#382=FACE_OUTER_BOUND('',#595,.T.);
#383=FACE_OUTER_BOUND('',#596,.T.);
#384=FACE_OUTER_BOUND('',#597,.T.);
#385=FACE_OUTER_BOUND('',#598,.T.);
#386=FACE_OUTER_BOUND('',#599,.T.);
#387=FACE_OUTER_BOUND('',#600,.T.);
#388=FACE_OUTER_BOUND('',#601,.T.);
#389=FACE_OUTER_BOUND('',#602,.T.);
#390=FACE_OUTER_BOUND('',#603,.T.);
#391=FACE_OUTER_BOUND('',#604,.T.);
#392=FACE_OUTER_BOUND('',#605,.T.);
#393=FACE_OUTER_BOUND('',#606,.T.);
#394=FACE_OUTER_BOUND('',#607,.T.);
#395=FACE_OUTER_BOUND('',#608,.T.);
#396=FACE_OUTER_BOUND('',#609,.T.);
#397=FACE_OUTER_BOUND('',#611,.T.);
#398=FACE_OUTER_BOUND('',#612,.T.);
#399=FACE_OUTER_BOUND('',#613,.T.);
#400=FACE_OUTER_BOUND('',#614,.T.);
#401=FACE_OUTER_BOUND('',#616,.T.);
#402=FACE_OUTER_BOUND('',#617,.T.);
#403=FACE_OUTER_BOUND('',#618,.T.);
#404=FACE_OUTER_BOUND('',#619,.T.);
#405=FACE_OUTER_BOUND('',#620,.T.);
#406=FACE_OUTER_BOUND('',#621,.T.);
#407=FACE_OUTER_BOUND('',#622,.T.);
#408=FACE_OUTER_BOUND('',#623,.T.);
#409=FACE_OUTER_BOUND('',#624,.T.);
#410=FACE_OUTER_BOUND('',#625,.T.);
#411=FACE_OUTER_BOUND('',#626,.T.);
#412=FACE_OUTER_BOUND('',#627,.T.);
#413=FACE_OUTER_BOUND('',#628,.T.);
#414=FACE_OUTER_BOUND('',#629,.T.);
#415=FACE_OUTER_BOUND('',#630,.T.);
#416=FACE_OUTER_BOUND('',#631,.T.);
#417=FACE_OUTER_BOUND('',#632,.T.);
#418=FACE_OUTER_BOUND('',#633,.T.);
#419=FACE_OUTER_BOUND('',#634,.T.);
#420=FACE_OUTER_BOUND('',#635,.T.);
#421=FACE_OUTER_BOUND('',#636,.T.);
#422=FACE_OUTER_BOUND('',#637,.T.);
#423=FACE_OUTER_BOUND('',#638,.T.);
#424=FACE_OUTER_BOUND('',#639,.T.);
#425=FACE_OUTER_BOUND('',#640,.T.);
#426=FACE_OUTER_BOUND('',#641,.T.);
#427=FACE_OUTER_BOUND('',#642,.T.);
#428=FACE_OUTER_BOUND('',#643,.T.);
#429=FACE_OUTER_BOUND('',#644,.T.);
#430=FACE_OUTER_BOUND('',#645,.T.);
#431=FACE_OUTER_BOUND('',#646,.T.);
#432=FACE_OUTER_BOUND('',#647,.T.);
#433=FACE_OUTER_BOUND('',#648,.T.);
#434=FACE_OUTER_BOUND('',#649,.T.);
#435=FACE_OUTER_BOUND('',#650,.T.);
#436=FACE_OUTER_BOUND('',#651,.T.);
#437=FACE_OUTER_BOUND('',#652,.T.);
#438=FACE_OUTER_BOUND('',#653,.T.);
#439=FACE_OUTER_BOUND('',#654,.T.);
#440=FACE_OUTER_BOUND('',#655,.T.);
#441=FACE_OUTER_BOUND('',#656,.T.);
#442=FACE_OUTER_BOUND('',#658,.T.);
#443=FACE_OUTER_BOUND('',#659,.T.);
#444=FACE_OUTER_BOUND('',#660,.T.);
#445=FACE_OUTER_BOUND('',#661,.T.);
#446=FACE_OUTER_BOUND('',#662,.T.);
#447=FACE_OUTER_BOUND('',#663,.T.);
#448=FACE_OUTER_BOUND('',#671,.T.);
#449=FACE_OUTER_BOUND('',#672,.T.);
#450=FACE_OUTER_BOUND('',#673,.T.);
#451=FACE_OUTER_BOUND('',#674,.T.);
#452=FACE_OUTER_BOUND('',#675,.T.);
#453=FACE_OUTER_BOUND('',#676,.T.);
#454=FACE_OUTER_BOUND('',#677,.T.);
#455=FACE_OUTER_BOUND('',#678,.T.);
#456=FACE_OUTER_BOUND('',#679,.T.);
#457=FACE_OUTER_BOUND('',#680,.T.);
#458=FACE_OUTER_BOUND('',#681,.T.);
#459=FACE_OUTER_BOUND('',#682,.T.);
#460=EDGE_LOOP('',(#683,#684));
#461=EDGE_LOOP('',(#685,#686,#687,#688));
#462=EDGE_LOOP('',(#689,#690,#691,#692));
#463=EDGE_LOOP('',(#693,#694,#695,#696));
#464=EDGE_LOOP('',(#697,#698));
#465=EDGE_LOOP('',(#699,#700,#701,#702));
#466=EDGE_LOOP('',(#703,#704));
#467=EDGE_LOOP('',(#705,#706,#707,#708));
#468=EDGE_LOOP('',(#709,#710,#711,#712));
#469=EDGE_LOOP('',(#713,#714,#715,#716));
#470=EDGE_LOOP('',(#717,#718));
#471=EDGE_LOOP('',(#719,#720,#721,#722));
#472=EDGE_LOOP('',(#723,#724,#725));
#473=EDGE_LOOP('',(#726,#727,#728));
#474=EDGE_LOOP('',(#729,#730,#731,#732));
#475=EDGE_LOOP('',(#733,#734,#735));
#476=EDGE_LOOP('',(#736,#737,#738));
#477=EDGE_LOOP('',(#739,#740,#741,#742));
#478=EDGE_LOOP('',(#743,#744,#745,#746));
#479=EDGE_LOOP('',(#747,#748,#749,#750,#751));
#480=EDGE_LOOP('',(#752,#753,#754,#755,#756));
#481=EDGE_LOOP('',(#757,#758,#759,#760,#761));
#482=EDGE_LOOP('',(#762,#763,#764,#765));
#483=EDGE_LOOP('',(#766,#767,#768,#769,#770,#771));
#484=EDGE_LOOP('',(#772,#773,#774,#775));
#485=EDGE_LOOP('',(#776,#777,#778,#779));
#486=EDGE_LOOP('',(#780,#781,#782,#783));
#487=EDGE_LOOP('',(#784,#785,#786,#787,#788));
#488=EDGE_LOOP('',(#789,#790,#791,#792,#793,#794));
#489=EDGE_LOOP('',(#795,#796,#797,#798));
#490=EDGE_LOOP('',(#799,#800,#801,#802,#803,#804,#805,#806,#807,#808));
#491=EDGE_LOOP('',(#809,#810,#811,#812));
#492=EDGE_LOOP('',(#813,#814,#815,#816));
#493=EDGE_LOOP('',(#817,#818,#819,#820,#821,#822,#823,#824,#825,#826,#827,
#828));
#494=EDGE_LOOP('',(#829,#830,#831,#832,#833));
#495=EDGE_LOOP('',(#834,#835,#836,#837,#838,#839,#840));
#496=EDGE_LOOP('',(#841,#842,#843,#844,#845,#846,#847));
#497=EDGE_LOOP('',(#848,#849,#850,#851,#852,#853,#854,#855,#856,#857,#858,
#859,#860,#861,#862,#863,#864,#865,#866,#867,#868,#869,#870,#871,#872,#873,
#874,#875,#876,#877));
#498=EDGE_LOOP('',(#878,#879,#880,#881));
#499=EDGE_LOOP('',(#882,#883,#884,#885));
#500=EDGE_LOOP('',(#886,#887,#888,#889));
#501=EDGE_LOOP('',(#890,#891,#892,#893));
#502=EDGE_LOOP('',(#894,#895,#896,#897,#898,#899,#900,#901,#902));
#503=EDGE_LOOP('',(#903,#904,#905,#906));
#504=EDGE_LOOP('',(#907,#908,#909,#910));
#505=EDGE_LOOP('',(#911,#912,#913,#914,#915,#916,#917,#918,#919));
#506=EDGE_LOOP('',(#920,#921,#922,#923));
#507=EDGE_LOOP('',(#924,#925,#926,#927,#928,#929,#930,#931,#932));
#508=EDGE_LOOP('',(#933,#934,#935,#936,#937,#938,#939,#940,#941));
#509=EDGE_LOOP('',(#942,#943,#944,#945));
#510=EDGE_LOOP('',(#946,#947,#948,#949));
#511=EDGE_LOOP('',(#950,#951,#952,#953));
#512=EDGE_LOOP('',(#954,#955,#956,#957));
#513=EDGE_LOOP('',(#958,#959,#960,#961));
#514=EDGE_LOOP('',(#962,#963,#964,#965,#966,#967,#968,#969,#970));
#515=EDGE_LOOP('',(#971,#972,#973,#974));
#516=EDGE_LOOP('',(#975,#976,#977,#978));
#517=EDGE_LOOP('',(#979,#980,#981,#982));
#518=EDGE_LOOP('',(#983,#984,#985,#986));
#519=EDGE_LOOP('',(#987,#988,#989,#990,#991,#992,#993,#994,#995));
#520=EDGE_LOOP('',(#996,#997,#998,#999));
#521=EDGE_LOOP('',(#1000,#1001,#1002,#1003,#1004,#1005,#1006,#1007,#1008));
#522=EDGE_LOOP('',(#1009,#1010,#1011,#1012,#1013,#1014,#1015,#1016,#1017));
#523=EDGE_LOOP('',(#1018,#1019,#1020,#1021));
#524=EDGE_LOOP('',(#1022,#1023,#1024,#1025));
#525=EDGE_LOOP('',(#1026,#1027,#1028,#1029));
#526=EDGE_LOOP('',(#1030,#1031,#1032,#1033));
#527=EDGE_LOOP('',(#1034,#1035,#1036,#1037,#1038,#1039));
#528=EDGE_LOOP('',(#1040,#1041,#1042,#1043,#1044,#1045,#1046,#1047,#1048));
#529=EDGE_LOOP('',(#1049,#1050,#1051,#1052));
#530=EDGE_LOOP('',(#1053,#1054,#1055,#1056));
#531=EDGE_LOOP('',(#1057,#1058,#1059,#1060));
#532=EDGE_LOOP('',(#1061,#1062,#1063,#1064));
#533=EDGE_LOOP('',(#1065,#1066,#1067,#1068,#1069,#1070,#1071,#1072,#1073));
#534=EDGE_LOOP('',(#1074,#1075,#1076,#1077));
#535=EDGE_LOOP('',(#1078,#1079,#1080,#1081,#1082,#1083,#1084,#1085,#1086));
#536=EDGE_LOOP('',(#1087,#1088,#1089,#1090,#1091,#1092,#1093,#1094,#1095));
#537=EDGE_LOOP('',(#1096,#1097,#1098,#1099));
#538=EDGE_LOOP('',(#1100,#1101,#1102,#1103));
#539=EDGE_LOOP('',(#1104,#1105,#1106,#1107));
#540=EDGE_LOOP('',(#1108,#1109,#1110,#1111));
#541=EDGE_LOOP('',(#1112,#1113,#1114,#1115));
#542=EDGE_LOOP('',(#1116,#1117,#1118,#1119,#1120,#1121,#1122,#1123,#1124));
#543=EDGE_LOOP('',(#1125,#1126,#1127,#1128));
#544=EDGE_LOOP('',(#1129,#1130,#1131,#1132));
#545=EDGE_LOOP('',(#1133,#1134,#1135,#1136));
#546=EDGE_LOOP('',(#1137,#1138,#1139,#1140));
#547=EDGE_LOOP('',(#1141,#1142,#1143,#1144,#1145,#1146,#1147,#1148,#1149));
#548=EDGE_LOOP('',(#1150,#1151,#1152,#1153));
#549=EDGE_LOOP('',(#1154,#1155,#1156,#1157,#1158,#1159,#1160,#1161,#1162));
#550=EDGE_LOOP('',(#1163,#1164,#1165,#1166,#1167,#1168,#1169,#1170,#1171));
#551=EDGE_LOOP('',(#1172,#1173,#1174,#1175));
#552=EDGE_LOOP('',(#1176,#1177,#1178,#1179));
#553=EDGE_LOOP('',(#1180,#1181,#1182,#1183));
#554=EDGE_LOOP('',(#1184,#1185,#1186,#1187));
#555=EDGE_LOOP('',(#1188,#1189,#1190,#1191));
#556=EDGE_LOOP('',(#1192,#1193,#1194,#1195,#1196,#1197,#1198,#1199,#1200));
#557=EDGE_LOOP('',(#1201,#1202,#1203,#1204));
#558=EDGE_LOOP('',(#1205,#1206,#1207,#1208));
#559=EDGE_LOOP('',(#1209,#1210,#1211,#1212));
#560=EDGE_LOOP('',(#1213,#1214,#1215,#1216));
#561=EDGE_LOOP('',(#1217,#1218,#1219,#1220,#1221,#1222,#1223,#1224,#1225));
#562=EDGE_LOOP('',(#1226,#1227,#1228,#1229));
#563=EDGE_LOOP('',(#1230,#1231,#1232,#1233,#1234,#1235,#1236,#1237,#1238));
#564=EDGE_LOOP('',(#1239,#1240,#1241,#1242,#1243,#1244,#1245,#1246,#1247));
#565=EDGE_LOOP('',(#1248,#1249,#1250,#1251));
#566=EDGE_LOOP('',(#1252,#1253,#1254,#1255));
#567=EDGE_LOOP('',(#1256,#1257,#1258,#1259));
#568=EDGE_LOOP('',(#1260,#1261,#1262,#1263,#1264,#1265));
#569=EDGE_LOOP('',(#1266,#1267,#1268,#1269,#1270,#1271,#1272,#1273,#1274));
#570=EDGE_LOOP('',(#1275,#1276,#1277,#1278,#1279,#1280,#1281,#1282,#1283));
#571=EDGE_LOOP('',(#1284,#1285,#1286,#1287));
#572=EDGE_LOOP('',(#1288,#1289,#1290,#1291));
#573=EDGE_LOOP('',(#1292,#1293,#1294,#1295));
#574=EDGE_LOOP('',(#1296,#1297,#1298,#1299));
#575=EDGE_LOOP('',(#1300,#1301,#1302,#1303));
#576=EDGE_LOOP('',(#1304,#1305,#1306,#1307,#1308,#1309,#1310,#1311,#1312));
#577=EDGE_LOOP('',(#1313,#1314,#1315,#1316,#1317,#1318,#1319,#1320,#1321));
#578=EDGE_LOOP('',(#1322,#1323,#1324,#1325));
#579=EDGE_LOOP('',(#1326,#1327,#1328,#1329,#1330,#1331,#1332,#1333,#1334,
#1335,#1336,#1337,#1338,#1339,#1340,#1341,#1342,#1343,#1344,#1345,#1346,
#1347,#1348,#1349,#1350,#1351,#1352,#1353));
#580=EDGE_LOOP('',(#1354,#1355,#1356,#1357));
#581=EDGE_LOOP('',(#1358,#1359,#1360,#1361));
#582=EDGE_LOOP('',(#1362,#1363,#1364,#1365));
#583=EDGE_LOOP('',(#1366,#1367,#1368,#1369));
#584=EDGE_LOOP('',(#1370,#1371,#1372,#1373));
#585=EDGE_LOOP('',(#1374,#1375,#1376,#1377));
#586=EDGE_LOOP('',(#1378,#1379,#1380,#1381));
#587=EDGE_LOOP('',(#1382,#1383,#1384,#1385));
#588=EDGE_LOOP('',(#1386,#1387,#1388,#1389));
#589=EDGE_LOOP('',(#1390,#1391,#1392,#1393));
#590=EDGE_LOOP('',(#1394,#1395,#1396,#1397));
#591=EDGE_LOOP('',(#1398,#1399,#1400,#1401));
#592=EDGE_LOOP('',(#1402,#1403,#1404,#1405));
#593=EDGE_LOOP('',(#1406,#1407,#1408,#1409));
#594=EDGE_LOOP('',(#1410,#1411,#1412,#1413));
#595=EDGE_LOOP('',(#1414,#1415,#1416,#1417));
#596=EDGE_LOOP('',(#1418,#1419,#1420,#1421));
#597=EDGE_LOOP('',(#1422,#1423,#1424,#1425));
#598=EDGE_LOOP('',(#1426,#1427,#1428,#1429));
#599=EDGE_LOOP('',(#1430,#1431,#1432,#1433));
#600=EDGE_LOOP('',(#1434,#1435,#1436,#1437));
#601=EDGE_LOOP('',(#1438,#1439,#1440,#1441));
#602=EDGE_LOOP('',(#1442,#1443,#1444,#1445));
#603=EDGE_LOOP('',(#1446,#1447,#1448,#1449));
#604=EDGE_LOOP('',(#1450,#1451,#1452,#1453));
#605=EDGE_LOOP('',(#1454,#1455,#1456,#1457));
#606=EDGE_LOOP('',(#1458,#1459,#1460,#1461));
#607=EDGE_LOOP('',(#1462,#1463,#1464,#1465));
#608=EDGE_LOOP('',(#1466,#1467,#1468,#1469,#1470,#1471));
#609=EDGE_LOOP('',(#1472,#1473));
#610=EDGE_LOOP('',(#1474,#1475));
#611=EDGE_LOOP('',(#1476,#1477,#1478,#1479));
#612=EDGE_LOOP('',(#1480,#1481,#1482,#1483,#1484));
#613=EDGE_LOOP('',(#1485,#1486,#1487,#1488));
#614=EDGE_LOOP('',(#1489,#1490));
#615=EDGE_LOOP('',(#1491,#1492));
#616=EDGE_LOOP('',(#1493,#1494,#1495,#1496));
#617=EDGE_LOOP('',(#1497,#1498,#1499,#1500));
#618=EDGE_LOOP('',(#1501,#1502,#1503,#1504));
#619=EDGE_LOOP('',(#1505,#1506,#1507,#1508,#1509,#1510,#1511));
#620=EDGE_LOOP('',(#1512,#1513,#1514,#1515));
#621=EDGE_LOOP('',(#1516,#1517,#1518,#1519));
#622=EDGE_LOOP('',(#1520,#1521,#1522,#1523));
#623=EDGE_LOOP('',(#1524,#1525,#1526,#1527));
#624=EDGE_LOOP('',(#1528,#1529,#1530,#1531));
#625=EDGE_LOOP('',(#1532,#1533,#1534,#1535,#1536,#1537,#1538,#1539));
#626=EDGE_LOOP('',(#1540,#1541,#1542,#1543));
#627=EDGE_LOOP('',(#1544,#1545,#1546,#1547));
#628=EDGE_LOOP('',(#1548,#1549,#1550,#1551));
#629=EDGE_LOOP('',(#1552,#1553,#1554,#1555));
#630=EDGE_LOOP('',(#1556,#1557,#1558,#1559));
#631=EDGE_LOOP('',(#1560,#1561,#1562,#1563));
#632=EDGE_LOOP('',(#1564,#1565,#1566,#1567));
#633=EDGE_LOOP('',(#1568,#1569,#1570,#1571));
#634=EDGE_LOOP('',(#1572,#1573,#1574,#1575));
#635=EDGE_LOOP('',(#1576,#1577,#1578,#1579,#1580,#1581));
#636=EDGE_LOOP('',(#1582,#1583,#1584,#1585));
#637=EDGE_LOOP('',(#1586,#1587,#1588,#1589));
#638=EDGE_LOOP('',(#1590,#1591,#1592));
#639=EDGE_LOOP('',(#1593,#1594,#1595,#1596));
#640=EDGE_LOOP('',(#1597,#1598,#1599,#1600));
#641=EDGE_LOOP('',(#1601,#1602,#1603,#1604));
#642=EDGE_LOOP('',(#1605,#1606,#1607,#1608));
#643=EDGE_LOOP('',(#1609,#1610,#1611));
#644=EDGE_LOOP('',(#1612,#1613,#1614,#1615));
#645=EDGE_LOOP('',(#1616,#1617,#1618,#1619));
#646=EDGE_LOOP('',(#1620,#1621,#1622,#1623));
#647=EDGE_LOOP('',(#1624,#1625,#1626,#1627));
#648=EDGE_LOOP('',(#1628,#1629,#1630));
#649=EDGE_LOOP('',(#1631,#1632,#1633,#1634));
#650=EDGE_LOOP('',(#1635,#1636,#1637,#1638));
#651=EDGE_LOOP('',(#1639,#1640,#1641,#1642));
#652=EDGE_LOOP('',(#1643,#1644,#1645,#1646));
#653=EDGE_LOOP('',(#1647,#1648,#1649));
#654=EDGE_LOOP('',(#1650,#1651,#1652,#1653,#1654,#1655,#1656,#1657,#1658));
#655=EDGE_LOOP('',(#1659,#1660,#1661,#1662,#1663,#1664,#1665,#1666,#1667,
#1668,#1669,#1670));
#656=EDGE_LOOP('',(#1671,#1672,#1673,#1674,#1675,#1676,#1677,#1678,#1679,
#1680,#1681,#1682));
#657=EDGE_LOOP('',(#1683,#1684,#1685,#1686,#1687,#1688));
#658=EDGE_LOOP('',(#1689,#1690,#1691,#1692));
#659=EDGE_LOOP('',(#1693,#1694,#1695,#1696,#1697));
#660=EDGE_LOOP('',(#1698,#1699,#1700,#1701,#1702));
#661=EDGE_LOOP('',(#1703,#1704,#1705,#1706,#1707,#1708,#1709,#1710,#1711,
#1712,#1713,#1714,#1715,#1716,#1717,#1718,#1719,#1720,#1721,#1722,#1723,
#1724,#1725,#1726,#1727,#1728,#1729,#1730,#1731,#1732));
#662=EDGE_LOOP('',(#1733,#1734,#1735,#1736,#1737,#1738));
#663=EDGE_LOOP('',(#1739,#1740,#1741,#1742,#1743,#1744,#1745,#1746));
#664=EDGE_LOOP('',(#1747,#1748,#1749,#1750));
#665=EDGE_LOOP('',(#1751,#1752,#1753,#1754,#1755,#1756,#1757,#1758,#1759,
#1760,#1761,#1762,#1763,#1764,#1765,#1766,#1767,#1768,#1769,#1770,#1771));
#666=EDGE_LOOP('',(#1772,#1773,#1774));
#667=EDGE_LOOP('',(#1775,#1776));
#668=EDGE_LOOP('',(#1777,#1778));
#669=EDGE_LOOP('',(#1779,#1780));
#670=EDGE_LOOP('',(#1781,#1782));
#671=EDGE_LOOP('',(#1783,#1784,#1785,#1786));
#672=EDGE_LOOP('',(#1787,#1788,#1789,#1790));
#673=EDGE_LOOP('',(#1791,#1792,#1793,#1794));
#674=EDGE_LOOP('',(#1795,#1796,#1797,#1798));
#675=EDGE_LOOP('',(#1799,#1800,#1801,#1802));
#676=EDGE_LOOP('',(#1803,#1804,#1805,#1806));
#677=EDGE_LOOP('',(#1807,#1808,#1809,#1810));
#678=EDGE_LOOP('',(#1811,#1812,#1813,#1814));
#679=EDGE_LOOP('',(#1815,#1816,#1817,#1818,#1819,#1820,#1821,#1822,#1823,
#1824,#1825,#1826,#1827,#1828,#1829,#1830,#1831,#1832,#1833,#1834,#1835,
#1836,#1837,#1838,#1839,#1840,#1841,#1842));
#680=EDGE_LOOP('',(#1843,#1844,#1845,#1846,#1847,#1848,#1849,#1850,#1851,
#1852,#1853,#1854,#1855,#1856,#1857,#1858,#1859,#1860,#1861,#1862,#1863,
#1864,#1865,#1866,#1867,#1868,#1869,#1870,#1871,#1872));
#681=EDGE_LOOP('',(#1873,#1874,#1875,#1876,#1877,#1878));
#682=EDGE_LOOP('',(#1879,#1880,#1881,#1882));
#683=ORIENTED_EDGE('',*,*,#2452,.F.);
#684=ORIENTED_EDGE('',*,*,#1883,.F.);
#685=ORIENTED_EDGE('',*,*,#2451,.T.);
#686=ORIENTED_EDGE('',*,*,#2453,.T.);
#687=ORIENTED_EDGE('',*,*,#1884,.F.);
#688=ORIENTED_EDGE('',*,*,#1883,.T.);
#689=ORIENTED_EDGE('',*,*,#1885,.F.);
#690=ORIENTED_EDGE('',*,*,#1886,.T.);
#691=ORIENTED_EDGE('',*,*,#1887,.T.);
#692=ORIENTED_EDGE('',*,*,#2454,.F.);
#693=ORIENTED_EDGE('',*,*,#2456,.T.);
#694=ORIENTED_EDGE('',*,*,#1890,.F.);
#695=ORIENTED_EDGE('',*,*,#1889,.F.);
#696=ORIENTED_EDGE('',*,*,#1888,.T.);
#697=ORIENTED_EDGE('',*,*,#2457,.F.);
#698=ORIENTED_EDGE('',*,*,#1888,.F.);
#699=ORIENTED_EDGE('',*,*,#2459,.T.);
#700=ORIENTED_EDGE('',*,*,#1892,.F.);
#701=ORIENTED_EDGE('',*,*,#1891,.F.);
#702=ORIENTED_EDGE('',*,*,#1890,.T.);
#703=ORIENTED_EDGE('',*,*,#1893,.T.);
#704=ORIENTED_EDGE('',*,*,#2462,.T.);
#705=ORIENTED_EDGE('',*,*,#1893,.F.);
#706=ORIENTED_EDGE('',*,*,#1894,.T.);
#707=ORIENTED_EDGE('',*,*,#2463,.F.);
#708=ORIENTED_EDGE('',*,*,#2461,.F.);
#709=ORIENTED_EDGE('',*,*,#2464,.T.);
#710=ORIENTED_EDGE('',*,*,#1897,.F.);
#711=ORIENTED_EDGE('',*,*,#1896,.F.);
#712=ORIENTED_EDGE('',*,*,#1895,.T.);
#713=ORIENTED_EDGE('',*,*,#1898,.F.);
#714=ORIENTED_EDGE('',*,*,#1899,.T.);
#715=ORIENTED_EDGE('',*,*,#1900,.T.);
#716=ORIENTED_EDGE('',*,*,#2466,.F.);
#717=ORIENTED_EDGE('',*,*,#1898,.T.);
#718=ORIENTED_EDGE('',*,*,#2467,.T.);
#719=ORIENTED_EDGE('',*,*,#1900,.F.);
#720=ORIENTED_EDGE('',*,*,#1901,.T.);
#721=ORIENTED_EDGE('',*,*,#1902,.T.);
#722=ORIENTED_EDGE('',*,*,#2469,.F.);
#723=ORIENTED_EDGE('',*,*,#1906,.T.);
#724=ORIENTED_EDGE('',*,*,#1907,.T.);
#725=ORIENTED_EDGE('',*,*,#1909,.F.);
#726=ORIENTED_EDGE('',*,*,#1908,.F.);
#727=ORIENTED_EDGE('',*,*,#1904,.T.);
#728=ORIENTED_EDGE('',*,*,#1910,.F.);
#729=ORIENTED_EDGE('',*,*,#1903,.T.);
#730=ORIENTED_EDGE('',*,*,#1909,.T.);
#731=ORIENTED_EDGE('',*,*,#1905,.T.);
#732=ORIENTED_EDGE('',*,*,#1910,.T.);
#733=ORIENTED_EDGE('',*,*,#1914,.T.);
#734=ORIENTED_EDGE('',*,*,#1907,.F.);
#735=ORIENTED_EDGE('',*,*,#1913,.F.);
#736=ORIENTED_EDGE('',*,*,#1915,.T.);
#737=ORIENTED_EDGE('',*,*,#1912,.F.);
#738=ORIENTED_EDGE('',*,*,#1908,.T.);
#739=ORIENTED_EDGE('',*,*,#1915,.F.);
#740=ORIENTED_EDGE('',*,*,#1905,.F.);
#741=ORIENTED_EDGE('',*,*,#1914,.F.);
#742=ORIENTED_EDGE('',*,*,#1911,.F.);
#743=ORIENTED_EDGE('',*,*,#1938,.T.);
#744=ORIENTED_EDGE('',*,*,#1918,.F.);
#745=ORIENTED_EDGE('',*,*,#1916,.T.);
#746=ORIENTED_EDGE('',*,*,#1917,.T.);
#747=ORIENTED_EDGE('',*,*,#1939,.T.);
#748=ORIENTED_EDGE('',*,*,#1917,.F.);
#749=ORIENTED_EDGE('',*,*,#1919,.T.);
#750=ORIENTED_EDGE('',*,*,#1920,.T.);
#751=ORIENTED_EDGE('',*,*,#1963,.T.);
#752=ORIENTED_EDGE('',*,*,#1923,.T.);
#753=ORIENTED_EDGE('',*,*,#1924,.T.);
#754=ORIENTED_EDGE('',*,*,#2436,.F.);
#755=ORIENTED_EDGE('',*,*,#1925,.F.);
#756=ORIENTED_EDGE('',*,*,#1927,.F.);
#757=ORIENTED_EDGE('',*,*,#2437,.F.);
#758=ORIENTED_EDGE('',*,*,#1929,.F.);
#759=ORIENTED_EDGE('',*,*,#1928,.F.);
#760=ORIENTED_EDGE('',*,*,#1926,.T.);
#761=ORIENTED_EDGE('',*,*,#1922,.F.);
#762=ORIENTED_EDGE('',*,*,#1933,.T.);
#763=ORIENTED_EDGE('',*,*,#1930,.T.);
#764=ORIENTED_EDGE('',*,*,#1934,.T.);
#765=ORIENTED_EDGE('',*,*,#1931,.F.);
#766=ORIENTED_EDGE('',*,*,#1936,.F.);
#767=ORIENTED_EDGE('',*,*,#1926,.F.);
#768=ORIENTED_EDGE('',*,*,#1932,.F.);
#769=ORIENTED_EDGE('',*,*,#1923,.F.);
#770=ORIENTED_EDGE('',*,*,#1935,.F.);
#771=ORIENTED_EDGE('',*,*,#1930,.F.);
#772=ORIENTED_EDGE('',*,*,#1924,.F.);
#773=ORIENTED_EDGE('',*,*,#1932,.T.);
#774=ORIENTED_EDGE('',*,*,#1928,.T.);
#775=ORIENTED_EDGE('',*,*,#1941,.F.);
#776=ORIENTED_EDGE('',*,*,#1927,.T.);
#777=ORIENTED_EDGE('',*,*,#2378,.F.);
#778=ORIENTED_EDGE('',*,*,#1934,.F.);
#779=ORIENTED_EDGE('',*,*,#1935,.T.);
#780=ORIENTED_EDGE('',*,*,#1922,.T.);
#781=ORIENTED_EDGE('',*,*,#1936,.T.);
#782=ORIENTED_EDGE('',*,*,#1933,.F.);
#783=ORIENTED_EDGE('',*,*,#1937,.F.);
#784=ORIENTED_EDGE('',*,*,#1944,.T.);
#785=ORIENTED_EDGE('',*,*,#1943,.T.);
#786=ORIENTED_EDGE('',*,*,#1964,.F.);
#787=ORIENTED_EDGE('',*,*,#1942,.F.);
#788=ORIENTED_EDGE('',*,*,#1948,.F.);
#789=ORIENTED_EDGE('',*,*,#1965,.T.);
#790=ORIENTED_EDGE('',*,*,#1946,.F.);
#791=ORIENTED_EDGE('',*,*,#1950,.F.);
#792=ORIENTED_EDGE('',*,*,#1945,.T.);
#793=ORIENTED_EDGE('',*,*,#1962,.T.);
#794=ORIENTED_EDGE('',*,*,#1961,.F.);
#795=ORIENTED_EDGE('',*,*,#1946,.T.);
#796=ORIENTED_EDGE('',*,*,#1947,.T.);
#797=ORIENTED_EDGE('',*,*,#1944,.F.);
#798=ORIENTED_EDGE('',*,*,#1951,.F.);
#799=ORIENTED_EDGE('',*,*,#1969,.T.);
#800=ORIENTED_EDGE('',*,*,#1953,.T.);
#801=ORIENTED_EDGE('',*,*,#1971,.F.);
#802=ORIENTED_EDGE('',*,*,#2329,.F.);
#803=ORIENTED_EDGE('',*,*,#2330,.F.);
#804=ORIENTED_EDGE('',*,*,#2304,.F.);
#805=ORIENTED_EDGE('',*,*,#2305,.F.);
#806=ORIENTED_EDGE('',*,*,#2439,.F.);
#807=ORIENTED_EDGE('',*,*,#2440,.F.);
#808=ORIENTED_EDGE('',*,*,#1958,.F.);
#809=ORIENTED_EDGE('',*,*,#1971,.T.);
#810=ORIENTED_EDGE('',*,*,#1954,.T.);
#811=ORIENTED_EDGE('',*,*,#1967,.F.);
#812=ORIENTED_EDGE('',*,*,#1959,.F.);
#813=ORIENTED_EDGE('',*,*,#1960,.T.);
#814=ORIENTED_EDGE('',*,*,#1945,.F.);
#815=ORIENTED_EDGE('',*,*,#1949,.F.);
#816=ORIENTED_EDGE('',*,*,#1942,.T.);
#817=ORIENTED_EDGE('',*,*,#1967,.T.);
#818=ORIENTED_EDGE('',*,*,#1952,.T.);
#819=ORIENTED_EDGE('',*,*,#1961,.T.);
#820=ORIENTED_EDGE('',*,*,#1966,.F.);
#821=ORIENTED_EDGE('',*,*,#1956,.F.);
#822=ORIENTED_EDGE('',*,*,#2441,.F.);
#823=ORIENTED_EDGE('',*,*,#2442,.F.);
#824=ORIENTED_EDGE('',*,*,#2302,.F.);
#825=ORIENTED_EDGE('',*,*,#2303,.F.);
#826=ORIENTED_EDGE('',*,*,#2327,.F.);
#827=ORIENTED_EDGE('',*,*,#2328,.F.);
#828=ORIENTED_EDGE('',*,*,#1957,.F.);
#829=ORIENTED_EDGE('',*,*,#1964,.T.);
#830=ORIENTED_EDGE('',*,*,#1970,.T.);
#831=ORIENTED_EDGE('',*,*,#1969,.F.);
#832=ORIENTED_EDGE('',*,*,#1963,.F.);
#833=ORIENTED_EDGE('',*,*,#1968,.F.);
#834=ORIENTED_EDGE('',*,*,#2446,.T.);
#835=ORIENTED_EDGE('',*,*,#2438,.T.);
#836=ORIENTED_EDGE('',*,*,#1966,.T.);
#837=ORIENTED_EDGE('',*,*,#1962,.F.);
#838=ORIENTED_EDGE('',*,*,#1960,.F.);
#839=ORIENTED_EDGE('',*,*,#1968,.T.);
#840=ORIENTED_EDGE('',*,*,#1955,.T.);
#841=ORIENTED_EDGE('',*,*,#1947,.F.);
#842=ORIENTED_EDGE('',*,*,#1965,.F.);
#843=ORIENTED_EDGE('',*,*,#1952,.F.);
#844=ORIENTED_EDGE('',*,*,#1954,.F.);
#845=ORIENTED_EDGE('',*,*,#1953,.F.);
#846=ORIENTED_EDGE('',*,*,#1970,.F.);
#847=ORIENTED_EDGE('',*,*,#1943,.F.);
#848=ORIENTED_EDGE('',*,*,#2471,.T.);
#849=ORIENTED_EDGE('',*,*,#2040,.F.);
#850=ORIENTED_EDGE('',*,*,#2039,.T.);
#851=ORIENTED_EDGE('',*,*,#2054,.T.);
#852=ORIENTED_EDGE('',*,*,#2059,.T.);
#853=ORIENTED_EDGE('',*,*,#2061,.F.);
#854=ORIENTED_EDGE('',*,*,#2060,.T.);
#855=ORIENTED_EDGE('',*,*,#2075,.T.);
#856=ORIENTED_EDGE('',*,*,#2080,.T.);
#857=ORIENTED_EDGE('',*,*,#2082,.F.);
#858=ORIENTED_EDGE('',*,*,#2081,.T.);
#859=ORIENTED_EDGE('',*,*,#2096,.T.);
#860=ORIENTED_EDGE('',*,*,#2101,.T.);
#861=ORIENTED_EDGE('',*,*,#2103,.F.);
#862=ORIENTED_EDGE('',*,*,#2102,.T.);
#863=ORIENTED_EDGE('',*,*,#2117,.T.);
#864=ORIENTED_EDGE('',*,*,#2122,.T.);
#865=ORIENTED_EDGE('',*,*,#2124,.F.);
#866=ORIENTED_EDGE('',*,*,#2123,.T.);
#867=ORIENTED_EDGE('',*,*,#2138,.T.);
#868=ORIENTED_EDGE('',*,*,#2143,.T.);
#869=ORIENTED_EDGE('',*,*,#2145,.F.);
#870=ORIENTED_EDGE('',*,*,#2144,.T.);
#871=ORIENTED_EDGE('',*,*,#2159,.T.);
#872=ORIENTED_EDGE('',*,*,#2164,.T.);
#873=ORIENTED_EDGE('',*,*,#2167,.F.);
#874=ORIENTED_EDGE('',*,*,#1972,.F.);
#875=ORIENTED_EDGE('',*,*,#1973,.T.);
#876=ORIENTED_EDGE('',*,*,#2307,.T.);
#877=ORIENTED_EDGE('',*,*,#2306,.T.);
#878=ORIENTED_EDGE('',*,*,#2213,.T.);
#879=ORIENTED_EDGE('',*,*,#2265,.T.);
#880=ORIENTED_EDGE('',*,*,#1981,.T.);
#881=ORIENTED_EDGE('',*,*,#2277,.F.);
#882=ORIENTED_EDGE('',*,*,#1984,.F.);
#883=ORIENTED_EDGE('',*,*,#2011,.F.);
#884=ORIENTED_EDGE('',*,*,#2002,.F.);
#885=ORIENTED_EDGE('',*,*,#2055,.F.);
#886=ORIENTED_EDGE('',*,*,#2275,.T.);
#887=ORIENTED_EDGE('',*,*,#1985,.T.);
#888=ORIENTED_EDGE('',*,*,#2225,.F.);
#889=ORIENTED_EDGE('',*,*,#2219,.T.);
#890=ORIENTED_EDGE('',*,*,#2011,.T.);
#891=ORIENTED_EDGE('',*,*,#1988,.F.);
#892=ORIENTED_EDGE('',*,*,#2010,.F.);
#893=ORIENTED_EDGE('',*,*,#2006,.F.);
#894=ORIENTED_EDGE('',*,*,#2184,.F.);
#895=ORIENTED_EDGE('',*,*,#1986,.F.);
#896=ORIENTED_EDGE('',*,*,#1976,.F.);
#897=ORIENTED_EDGE('',*,*,#1995,.F.);
#898=ORIENTED_EDGE('',*,*,#1979,.T.);
#899=ORIENTED_EDGE('',*,*,#1988,.T.);
#900=ORIENTED_EDGE('',*,*,#1984,.T.);
#901=ORIENTED_EDGE('',*,*,#2183,.F.);
#902=ORIENTED_EDGE('',*,*,#1982,.F.);
#903=ORIENTED_EDGE('',*,*,#2047,.T.);
#904=ORIENTED_EDGE('',*,*,#2231,.T.);
#905=ORIENTED_EDGE('',*,*,#2065,.T.);
#906=ORIENTED_EDGE('',*,*,#2283,.F.);
#907=ORIENTED_EDGE('',*,*,#1990,.F.);
#908=ORIENTED_EDGE('',*,*,#1987,.F.);
#909=ORIENTED_EDGE('',*,*,#1993,.T.);
#910=ORIENTED_EDGE('',*,*,#2215,.F.);
#911=ORIENTED_EDGE('',*,*,#2274,.F.);
#912=ORIENTED_EDGE('',*,*,#1981,.F.);
#913=ORIENTED_EDGE('',*,*,#2262,.F.);
#914=ORIENTED_EDGE('',*,*,#1983,.T.);
#915=ORIENTED_EDGE('',*,*,#1987,.T.);
#916=ORIENTED_EDGE('',*,*,#1978,.T.);
#917=ORIENTED_EDGE('',*,*,#1994,.F.);
#918=ORIENTED_EDGE('',*,*,#1975,.F.);
#919=ORIENTED_EDGE('',*,*,#1985,.F.);
#920=ORIENTED_EDGE('',*,*,#1977,.T.);
#921=ORIENTED_EDGE('',*,*,#1994,.T.);
#922=ORIENTED_EDGE('',*,*,#1980,.F.);
#923=ORIENTED_EDGE('',*,*,#1995,.T.);
#924=ORIENTED_EDGE('',*,*,#1992,.F.);
#925=ORIENTED_EDGE('',*,*,#2008,.F.);
#926=ORIENTED_EDGE('',*,*,#2118,.F.);
#927=ORIENTED_EDGE('',*,*,#2002,.T.);
#928=ORIENTED_EDGE('',*,*,#2006,.T.);
#929=ORIENTED_EDGE('',*,*,#1999,.T.);
#930=ORIENTED_EDGE('',*,*,#2015,.F.);
#931=ORIENTED_EDGE('',*,*,#1996,.F.);
#932=ORIENTED_EDGE('',*,*,#2004,.F.);
#933=ORIENTED_EDGE('',*,*,#2119,.F.);
#934=ORIENTED_EDGE('',*,*,#2005,.F.);
#935=ORIENTED_EDGE('',*,*,#1997,.F.);
#936=ORIENTED_EDGE('',*,*,#2016,.F.);
#937=ORIENTED_EDGE('',*,*,#2000,.T.);
#938=ORIENTED_EDGE('',*,*,#2007,.T.);
#939=ORIENTED_EDGE('',*,*,#2003,.T.);
#940=ORIENTED_EDGE('',*,*,#2097,.F.);
#941=ORIENTED_EDGE('',*,*,#2009,.F.);
#942=ORIENTED_EDGE('',*,*,#2114,.F.);
#943=ORIENTED_EDGE('',*,*,#2137,.F.);
#944=ORIENTED_EDGE('',*,*,#2132,.F.);
#945=ORIENTED_EDGE('',*,*,#2245,.F.);
#946=ORIENTED_EDGE('',*,*,#2280,.T.);
#947=ORIENTED_EDGE('',*,*,#2218,.T.);
#948=ORIENTED_EDGE('',*,*,#2204,.F.);
#949=ORIENTED_EDGE('',*,*,#2198,.T.);
#950=ORIENTED_EDGE('',*,*,#2224,.T.);
#951=ORIENTED_EDGE('',*,*,#2194,.F.);
#952=ORIENTED_EDGE('',*,*,#2223,.F.);
#953=ORIENTED_EDGE('',*,*,#2214,.F.);
#954=ORIENTED_EDGE('',*,*,#1982,.T.);
#955=ORIENTED_EDGE('',*,*,#1991,.T.);
#956=ORIENTED_EDGE('',*,*,#2008,.T.);
#957=ORIENTED_EDGE('',*,*,#2227,.F.);
#958=ORIENTED_EDGE('',*,*,#1998,.T.);
#959=ORIENTED_EDGE('',*,*,#2015,.T.);
#960=ORIENTED_EDGE('',*,*,#2001,.F.);
#961=ORIENTED_EDGE('',*,*,#2016,.T.);
#962=ORIENTED_EDGE('',*,*,#2098,.F.);
#963=ORIENTED_EDGE('',*,*,#2024,.F.);
#964=ORIENTED_EDGE('',*,*,#2018,.F.);
#965=ORIENTED_EDGE('',*,*,#2037,.F.);
#966=ORIENTED_EDGE('',*,*,#2021,.T.);
#967=ORIENTED_EDGE('',*,*,#2026,.T.);
#968=ORIENTED_EDGE('',*,*,#2030,.T.);
#969=ORIENTED_EDGE('',*,*,#2226,.F.);
#970=ORIENTED_EDGE('',*,*,#2028,.F.);
#971=ORIENTED_EDGE('',*,*,#2289,.T.);
#972=ORIENTED_EDGE('',*,*,#2088,.T.);
#973=ORIENTED_EDGE('',*,*,#2075,.F.);
#974=ORIENTED_EDGE('',*,*,#2070,.T.);
#975=ORIENTED_EDGE('',*,*,#2032,.T.);
#976=ORIENTED_EDGE('',*,*,#2007,.F.);
#977=ORIENTED_EDGE('',*,*,#2031,.F.);
#978=ORIENTED_EDGE('',*,*,#2025,.F.);
#979=ORIENTED_EDGE('',*,*,#2009,.T.);
#980=ORIENTED_EDGE('',*,*,#2139,.T.);
#981=ORIENTED_EDGE('',*,*,#2027,.T.);
#982=ORIENTED_EDGE('',*,*,#2140,.F.);
#983=ORIENTED_EDGE('',*,*,#2003,.F.);
#984=ORIENTED_EDGE('',*,*,#2032,.F.);
#985=ORIENTED_EDGE('',*,*,#2029,.F.);
#986=ORIENTED_EDGE('',*,*,#2160,.F.);
#987=ORIENTED_EDGE('',*,*,#2077,.F.);
#988=ORIENTED_EDGE('',*,*,#2027,.F.);
#989=ORIENTED_EDGE('',*,*,#2205,.F.);
#990=ORIENTED_EDGE('',*,*,#2029,.T.);
#991=ORIENTED_EDGE('',*,*,#2025,.T.);
#992=ORIENTED_EDGE('',*,*,#2020,.T.);
#993=ORIENTED_EDGE('',*,*,#2036,.F.);
#994=ORIENTED_EDGE('',*,*,#2017,.F.);
#995=ORIENTED_EDGE('',*,*,#2023,.F.);
#996=ORIENTED_EDGE('',*,*,#2019,.T.);
#997=ORIENTED_EDGE('',*,*,#2036,.T.);
#998=ORIENTED_EDGE('',*,*,#2022,.F.);
#999=ORIENTED_EDGE('',*,*,#2037,.T.);
#1000=ORIENTED_EDGE('',*,*,#2056,.F.);
#1001=ORIENTED_EDGE('',*,*,#2046,.F.);
#1002=ORIENTED_EDGE('',*,*,#2034,.F.);
#1003=ORIENTED_EDGE('',*,*,#2048,.T.);
#1004=ORIENTED_EDGE('',*,*,#2044,.T.);
#1005=ORIENTED_EDGE('',*,*,#2041,.T.);
#1006=ORIENTED_EDGE('',*,*,#2057,.F.);
#1007=ORIENTED_EDGE('',*,*,#2038,.F.);
#1008=ORIENTED_EDGE('',*,*,#2050,.F.);
#1009=ORIENTED_EDGE('',*,*,#2282,.F.);
#1010=ORIENTED_EDGE('',*,*,#2051,.F.);
#1011=ORIENTED_EDGE('',*,*,#2039,.F.);
#1012=ORIENTED_EDGE('',*,*,#2058,.F.);
#1013=ORIENTED_EDGE('',*,*,#2042,.T.);
#1014=ORIENTED_EDGE('',*,*,#2045,.T.);
#1015=ORIENTED_EDGE('',*,*,#2049,.T.);
#1016=ORIENTED_EDGE('',*,*,#2230,.F.);
#1017=ORIENTED_EDGE('',*,*,#2047,.F.);
#1018=ORIENTED_EDGE('',*,*,#2093,.T.);
#1019=ORIENTED_EDGE('',*,*,#2239,.T.);
#1020=ORIENTED_EDGE('',*,*,#2111,.T.);
#1021=ORIENTED_EDGE('',*,*,#2291,.F.);
#1022=ORIENTED_EDGE('',*,*,#2158,.T.);
#1023=ORIENTED_EDGE('',*,*,#2129,.F.);
#1024=ORIENTED_EDGE('',*,*,#2157,.F.);
#1025=ORIENTED_EDGE('',*,*,#2155,.F.);
#1026=ORIENTED_EDGE('',*,*,#2087,.F.);
#1027=ORIENTED_EDGE('',*,*,#2116,.F.);
#1028=ORIENTED_EDGE('',*,*,#2113,.F.);
#1029=ORIENTED_EDGE('',*,*,#2241,.F.);
#1030=ORIENTED_EDGE('',*,*,#2161,.T.);
#1031=ORIENTED_EDGE('',*,*,#2004,.T.);
#1032=ORIENTED_EDGE('',*,*,#1989,.F.);
#1033=ORIENTED_EDGE('',*,*,#1986,.T.);
#1034=ORIENTED_EDGE('',*,*,#2040,.T.);
#1035=ORIENTED_EDGE('',*,*,#2472,.T.);
#1036=ORIENTED_EDGE('',*,*,#2057,.T.);
#1037=ORIENTED_EDGE('',*,*,#2476,.F.);
#1038=ORIENTED_EDGE('',*,*,#2043,.F.);
#1039=ORIENTED_EDGE('',*,*,#2058,.T.);
#1040=ORIENTED_EDGE('',*,*,#2286,.F.);
#1041=ORIENTED_EDGE('',*,*,#2070,.F.);
#1042=ORIENTED_EDGE('',*,*,#2060,.F.);
#1043=ORIENTED_EDGE('',*,*,#2079,.F.);
#1044=ORIENTED_EDGE('',*,*,#2063,.T.);
#1045=ORIENTED_EDGE('',*,*,#2072,.T.);
#1046=ORIENTED_EDGE('',*,*,#2068,.T.);
#1047=ORIENTED_EDGE('',*,*,#2234,.F.);
#1048=ORIENTED_EDGE('',*,*,#2066,.F.);
#1049=ORIENTED_EDGE('',*,*,#2112,.T.);
#1050=ORIENTED_EDGE('',*,*,#2243,.T.);
#1051=ORIENTED_EDGE('',*,*,#2130,.T.);
#1052=ORIENTED_EDGE('',*,*,#2295,.F.);
#1053=ORIENTED_EDGE('',*,*,#2133,.F.);
#1054=ORIENTED_EDGE('',*,*,#2158,.F.);
#1055=ORIENTED_EDGE('',*,*,#2151,.F.);
#1056=ORIENTED_EDGE('',*,*,#2249,.F.);
#1057=ORIENTED_EDGE('',*,*,#2281,.T.);
#1058=ORIENTED_EDGE('',*,*,#2050,.T.);
#1059=ORIENTED_EDGE('',*,*,#2033,.F.);
#1060=ORIENTED_EDGE('',*,*,#2024,.T.);
#1061=ORIENTED_EDGE('',*,*,#2053,.T.);
#1062=ORIENTED_EDGE('',*,*,#2026,.F.);
#1063=ORIENTED_EDGE('',*,*,#2052,.F.);
#1064=ORIENTED_EDGE('',*,*,#2044,.F.);
#1065=ORIENTED_EDGE('',*,*,#2284,.F.);
#1066=ORIENTED_EDGE('',*,*,#2065,.F.);
#1067=ORIENTED_EDGE('',*,*,#2232,.F.);
#1068=ORIENTED_EDGE('',*,*,#2067,.T.);
#1069=ORIENTED_EDGE('',*,*,#2071,.T.);
#1070=ORIENTED_EDGE('',*,*,#2062,.T.);
#1071=ORIENTED_EDGE('',*,*,#2078,.F.);
#1072=ORIENTED_EDGE('',*,*,#2059,.F.);
#1073=ORIENTED_EDGE('',*,*,#2069,.F.);
#1074=ORIENTED_EDGE('',*,*,#2061,.T.);
#1075=ORIENTED_EDGE('',*,*,#2078,.T.);
#1076=ORIENTED_EDGE('',*,*,#2064,.F.);
#1077=ORIENTED_EDGE('',*,*,#2079,.T.);
#1078=ORIENTED_EDGE('',*,*,#2288,.F.);
#1079=ORIENTED_EDGE('',*,*,#2092,.F.);
#1080=ORIENTED_EDGE('',*,*,#2236,.F.);
#1081=ORIENTED_EDGE('',*,*,#2086,.T.);
#1082=ORIENTED_EDGE('',*,*,#2090,.T.);
#1083=ORIENTED_EDGE('',*,*,#2083,.T.);
#1084=ORIENTED_EDGE('',*,*,#2099,.F.);
#1085=ORIENTED_EDGE('',*,*,#2080,.F.);
#1086=ORIENTED_EDGE('',*,*,#2088,.F.);
#1087=ORIENTED_EDGE('',*,*,#2290,.F.);
#1088=ORIENTED_EDGE('',*,*,#2089,.F.);
#1089=ORIENTED_EDGE('',*,*,#2081,.F.);
#1090=ORIENTED_EDGE('',*,*,#2100,.F.);
#1091=ORIENTED_EDGE('',*,*,#2084,.T.);
#1092=ORIENTED_EDGE('',*,*,#2091,.T.);
#1093=ORIENTED_EDGE('',*,*,#2087,.T.);
#1094=ORIENTED_EDGE('',*,*,#2238,.F.);
#1095=ORIENTED_EDGE('',*,*,#2093,.F.);
#1096=ORIENTED_EDGE('',*,*,#2217,.F.);
#1097=ORIENTED_EDGE('',*,*,#1993,.F.);
#1098=ORIENTED_EDGE('',*,*,#1983,.F.);
#1099=ORIENTED_EDGE('',*,*,#2263,.F.);
#1100=ORIENTED_EDGE('',*,*,#2285,.T.);
#1101=ORIENTED_EDGE('',*,*,#2069,.T.);
#1102=ORIENTED_EDGE('',*,*,#2054,.F.);
#1103=ORIENTED_EDGE('',*,*,#2051,.T.);
#1104=ORIENTED_EDGE('',*,*,#2116,.T.);
#1105=ORIENTED_EDGE('',*,*,#2091,.F.);
#1106=ORIENTED_EDGE('',*,*,#2115,.F.);
#1107=ORIENTED_EDGE('',*,*,#2109,.F.);
#1108=ORIENTED_EDGE('',*,*,#2028,.T.);
#1109=ORIENTED_EDGE('',*,*,#2013,.T.);
#1110=ORIENTED_EDGE('',*,*,#2046,.T.);
#1111=ORIENTED_EDGE('',*,*,#2035,.F.);
#1112=ORIENTED_EDGE('',*,*,#2082,.T.);
#1113=ORIENTED_EDGE('',*,*,#2099,.T.);
#1114=ORIENTED_EDGE('',*,*,#2085,.F.);
#1115=ORIENTED_EDGE('',*,*,#2100,.T.);
#1116=ORIENTED_EDGE('',*,*,#2294,.F.);
#1117=ORIENTED_EDGE('',*,*,#2108,.F.);
#1118=ORIENTED_EDGE('',*,*,#2102,.F.);
#1119=ORIENTED_EDGE('',*,*,#2121,.F.);
#1120=ORIENTED_EDGE('',*,*,#2105,.T.);
#1121=ORIENTED_EDGE('',*,*,#2110,.T.);
#1122=ORIENTED_EDGE('',*,*,#2114,.T.);
#1123=ORIENTED_EDGE('',*,*,#2242,.F.);
#1124=ORIENTED_EDGE('',*,*,#2112,.F.);
#1125=ORIENTED_EDGE('',*,*,#2269,.T.);
#1126=ORIENTED_EDGE('',*,*,#2176,.T.);
#1127=ORIENTED_EDGE('',*,*,#2159,.F.);
#1128=ORIENTED_EDGE('',*,*,#2154,.T.);
#1129=ORIENTED_EDGE('',*,*,#2095,.T.);
#1130=ORIENTED_EDGE('',*,*,#2072,.F.);
#1131=ORIENTED_EDGE('',*,*,#2094,.F.);
#1132=ORIENTED_EDGE('',*,*,#2090,.F.);
#1133=ORIENTED_EDGE('',*,*,#2066,.T.);
#1134=ORIENTED_EDGE('',*,*,#2235,.T.);
#1135=ORIENTED_EDGE('',*,*,#2092,.T.);
#1136=ORIENTED_EDGE('',*,*,#2287,.F.);
#1137=ORIENTED_EDGE('',*,*,#2152,.F.);
#1138=ORIENTED_EDGE('',*,*,#2185,.F.);
#1139=ORIENTED_EDGE('',*,*,#2174,.F.);
#1140=ORIENTED_EDGE('',*,*,#2253,.F.);
#1141=ORIENTED_EDGE('',*,*,#2292,.F.);
#1142=ORIENTED_EDGE('',*,*,#2111,.F.);
#1143=ORIENTED_EDGE('',*,*,#2240,.F.);
#1144=ORIENTED_EDGE('',*,*,#2113,.T.);
#1145=ORIENTED_EDGE('',*,*,#2109,.T.);
#1146=ORIENTED_EDGE('',*,*,#2104,.T.);
#1147=ORIENTED_EDGE('',*,*,#2120,.F.);
#1148=ORIENTED_EDGE('',*,*,#2101,.F.);
#1149=ORIENTED_EDGE('',*,*,#2107,.F.);
#1150=ORIENTED_EDGE('',*,*,#2103,.T.);
#1151=ORIENTED_EDGE('',*,*,#2120,.T.);
#1152=ORIENTED_EDGE('',*,*,#2106,.F.);
#1153=ORIENTED_EDGE('',*,*,#2121,.T.);
#1154=ORIENTED_EDGE('',*,*,#2296,.F.);
#1155=ORIENTED_EDGE('',*,*,#2130,.F.);
#1156=ORIENTED_EDGE('',*,*,#2244,.F.);
#1157=ORIENTED_EDGE('',*,*,#2132,.T.);
#1158=ORIENTED_EDGE('',*,*,#2128,.T.);
#1159=ORIENTED_EDGE('',*,*,#2125,.T.);
#1160=ORIENTED_EDGE('',*,*,#2141,.F.);
#1161=ORIENTED_EDGE('',*,*,#2122,.F.);
#1162=ORIENTED_EDGE('',*,*,#2134,.F.);
#1163=ORIENTED_EDGE('',*,*,#2298,.F.);
#1164=ORIENTED_EDGE('',*,*,#2135,.F.);
#1165=ORIENTED_EDGE('',*,*,#2123,.F.);
#1166=ORIENTED_EDGE('',*,*,#2142,.F.);
#1167=ORIENTED_EDGE('',*,*,#2126,.T.);
#1168=ORIENTED_EDGE('',*,*,#2129,.T.);
#1169=ORIENTED_EDGE('',*,*,#2133,.T.);
#1170=ORIENTED_EDGE('',*,*,#2246,.F.);
#1171=ORIENTED_EDGE('',*,*,#2131,.F.);
#1172=ORIENTED_EDGE('',*,*,#2192,.T.);
#1173=ORIENTED_EDGE('',*,*,#2259,.T.);
#1174=ORIENTED_EDGE('',*,*,#2212,.T.);
#1175=ORIENTED_EDGE('',*,*,#2278,.F.);
#1176=ORIENTED_EDGE('',*,*,#2175,.F.);
#1177=ORIENTED_EDGE('',*,*,#2203,.F.);
#1178=ORIENTED_EDGE('',*,*,#2195,.F.);
#1179=ORIENTED_EDGE('',*,*,#2257,.F.);
#1180=ORIENTED_EDGE('',*,*,#2014,.T.);
#1181=ORIENTED_EDGE('',*,*,#2023,.T.);
#1182=ORIENTED_EDGE('',*,*,#2012,.F.);
#1183=ORIENTED_EDGE('',*,*,#2005,.T.);
#1184=ORIENTED_EDGE('',*,*,#2049,.F.);
#1185=ORIENTED_EDGE('',*,*,#2074,.F.);
#1186=ORIENTED_EDGE('',*,*,#2067,.F.);
#1187=ORIENTED_EDGE('',*,*,#2233,.F.);
#1188=ORIENTED_EDGE('',*,*,#2124,.T.);
#1189=ORIENTED_EDGE('',*,*,#2141,.T.);
#1190=ORIENTED_EDGE('',*,*,#2127,.F.);
#1191=ORIENTED_EDGE('',*,*,#2142,.T.);
#1192=ORIENTED_EDGE('',*,*,#2266,.F.);
#1193=ORIENTED_EDGE('',*,*,#2154,.F.);
#1194=ORIENTED_EDGE('',*,*,#2144,.F.);
#1195=ORIENTED_EDGE('',*,*,#2163,.F.);
#1196=ORIENTED_EDGE('',*,*,#2147,.T.);
#1197=ORIENTED_EDGE('',*,*,#2156,.T.);
#1198=ORIENTED_EDGE('',*,*,#2152,.T.);
#1199=ORIENTED_EDGE('',*,*,#2250,.F.);
#1200=ORIENTED_EDGE('',*,*,#2150,.F.);
#1201=ORIENTED_EDGE('',*,*,#2074,.T.);
#1202=ORIENTED_EDGE('',*,*,#2045,.F.);
#1203=ORIENTED_EDGE('',*,*,#2073,.F.);
#1204=ORIENTED_EDGE('',*,*,#2071,.F.);
#1205=ORIENTED_EDGE('',*,*,#2131,.T.);
#1206=ORIENTED_EDGE('',*,*,#2247,.T.);
#1207=ORIENTED_EDGE('',*,*,#2149,.T.);
#1208=ORIENTED_EDGE('',*,*,#2299,.F.);
#1209=ORIENTED_EDGE('',*,*,#2297,.T.);
#1210=ORIENTED_EDGE('',*,*,#2134,.T.);
#1211=ORIENTED_EDGE('',*,*,#2117,.F.);
#1212=ORIENTED_EDGE('',*,*,#2108,.T.);
#1213=ORIENTED_EDGE('',*,*,#2203,.T.);
#1214=ORIENTED_EDGE('',*,*,#2173,.F.);
#1215=ORIENTED_EDGE('',*,*,#2202,.F.);
#1216=ORIENTED_EDGE('',*,*,#2193,.F.);
#1217=ORIENTED_EDGE('',*,*,#2300,.F.);
#1218=ORIENTED_EDGE('',*,*,#2149,.F.);
#1219=ORIENTED_EDGE('',*,*,#2248,.F.);
#1220=ORIENTED_EDGE('',*,*,#2151,.T.);
#1221=ORIENTED_EDGE('',*,*,#2155,.T.);
#1222=ORIENTED_EDGE('',*,*,#2146,.T.);
#1223=ORIENTED_EDGE('',*,*,#2162,.F.);
#1224=ORIENTED_EDGE('',*,*,#2143,.F.);
#1225=ORIENTED_EDGE('',*,*,#2153,.F.);
#1226=ORIENTED_EDGE('',*,*,#2145,.T.);
#1227=ORIENTED_EDGE('',*,*,#2162,.T.);
#1228=ORIENTED_EDGE('',*,*,#2148,.F.);
#1229=ORIENTED_EDGE('',*,*,#2163,.T.);
#1230=ORIENTED_EDGE('',*,*,#2268,.F.);
#1231=ORIENTED_EDGE('',*,*,#2179,.F.);
#1232=ORIENTED_EDGE('',*,*,#2252,.F.);
#1233=ORIENTED_EDGE('',*,*,#2174,.T.);
#1234=ORIENTED_EDGE('',*,*,#2178,.T.);
#1235=ORIENTED_EDGE('',*,*,#2168,.T.);
#1236=ORIENTED_EDGE('',*,*,#2186,.F.);
#1237=ORIENTED_EDGE('',*,*,#2164,.F.);
#1238=ORIENTED_EDGE('',*,*,#2176,.F.);
#1239=ORIENTED_EDGE('',*,*,#2270,.F.);
#1240=ORIENTED_EDGE('',*,*,#2177,.F.);
#1241=ORIENTED_EDGE('',*,*,#2165,.F.);
#1242=ORIENTED_EDGE('',*,*,#2187,.F.);
#1243=ORIENTED_EDGE('',*,*,#2169,.T.);
#1244=ORIENTED_EDGE('',*,*,#2173,.T.);
#1245=ORIENTED_EDGE('',*,*,#2175,.T.);
#1246=ORIENTED_EDGE('',*,*,#2254,.F.);
#1247=ORIENTED_EDGE('',*,*,#2172,.F.);
#1248=ORIENTED_EDGE('',*,*,#2137,.T.);
#1249=ORIENTED_EDGE('',*,*,#2110,.F.);
#1250=ORIENTED_EDGE('',*,*,#2136,.F.);
#1251=ORIENTED_EDGE('',*,*,#2128,.F.);
#1252=ORIENTED_EDGE('',*,*,#2196,.F.);
#1253=ORIENTED_EDGE('',*,*,#2224,.F.);
#1254=ORIENTED_EDGE('',*,*,#2216,.F.);
#1255=ORIENTED_EDGE('',*,*,#2261,.F.);
#1256=ORIENTED_EDGE('',*,*,#2293,.T.);
#1257=ORIENTED_EDGE('',*,*,#2107,.T.);
#1258=ORIENTED_EDGE('',*,*,#2096,.F.);
#1259=ORIENTED_EDGE('',*,*,#2089,.T.);
#1260=ORIENTED_EDGE('',*,*,#2167,.T.);
#1261=ORIENTED_EDGE('',*,*,#2186,.T.);
#1262=ORIENTED_EDGE('',*,*,#2171,.F.);
#1263=ORIENTED_EDGE('',*,*,#2170,.F.);
#1264=ORIENTED_EDGE('',*,*,#2187,.T.);
#1265=ORIENTED_EDGE('',*,*,#2166,.T.);
#1266=ORIENTED_EDGE('',*,*,#2272,.F.);
#1267=ORIENTED_EDGE('',*,*,#2191,.F.);
#1268=ORIENTED_EDGE('',*,*,#2256,.F.);
#1269=ORIENTED_EDGE('',*,*,#2195,.T.);
#1270=ORIENTED_EDGE('',*,*,#2193,.T.);
#1271=ORIENTED_EDGE('',*,*,#2199,.T.);
#1272=ORIENTED_EDGE('',*,*,#2207,.F.);
#1273=ORIENTED_EDGE('',*,*,#2188,.F.);
#1274=ORIENTED_EDGE('',*,*,#2197,.F.);
#1275=ORIENTED_EDGE('',*,*,#2206,.F.);
#1276=ORIENTED_EDGE('',*,*,#2198,.F.);
#1277=ORIENTED_EDGE('',*,*,#2189,.F.);
#1278=ORIENTED_EDGE('',*,*,#2208,.F.);
#1279=ORIENTED_EDGE('',*,*,#2200,.T.);
#1280=ORIENTED_EDGE('',*,*,#2194,.T.);
#1281=ORIENTED_EDGE('',*,*,#2196,.T.);
#1282=ORIENTED_EDGE('',*,*,#2258,.F.);
#1283=ORIENTED_EDGE('',*,*,#2192,.F.);
#1284=ORIENTED_EDGE('',*,*,#2150,.T.);
#1285=ORIENTED_EDGE('',*,*,#2251,.T.);
#1286=ORIENTED_EDGE('',*,*,#2179,.T.);
#1287=ORIENTED_EDGE('',*,*,#2267,.F.);
#1288=ORIENTED_EDGE('',*,*,#2030,.F.);
#1289=ORIENTED_EDGE('',*,*,#2053,.F.);
#1290=ORIENTED_EDGE('',*,*,#2048,.F.);
#1291=ORIENTED_EDGE('',*,*,#2076,.F.);
#1292=ORIENTED_EDGE('',*,*,#2301,.T.);
#1293=ORIENTED_EDGE('',*,*,#2153,.T.);
#1294=ORIENTED_EDGE('',*,*,#2138,.F.);
#1295=ORIENTED_EDGE('',*,*,#2135,.T.);
#1296=ORIENTED_EDGE('',*,*,#2185,.T.);
#1297=ORIENTED_EDGE('',*,*,#2156,.F.);
#1298=ORIENTED_EDGE('',*,*,#2181,.F.);
#1299=ORIENTED_EDGE('',*,*,#2178,.F.);
#1300=ORIENTED_EDGE('',*,*,#2190,.T.);
#1301=ORIENTED_EDGE('',*,*,#2207,.T.);
#1302=ORIENTED_EDGE('',*,*,#2201,.F.);
#1303=ORIENTED_EDGE('',*,*,#2208,.T.);
#1304=ORIENTED_EDGE('',*,*,#2279,.F.);
#1305=ORIENTED_EDGE('',*,*,#2212,.F.);
#1306=ORIENTED_EDGE('',*,*,#2260,.F.);
#1307=ORIENTED_EDGE('',*,*,#2216,.T.);
#1308=ORIENTED_EDGE('',*,*,#2214,.T.);
#1309=ORIENTED_EDGE('',*,*,#2220,.T.);
#1310=ORIENTED_EDGE('',*,*,#2228,.F.);
#1311=ORIENTED_EDGE('',*,*,#2209,.F.);
#1312=ORIENTED_EDGE('',*,*,#2218,.F.);
#1313=ORIENTED_EDGE('',*,*,#2276,.F.);
#1314=ORIENTED_EDGE('',*,*,#2219,.F.);
#1315=ORIENTED_EDGE('',*,*,#2210,.F.);
#1316=ORIENTED_EDGE('',*,*,#2229,.F.);
#1317=ORIENTED_EDGE('',*,*,#2221,.T.);
#1318=ORIENTED_EDGE('',*,*,#2215,.T.);
#1319=ORIENTED_EDGE('',*,*,#2217,.T.);
#1320=ORIENTED_EDGE('',*,*,#2264,.F.);
#1321=ORIENTED_EDGE('',*,*,#2213,.F.);
#1322=ORIENTED_EDGE('',*,*,#2172,.T.);
#1323=ORIENTED_EDGE('',*,*,#2255,.T.);
#1324=ORIENTED_EDGE('',*,*,#2191,.T.);
#1325=ORIENTED_EDGE('',*,*,#2271,.F.);
#1326=ORIENTED_EDGE('',*,*,#2476,.T.);
#1327=ORIENTED_EDGE('',*,*,#2041,.F.);
#1328=ORIENTED_EDGE('',*,*,#2052,.T.);
#1329=ORIENTED_EDGE('',*,*,#2021,.F.);
#1330=ORIENTED_EDGE('',*,*,#2022,.T.);
#1331=ORIENTED_EDGE('',*,*,#2020,.F.);
#1332=ORIENTED_EDGE('',*,*,#2031,.T.);
#1333=ORIENTED_EDGE('',*,*,#2000,.F.);
#1334=ORIENTED_EDGE('',*,*,#2001,.T.);
#1335=ORIENTED_EDGE('',*,*,#1999,.F.);
#1336=ORIENTED_EDGE('',*,*,#2010,.T.);
#1337=ORIENTED_EDGE('',*,*,#1979,.F.);
#1338=ORIENTED_EDGE('',*,*,#1980,.T.);
#1339=ORIENTED_EDGE('',*,*,#1978,.F.);
#1340=ORIENTED_EDGE('',*,*,#1990,.T.);
#1341=ORIENTED_EDGE('',*,*,#2221,.F.);
#1342=ORIENTED_EDGE('',*,*,#2222,.T.);
#1343=ORIENTED_EDGE('',*,*,#2220,.F.);
#1344=ORIENTED_EDGE('',*,*,#2223,.T.);
#1345=ORIENTED_EDGE('',*,*,#2200,.F.);
#1346=ORIENTED_EDGE('',*,*,#2201,.T.);
#1347=ORIENTED_EDGE('',*,*,#2199,.F.);
#1348=ORIENTED_EDGE('',*,*,#2202,.T.);
#1349=ORIENTED_EDGE('',*,*,#2169,.F.);
#1350=ORIENTED_EDGE('',*,*,#2170,.T.);
#1351=ORIENTED_EDGE('',*,*,#2182,.T.);
#1352=ORIENTED_EDGE('',*,*,#1974,.T.);
#1353=ORIENTED_EDGE('',*,*,#2474,.F.);
#1354=ORIENTED_EDGE('',*,*,#2273,.T.);
#1355=ORIENTED_EDGE('',*,*,#2197,.T.);
#1356=ORIENTED_EDGE('',*,*,#2180,.F.);
#1357=ORIENTED_EDGE('',*,*,#2177,.T.);
#1358=ORIENTED_EDGE('',*,*,#2068,.F.);
#1359=ORIENTED_EDGE('',*,*,#2095,.F.);
#1360=ORIENTED_EDGE('',*,*,#2086,.F.);
#1361=ORIENTED_EDGE('',*,*,#2237,.F.);
#1362=ORIENTED_EDGE('',*,*,#2211,.T.);
#1363=ORIENTED_EDGE('',*,*,#2228,.T.);
#1364=ORIENTED_EDGE('',*,*,#2222,.F.);
#1365=ORIENTED_EDGE('',*,*,#2229,.T.);
#1366=ORIENTED_EDGE('',*,*,#2183,.T.);
#1367=ORIENTED_EDGE('',*,*,#2055,.T.);
#1368=ORIENTED_EDGE('',*,*,#2118,.T.);
#1369=ORIENTED_EDGE('',*,*,#1991,.F.);
#1370=ORIENTED_EDGE('',*,*,#2097,.T.);
#1371=ORIENTED_EDGE('',*,*,#2160,.T.);
#1372=ORIENTED_EDGE('',*,*,#2205,.T.);
#1373=ORIENTED_EDGE('',*,*,#2139,.F.);
#1374=ORIENTED_EDGE('',*,*,#2226,.T.);
#1375=ORIENTED_EDGE('',*,*,#2076,.T.);
#1376=ORIENTED_EDGE('',*,*,#2034,.T.);
#1377=ORIENTED_EDGE('',*,*,#2013,.F.);
#1378=ORIENTED_EDGE('',*,*,#2230,.T.);
#1379=ORIENTED_EDGE('',*,*,#2233,.T.);
#1380=ORIENTED_EDGE('',*,*,#2232,.T.);
#1381=ORIENTED_EDGE('',*,*,#2231,.F.);
#1382=ORIENTED_EDGE('',*,*,#2234,.T.);
#1383=ORIENTED_EDGE('',*,*,#2237,.T.);
#1384=ORIENTED_EDGE('',*,*,#2236,.T.);
#1385=ORIENTED_EDGE('',*,*,#2235,.F.);
#1386=ORIENTED_EDGE('',*,*,#2238,.T.);
#1387=ORIENTED_EDGE('',*,*,#2241,.T.);
#1388=ORIENTED_EDGE('',*,*,#2240,.T.);
#1389=ORIENTED_EDGE('',*,*,#2239,.F.);
#1390=ORIENTED_EDGE('',*,*,#2242,.T.);
#1391=ORIENTED_EDGE('',*,*,#2245,.T.);
#1392=ORIENTED_EDGE('',*,*,#2244,.T.);
#1393=ORIENTED_EDGE('',*,*,#2243,.F.);
#1394=ORIENTED_EDGE('',*,*,#2246,.T.);
#1395=ORIENTED_EDGE('',*,*,#2249,.T.);
#1396=ORIENTED_EDGE('',*,*,#2248,.T.);
#1397=ORIENTED_EDGE('',*,*,#2247,.F.);
#1398=ORIENTED_EDGE('',*,*,#2250,.T.);
#1399=ORIENTED_EDGE('',*,*,#2253,.T.);
#1400=ORIENTED_EDGE('',*,*,#2252,.T.);
#1401=ORIENTED_EDGE('',*,*,#2251,.F.);
#1402=ORIENTED_EDGE('',*,*,#2254,.T.);
#1403=ORIENTED_EDGE('',*,*,#2257,.T.);
#1404=ORIENTED_EDGE('',*,*,#2256,.T.);
#1405=ORIENTED_EDGE('',*,*,#2255,.F.);
#1406=ORIENTED_EDGE('',*,*,#2258,.T.);
#1407=ORIENTED_EDGE('',*,*,#2261,.T.);
#1408=ORIENTED_EDGE('',*,*,#2260,.T.);
#1409=ORIENTED_EDGE('',*,*,#2259,.F.);
#1410=ORIENTED_EDGE('',*,*,#2264,.T.);
#1411=ORIENTED_EDGE('',*,*,#2263,.T.);
#1412=ORIENTED_EDGE('',*,*,#2262,.T.);
#1413=ORIENTED_EDGE('',*,*,#2265,.F.);
#1414=ORIENTED_EDGE('',*,*,#2227,.T.);
#1415=ORIENTED_EDGE('',*,*,#1992,.T.);
#1416=ORIENTED_EDGE('',*,*,#2161,.F.);
#1417=ORIENTED_EDGE('',*,*,#2184,.T.);
#1418=ORIENTED_EDGE('',*,*,#2267,.T.);
#1419=ORIENTED_EDGE('',*,*,#2268,.T.);
#1420=ORIENTED_EDGE('',*,*,#2269,.F.);
#1421=ORIENTED_EDGE('',*,*,#2266,.T.);
#1422=ORIENTED_EDGE('',*,*,#2271,.T.);
#1423=ORIENTED_EDGE('',*,*,#2272,.T.);
#1424=ORIENTED_EDGE('',*,*,#2273,.F.);
#1425=ORIENTED_EDGE('',*,*,#2270,.T.);
#1426=ORIENTED_EDGE('',*,*,#2277,.T.);
#1427=ORIENTED_EDGE('',*,*,#2274,.T.);
#1428=ORIENTED_EDGE('',*,*,#2275,.F.);
#1429=ORIENTED_EDGE('',*,*,#2276,.T.);
#1430=ORIENTED_EDGE('',*,*,#2278,.T.);
#1431=ORIENTED_EDGE('',*,*,#2279,.T.);
#1432=ORIENTED_EDGE('',*,*,#2280,.F.);
#1433=ORIENTED_EDGE('',*,*,#2206,.T.);
#1434=ORIENTED_EDGE('',*,*,#2140,.T.);
#1435=ORIENTED_EDGE('',*,*,#2077,.T.);
#1436=ORIENTED_EDGE('',*,*,#2014,.F.);
#1437=ORIENTED_EDGE('',*,*,#2119,.T.);
#1438=ORIENTED_EDGE('',*,*,#2035,.T.);
#1439=ORIENTED_EDGE('',*,*,#2056,.T.);
#1440=ORIENTED_EDGE('',*,*,#2281,.F.);
#1441=ORIENTED_EDGE('',*,*,#2098,.T.);
#1442=ORIENTED_EDGE('',*,*,#2283,.T.);
#1443=ORIENTED_EDGE('',*,*,#2284,.T.);
#1444=ORIENTED_EDGE('',*,*,#2285,.F.);
#1445=ORIENTED_EDGE('',*,*,#2282,.T.);
#1446=ORIENTED_EDGE('',*,*,#2287,.T.);
#1447=ORIENTED_EDGE('',*,*,#2288,.T.);
#1448=ORIENTED_EDGE('',*,*,#2289,.F.);
#1449=ORIENTED_EDGE('',*,*,#2286,.T.);
#1450=ORIENTED_EDGE('',*,*,#2291,.T.);
#1451=ORIENTED_EDGE('',*,*,#2292,.T.);
#1452=ORIENTED_EDGE('',*,*,#2293,.F.);
#1453=ORIENTED_EDGE('',*,*,#2290,.T.);
#1454=ORIENTED_EDGE('',*,*,#2295,.T.);
#1455=ORIENTED_EDGE('',*,*,#2296,.T.);
#1456=ORIENTED_EDGE('',*,*,#2297,.F.);
#1457=ORIENTED_EDGE('',*,*,#2294,.T.);
#1458=ORIENTED_EDGE('',*,*,#2299,.T.);
#1459=ORIENTED_EDGE('',*,*,#2300,.T.);
#1460=ORIENTED_EDGE('',*,*,#2301,.F.);
#1461=ORIENTED_EDGE('',*,*,#2298,.T.);
#1462=ORIENTED_EDGE('',*,*,#2303,.T.);
#1463=ORIENTED_EDGE('',*,*,#2307,.F.);
#1464=ORIENTED_EDGE('',*,*,#2305,.T.);
#1465=ORIENTED_EDGE('',*,*,#2309,.F.);
#1466=ORIENTED_EDGE('',*,*,#2477,.T.);
#1467=ORIENTED_EDGE('',*,*,#2478,.T.);
#1468=ORIENTED_EDGE('',*,*,#2317,.F.);
#1469=ORIENTED_EDGE('',*,*,#2313,.T.);
#1470=ORIENTED_EDGE('',*,*,#2311,.T.);
#1471=ORIENTED_EDGE('',*,*,#2318,.T.);
#1472=ORIENTED_EDGE('',*,*,#2478,.F.);
#1473=ORIENTED_EDGE('',*,*,#2310,.F.);
#1474=ORIENTED_EDGE('',*,*,#2481,.F.);
#1475=ORIENTED_EDGE('',*,*,#2324,.F.);
#1476=ORIENTED_EDGE('',*,*,#2319,.F.);
#1477=ORIENTED_EDGE('',*,*,#2316,.F.);
#1478=ORIENTED_EDGE('',*,*,#2320,.T.);
#1479=ORIENTED_EDGE('',*,*,#2315,.F.);
#1480=ORIENTED_EDGE('',*,*,#2322,.F.);
#1481=ORIENTED_EDGE('',*,*,#2323,.F.);
#1482=ORIENTED_EDGE('',*,*,#2321,.T.);
#1483=ORIENTED_EDGE('',*,*,#2313,.F.);
#1484=ORIENTED_EDGE('',*,*,#2312,.F.);
#1485=ORIENTED_EDGE('',*,*,#2330,.T.);
#1486=ORIENTED_EDGE('',*,*,#2316,.T.);
#1487=ORIENTED_EDGE('',*,*,#2322,.T.);
#1488=ORIENTED_EDGE('',*,*,#2314,.F.);
#1489=ORIENTED_EDGE('',*,*,#2323,.T.);
#1490=ORIENTED_EDGE('',*,*,#2319,.T.);
#1491=ORIENTED_EDGE('',*,*,#2325,.T.);
#1492=ORIENTED_EDGE('',*,*,#2482,.T.);
#1493=ORIENTED_EDGE('',*,*,#2328,.T.);
#1494=ORIENTED_EDGE('',*,*,#2311,.F.);
#1495=ORIENTED_EDGE('',*,*,#2321,.F.);
#1496=ORIENTED_EDGE('',*,*,#2315,.T.);
#1497=ORIENTED_EDGE('',*,*,#2325,.F.);
#1498=ORIENTED_EDGE('',*,*,#2326,.T.);
#1499=ORIENTED_EDGE('',*,*,#2324,.T.);
#1500=ORIENTED_EDGE('',*,*,#2480,.F.);
#1501=ORIENTED_EDGE('',*,*,#2329,.T.);
#1502=ORIENTED_EDGE('',*,*,#1959,.T.);
#1503=ORIENTED_EDGE('',*,*,#1957,.T.);
#1504=ORIENTED_EDGE('',*,*,#2320,.F.);
#1505=ORIENTED_EDGE('',*,*,#2327,.T.);
#1506=ORIENTED_EDGE('',*,*,#2475,.F.);
#1507=ORIENTED_EDGE('',*,*,#1974,.F.);
#1508=ORIENTED_EDGE('',*,*,#2308,.F.);
#1509=ORIENTED_EDGE('',*,*,#2304,.T.);
#1510=ORIENTED_EDGE('',*,*,#2479,.F.);
#1511=ORIENTED_EDGE('',*,*,#2318,.F.);
#1512=ORIENTED_EDGE('',*,*,#2363,.F.);
#1513=ORIENTED_EDGE('',*,*,#2355,.T.);
#1514=ORIENTED_EDGE('',*,*,#2429,.T.);
#1515=ORIENTED_EDGE('',*,*,#2356,.T.);
#1516=ORIENTED_EDGE('',*,*,#2354,.F.);
#1517=ORIENTED_EDGE('',*,*,#2356,.F.);
#1518=ORIENTED_EDGE('',*,*,#2437,.T.);
#1519=ORIENTED_EDGE('',*,*,#2357,.F.);
#1520=ORIENTED_EDGE('',*,*,#2379,.T.);
#1521=ORIENTED_EDGE('',*,*,#1931,.T.);
#1522=ORIENTED_EDGE('',*,*,#2358,.F.);
#1523=ORIENTED_EDGE('',*,*,#2350,.F.);
#1524=ORIENTED_EDGE('',*,*,#2377,.T.);
#1525=ORIENTED_EDGE('',*,*,#1925,.T.);
#1526=ORIENTED_EDGE('',*,*,#2359,.T.);
#1527=ORIENTED_EDGE('',*,*,#2351,.F.);
#1528=ORIENTED_EDGE('',*,*,#2352,.T.);
#1529=ORIENTED_EDGE('',*,*,#2359,.F.);
#1530=ORIENTED_EDGE('',*,*,#2360,.T.);
#1531=ORIENTED_EDGE('',*,*,#2361,.T.);
#1532=ORIENTED_EDGE('',*,*,#2380,.T.);
#1533=ORIENTED_EDGE('',*,*,#2382,.F.);
#1534=ORIENTED_EDGE('',*,*,#2381,.T.);
#1535=ORIENTED_EDGE('',*,*,#2386,.T.);
#1536=ORIENTED_EDGE('',*,*,#2355,.F.);
#1537=ORIENTED_EDGE('',*,*,#2353,.F.);
#1538=ORIENTED_EDGE('',*,*,#2361,.F.);
#1539=ORIENTED_EDGE('',*,*,#2362,.T.);
#1540=ORIENTED_EDGE('',*,*,#2373,.T.);
#1541=ORIENTED_EDGE('',*,*,#2367,.F.);
#1542=ORIENTED_EDGE('',*,*,#2372,.T.);
#1543=ORIENTED_EDGE('',*,*,#2430,.T.);
#1544=ORIENTED_EDGE('',*,*,#2371,.T.);
#1545=ORIENTED_EDGE('',*,*,#2368,.F.);
#1546=ORIENTED_EDGE('',*,*,#2375,.F.);
#1547=ORIENTED_EDGE('',*,*,#2364,.T.);
#1548=ORIENTED_EDGE('',*,*,#2365,.T.);
#1549=ORIENTED_EDGE('',*,*,#2374,.F.);
#1550=ORIENTED_EDGE('',*,*,#2369,.F.);
#1551=ORIENTED_EDGE('',*,*,#2376,.F.);
#1552=ORIENTED_EDGE('',*,*,#2431,.T.);
#1553=ORIENTED_EDGE('',*,*,#2375,.T.);
#1554=ORIENTED_EDGE('',*,*,#2449,.F.);
#1555=ORIENTED_EDGE('',*,*,#2373,.F.);
#1556=ORIENTED_EDGE('',*,*,#2432,.T.);
#1557=ORIENTED_EDGE('',*,*,#2376,.T.);
#1558=ORIENTED_EDGE('',*,*,#2450,.F.);
#1559=ORIENTED_EDGE('',*,*,#2371,.F.);
#1560=ORIENTED_EDGE('',*,*,#2358,.T.);
#1561=ORIENTED_EDGE('',*,*,#2378,.T.);
#1562=ORIENTED_EDGE('',*,*,#2377,.F.);
#1563=ORIENTED_EDGE('',*,*,#2447,.F.);
#1564=ORIENTED_EDGE('',*,*,#2357,.T.);
#1565=ORIENTED_EDGE('',*,*,#1937,.T.);
#1566=ORIENTED_EDGE('',*,*,#2379,.F.);
#1567=ORIENTED_EDGE('',*,*,#2448,.F.);
#1568=ORIENTED_EDGE('',*,*,#2442,.T.);
#1569=ORIENTED_EDGE('',*,*,#2383,.T.);
#1570=ORIENTED_EDGE('',*,*,#2388,.F.);
#1571=ORIENTED_EDGE('',*,*,#2380,.F.);
#1572=ORIENTED_EDGE('',*,*,#2389,.F.);
#1573=ORIENTED_EDGE('',*,*,#2384,.T.);
#1574=ORIENTED_EDGE('',*,*,#2440,.T.);
#1575=ORIENTED_EDGE('',*,*,#2381,.F.);
#1576=ORIENTED_EDGE('',*,*,#2446,.F.);
#1577=ORIENTED_EDGE('',*,*,#2385,.F.);
#1578=ORIENTED_EDGE('',*,*,#2389,.T.);
#1579=ORIENTED_EDGE('',*,*,#2382,.T.);
#1580=ORIENTED_EDGE('',*,*,#2388,.T.);
#1581=ORIENTED_EDGE('',*,*,#2445,.F.);
#1582=ORIENTED_EDGE('',*,*,#2349,.F.);
#1583=ORIENTED_EDGE('',*,*,#2348,.F.);
#1584=ORIENTED_EDGE('',*,*,#2347,.T.);
#1585=ORIENTED_EDGE('',*,*,#2392,.F.);
#1586=ORIENTED_EDGE('',*,*,#2396,.T.);
#1587=ORIENTED_EDGE('',*,*,#2348,.T.);
#1588=ORIENTED_EDGE('',*,*,#2397,.F.);
#1589=ORIENTED_EDGE('',*,*,#2393,.F.);
#1590=ORIENTED_EDGE('',*,*,#2397,.T.);
#1591=ORIENTED_EDGE('',*,*,#2349,.T.);
#1592=ORIENTED_EDGE('',*,*,#2394,.F.);
#1593=ORIENTED_EDGE('',*,*,#2404,.T.);
#1594=ORIENTED_EDGE('',*,*,#2341,.F.);
#1595=ORIENTED_EDGE('',*,*,#2343,.T.);
#1596=ORIENTED_EDGE('',*,*,#2400,.F.);
#1597=ORIENTED_EDGE('',*,*,#2405,.T.);
#1598=ORIENTED_EDGE('',*,*,#2341,.T.);
#1599=ORIENTED_EDGE('',*,*,#2342,.T.);
#1600=ORIENTED_EDGE('',*,*,#2399,.F.);
#1601=ORIENTED_EDGE('',*,*,#2345,.F.);
#1602=ORIENTED_EDGE('',*,*,#2344,.F.);
#1603=ORIENTED_EDGE('',*,*,#2404,.F.);
#1604=ORIENTED_EDGE('',*,*,#2401,.F.);
#1605=ORIENTED_EDGE('',*,*,#2342,.F.);
#1606=ORIENTED_EDGE('',*,*,#2344,.T.);
#1607=ORIENTED_EDGE('',*,*,#2406,.F.);
#1608=ORIENTED_EDGE('',*,*,#2402,.F.);
#1609=ORIENTED_EDGE('',*,*,#2406,.T.);
#1610=ORIENTED_EDGE('',*,*,#2345,.T.);
#1611=ORIENTED_EDGE('',*,*,#2403,.F.);
#1612=ORIENTED_EDGE('',*,*,#2413,.T.);
#1613=ORIENTED_EDGE('',*,*,#2336,.F.);
#1614=ORIENTED_EDGE('',*,*,#2338,.T.);
#1615=ORIENTED_EDGE('',*,*,#2409,.F.);
#1616=ORIENTED_EDGE('',*,*,#2414,.T.);
#1617=ORIENTED_EDGE('',*,*,#2336,.T.);
#1618=ORIENTED_EDGE('',*,*,#2337,.T.);
#1619=ORIENTED_EDGE('',*,*,#2408,.F.);
#1620=ORIENTED_EDGE('',*,*,#2410,.T.);
#1621=ORIENTED_EDGE('',*,*,#2415,.T.);
#1622=ORIENTED_EDGE('',*,*,#2339,.F.);
#1623=ORIENTED_EDGE('',*,*,#2414,.F.);
#1624=ORIENTED_EDGE('',*,*,#2411,.T.);
#1625=ORIENTED_EDGE('',*,*,#2338,.F.);
#1626=ORIENTED_EDGE('',*,*,#2339,.T.);
#1627=ORIENTED_EDGE('',*,*,#2340,.T.);
#1628=ORIENTED_EDGE('',*,*,#2412,.T.);
#1629=ORIENTED_EDGE('',*,*,#2340,.F.);
#1630=ORIENTED_EDGE('',*,*,#2415,.F.);
#1631=ORIENTED_EDGE('',*,*,#2418,.T.);
#1632=ORIENTED_EDGE('',*,*,#2333,.F.);
#1633=ORIENTED_EDGE('',*,*,#2331,.T.);
#1634=ORIENTED_EDGE('',*,*,#2422,.F.);
#1635=ORIENTED_EDGE('',*,*,#2417,.T.);
#1636=ORIENTED_EDGE('',*,*,#2332,.F.);
#1637=ORIENTED_EDGE('',*,*,#2331,.F.);
#1638=ORIENTED_EDGE('',*,*,#2423,.F.);
#1639=ORIENTED_EDGE('',*,*,#2419,.T.);
#1640=ORIENTED_EDGE('',*,*,#2422,.T.);
#1641=ORIENTED_EDGE('',*,*,#2334,.T.);
#1642=ORIENTED_EDGE('',*,*,#2335,.T.);
#1643=ORIENTED_EDGE('',*,*,#2420,.T.);
#1644=ORIENTED_EDGE('',*,*,#2424,.T.);
#1645=ORIENTED_EDGE('',*,*,#2334,.F.);
#1646=ORIENTED_EDGE('',*,*,#2332,.T.);
#1647=ORIENTED_EDGE('',*,*,#2421,.T.);
#1648=ORIENTED_EDGE('',*,*,#2335,.F.);
#1649=ORIENTED_EDGE('',*,*,#2424,.F.);
#1650=ORIENTED_EDGE('',*,*,#2435,.T.);
#1651=ORIENTED_EDGE('',*,*,#2427,.F.);
#1652=ORIENTED_EDGE('',*,*,#2426,.F.);
#1653=ORIENTED_EDGE('',*,*,#2434,.T.);
#1654=ORIENTED_EDGE('',*,*,#1918,.T.);
#1655=ORIENTED_EDGE('',*,*,#1940,.T.);
#1656=ORIENTED_EDGE('',*,*,#1956,.T.);
#1657=ORIENTED_EDGE('',*,*,#2438,.F.);
#1658=ORIENTED_EDGE('',*,*,#2428,.F.);
#1659=ORIENTED_EDGE('',*,*,#2364,.F.);
#1660=ORIENTED_EDGE('',*,*,#2431,.F.);
#1661=ORIENTED_EDGE('',*,*,#2430,.F.);
#1662=ORIENTED_EDGE('',*,*,#2387,.F.);
#1663=ORIENTED_EDGE('',*,*,#2441,.T.);
#1664=ORIENTED_EDGE('',*,*,#1940,.F.);
#1665=ORIENTED_EDGE('',*,*,#1938,.F.);
#1666=ORIENTED_EDGE('',*,*,#1939,.F.);
#1667=ORIENTED_EDGE('',*,*,#1958,.T.);
#1668=ORIENTED_EDGE('',*,*,#2366,.F.);
#1669=ORIENTED_EDGE('',*,*,#2365,.F.);
#1670=ORIENTED_EDGE('',*,*,#2432,.F.);
#1671=ORIENTED_EDGE('',*,*,#2436,.T.);
#1672=ORIENTED_EDGE('',*,*,#1941,.T.);
#1673=ORIENTED_EDGE('',*,*,#1929,.T.);
#1674=ORIENTED_EDGE('',*,*,#2429,.F.);
#1675=ORIENTED_EDGE('',*,*,#2386,.F.);
#1676=ORIENTED_EDGE('',*,*,#2439,.T.);
#1677=ORIENTED_EDGE('',*,*,#1973,.F.);
#1678=ORIENTED_EDGE('',*,*,#2473,.F.);
#1679=ORIENTED_EDGE('',*,*,#2306,.F.);
#1680=ORIENTED_EDGE('',*,*,#2302,.T.);
#1681=ORIENTED_EDGE('',*,*,#2362,.F.);
#1682=ORIENTED_EDGE('',*,*,#2360,.F.);
#1683=ORIENTED_EDGE('',*,*,#1904,.F.);
#1684=ORIENTED_EDGE('',*,*,#1912,.T.);
#1685=ORIENTED_EDGE('',*,*,#1911,.T.);
#1686=ORIENTED_EDGE('',*,*,#1913,.T.);
#1687=ORIENTED_EDGE('',*,*,#1906,.F.);
#1688=ORIENTED_EDGE('',*,*,#1903,.F.);
#1689=ORIENTED_EDGE('',*,*,#1955,.F.);
#1690=ORIENTED_EDGE('',*,*,#1920,.F.);
#1691=ORIENTED_EDGE('',*,*,#1921,.T.);
#1692=ORIENTED_EDGE('',*,*,#2433,.F.);
#1693=ORIENTED_EDGE('',*,*,#2426,.T.);
#1694=ORIENTED_EDGE('',*,*,#2346,.F.);
#1695=ORIENTED_EDGE('',*,*,#2396,.F.);
#1696=ORIENTED_EDGE('',*,*,#2391,.T.);
#1697=ORIENTED_EDGE('',*,*,#2443,.F.);
#1698=ORIENTED_EDGE('',*,*,#2427,.T.);
#1699=ORIENTED_EDGE('',*,*,#2395,.F.);
#1700=ORIENTED_EDGE('',*,*,#2390,.T.);
#1701=ORIENTED_EDGE('',*,*,#2347,.F.);
#1702=ORIENTED_EDGE('',*,*,#2346,.T.);
#1703=ORIENTED_EDGE('',*,*,#2428,.T.);
#1704=ORIENTED_EDGE('',*,*,#2445,.T.);
#1705=ORIENTED_EDGE('',*,*,#2383,.F.);
#1706=ORIENTED_EDGE('',*,*,#2387,.T.);
#1707=ORIENTED_EDGE('',*,*,#2372,.F.);
#1708=ORIENTED_EDGE('',*,*,#2416,.F.);
#1709=ORIENTED_EDGE('',*,*,#2409,.T.);
#1710=ORIENTED_EDGE('',*,*,#2411,.F.);
#1711=ORIENTED_EDGE('',*,*,#2412,.F.);
#1712=ORIENTED_EDGE('',*,*,#2410,.F.);
#1713=ORIENTED_EDGE('',*,*,#2408,.T.);
#1714=ORIENTED_EDGE('',*,*,#2425,.F.);
#1715=ORIENTED_EDGE('',*,*,#2418,.F.);
#1716=ORIENTED_EDGE('',*,*,#2419,.F.);
#1717=ORIENTED_EDGE('',*,*,#2421,.F.);
#1718=ORIENTED_EDGE('',*,*,#2420,.F.);
#1719=ORIENTED_EDGE('',*,*,#2417,.F.);
#1720=ORIENTED_EDGE('',*,*,#2407,.F.);
#1721=ORIENTED_EDGE('',*,*,#2399,.T.);
#1722=ORIENTED_EDGE('',*,*,#2402,.T.);
#1723=ORIENTED_EDGE('',*,*,#2403,.T.);
#1724=ORIENTED_EDGE('',*,*,#2401,.T.);
#1725=ORIENTED_EDGE('',*,*,#2400,.T.);
#1726=ORIENTED_EDGE('',*,*,#2398,.F.);
#1727=ORIENTED_EDGE('',*,*,#2391,.F.);
#1728=ORIENTED_EDGE('',*,*,#2393,.T.);
#1729=ORIENTED_EDGE('',*,*,#2394,.T.);
#1730=ORIENTED_EDGE('',*,*,#2392,.T.);
#1731=ORIENTED_EDGE('',*,*,#2390,.F.);
#1732=ORIENTED_EDGE('',*,*,#2444,.F.);
#1733=ORIENTED_EDGE('',*,*,#2433,.T.);
#1734=ORIENTED_EDGE('',*,*,#2370,.F.);
#1735=ORIENTED_EDGE('',*,*,#2374,.T.);
#1736=ORIENTED_EDGE('',*,*,#2366,.T.);
#1737=ORIENTED_EDGE('',*,*,#2384,.F.);
#1738=ORIENTED_EDGE('',*,*,#2385,.T.);
#1739=ORIENTED_EDGE('',*,*,#2352,.F.);
#1740=ORIENTED_EDGE('',*,*,#2353,.T.);
#1741=ORIENTED_EDGE('',*,*,#2363,.T.);
#1742=ORIENTED_EDGE('',*,*,#2354,.T.);
#1743=ORIENTED_EDGE('',*,*,#2448,.T.);
#1744=ORIENTED_EDGE('',*,*,#2350,.T.);
#1745=ORIENTED_EDGE('',*,*,#2447,.T.);
#1746=ORIENTED_EDGE('',*,*,#2351,.T.);
#1747=ORIENTED_EDGE('',*,*,#1948,.T.);
#1748=ORIENTED_EDGE('',*,*,#1949,.T.);
#1749=ORIENTED_EDGE('',*,*,#1950,.T.);
#1750=ORIENTED_EDGE('',*,*,#1951,.T.);
#1751=ORIENTED_EDGE('',*,*,#2343,.F.);
#1752=ORIENTED_EDGE('',*,*,#2405,.F.);
#1753=ORIENTED_EDGE('',*,*,#2407,.T.);
#1754=ORIENTED_EDGE('',*,*,#2423,.T.);
#1755=ORIENTED_EDGE('',*,*,#2333,.T.);
#1756=ORIENTED_EDGE('',*,*,#2425,.T.);
#1757=ORIENTED_EDGE('',*,*,#2337,.F.);
#1758=ORIENTED_EDGE('',*,*,#2413,.F.);
#1759=ORIENTED_EDGE('',*,*,#2416,.T.);
#1760=ORIENTED_EDGE('',*,*,#2367,.T.);
#1761=ORIENTED_EDGE('',*,*,#2449,.T.);
#1762=ORIENTED_EDGE('',*,*,#2368,.T.);
#1763=ORIENTED_EDGE('',*,*,#2450,.T.);
#1764=ORIENTED_EDGE('',*,*,#2369,.T.);
#1765=ORIENTED_EDGE('',*,*,#2370,.T.);
#1766=ORIENTED_EDGE('',*,*,#1921,.F.);
#1767=ORIENTED_EDGE('',*,*,#1919,.F.);
#1768=ORIENTED_EDGE('',*,*,#1916,.F.);
#1769=ORIENTED_EDGE('',*,*,#2434,.F.);
#1770=ORIENTED_EDGE('',*,*,#2443,.T.);
#1771=ORIENTED_EDGE('',*,*,#2398,.T.);
#1772=ORIENTED_EDGE('',*,*,#2435,.F.);
#1773=ORIENTED_EDGE('',*,*,#2444,.T.);
#1774=ORIENTED_EDGE('',*,*,#2395,.T.);
#1775=ORIENTED_EDGE('',*,*,#2470,.F.);
#1776=ORIENTED_EDGE('',*,*,#1902,.F.);
#1777=ORIENTED_EDGE('',*,*,#2455,.F.);
#1778=ORIENTED_EDGE('',*,*,#1887,.F.);
#1779=ORIENTED_EDGE('',*,*,#1892,.T.);
#1780=ORIENTED_EDGE('',*,*,#2460,.T.);
#1781=ORIENTED_EDGE('',*,*,#1897,.T.);
#1782=ORIENTED_EDGE('',*,*,#2465,.T.);
#1783=ORIENTED_EDGE('',*,*,#2452,.T.);
#1784=ORIENTED_EDGE('',*,*,#1884,.T.);
#1785=ORIENTED_EDGE('',*,*,#1885,.T.);
#1786=ORIENTED_EDGE('',*,*,#2451,.F.);
#1787=ORIENTED_EDGE('',*,*,#2454,.T.);
#1788=ORIENTED_EDGE('',*,*,#2455,.T.);
#1789=ORIENTED_EDGE('',*,*,#1886,.F.);
#1790=ORIENTED_EDGE('',*,*,#2453,.F.);
#1791=ORIENTED_EDGE('',*,*,#2457,.T.);
#1792=ORIENTED_EDGE('',*,*,#1889,.T.);
#1793=ORIENTED_EDGE('',*,*,#2458,.F.);
#1794=ORIENTED_EDGE('',*,*,#2456,.F.);
#1795=ORIENTED_EDGE('',*,*,#2458,.T.);
#1796=ORIENTED_EDGE('',*,*,#1891,.T.);
#1797=ORIENTED_EDGE('',*,*,#2460,.F.);
#1798=ORIENTED_EDGE('',*,*,#2459,.F.);
#1799=ORIENTED_EDGE('',*,*,#2461,.T.);
#1800=ORIENTED_EDGE('',*,*,#1895,.F.);
#1801=ORIENTED_EDGE('',*,*,#1894,.F.);
#1802=ORIENTED_EDGE('',*,*,#2462,.F.);
#1803=ORIENTED_EDGE('',*,*,#2463,.T.);
#1804=ORIENTED_EDGE('',*,*,#1896,.T.);
#1805=ORIENTED_EDGE('',*,*,#2465,.F.);
#1806=ORIENTED_EDGE('',*,*,#2464,.F.);
#1807=ORIENTED_EDGE('',*,*,#2466,.T.);
#1808=ORIENTED_EDGE('',*,*,#2468,.T.);
#1809=ORIENTED_EDGE('',*,*,#1899,.F.);
#1810=ORIENTED_EDGE('',*,*,#2467,.F.);
#1811=ORIENTED_EDGE('',*,*,#2469,.T.);
#1812=ORIENTED_EDGE('',*,*,#2470,.T.);
#1813=ORIENTED_EDGE('',*,*,#1901,.F.);
#1814=ORIENTED_EDGE('',*,*,#2468,.F.);
#1815=ORIENTED_EDGE('',*,*,#2473,.T.);
#1816=ORIENTED_EDGE('',*,*,#1972,.T.);
#1817=ORIENTED_EDGE('',*,*,#2166,.F.);
#1818=ORIENTED_EDGE('',*,*,#2165,.T.);
#1819=ORIENTED_EDGE('',*,*,#2180,.T.);
#1820=ORIENTED_EDGE('',*,*,#2188,.T.);
#1821=ORIENTED_EDGE('',*,*,#2190,.F.);
#1822=ORIENTED_EDGE('',*,*,#2189,.T.);
#1823=ORIENTED_EDGE('',*,*,#2204,.T.);
#1824=ORIENTED_EDGE('',*,*,#2209,.T.);
#1825=ORIENTED_EDGE('',*,*,#2211,.F.);
#1826=ORIENTED_EDGE('',*,*,#2210,.T.);
#1827=ORIENTED_EDGE('',*,*,#2225,.T.);
#1828=ORIENTED_EDGE('',*,*,#1975,.T.);
#1829=ORIENTED_EDGE('',*,*,#1977,.F.);
#1830=ORIENTED_EDGE('',*,*,#1976,.T.);
#1831=ORIENTED_EDGE('',*,*,#1989,.T.);
#1832=ORIENTED_EDGE('',*,*,#1996,.T.);
#1833=ORIENTED_EDGE('',*,*,#1998,.F.);
#1834=ORIENTED_EDGE('',*,*,#1997,.T.);
#1835=ORIENTED_EDGE('',*,*,#2012,.T.);
#1836=ORIENTED_EDGE('',*,*,#2017,.T.);
#1837=ORIENTED_EDGE('',*,*,#2019,.F.);
#1838=ORIENTED_EDGE('',*,*,#2018,.T.);
#1839=ORIENTED_EDGE('',*,*,#2033,.T.);
#1840=ORIENTED_EDGE('',*,*,#2038,.T.);
#1841=ORIENTED_EDGE('',*,*,#2472,.F.);
#1842=ORIENTED_EDGE('',*,*,#2471,.F.);
#1843=ORIENTED_EDGE('',*,*,#2474,.T.);
#1844=ORIENTED_EDGE('',*,*,#2475,.T.);
#1845=ORIENTED_EDGE('',*,*,#2309,.T.);
#1846=ORIENTED_EDGE('',*,*,#2308,.T.);
#1847=ORIENTED_EDGE('',*,*,#2182,.F.);
#1848=ORIENTED_EDGE('',*,*,#2171,.T.);
#1849=ORIENTED_EDGE('',*,*,#2168,.F.);
#1850=ORIENTED_EDGE('',*,*,#2181,.T.);
#1851=ORIENTED_EDGE('',*,*,#2147,.F.);
#1852=ORIENTED_EDGE('',*,*,#2148,.T.);
#1853=ORIENTED_EDGE('',*,*,#2146,.F.);
#1854=ORIENTED_EDGE('',*,*,#2157,.T.);
#1855=ORIENTED_EDGE('',*,*,#2126,.F.);
#1856=ORIENTED_EDGE('',*,*,#2127,.T.);
#1857=ORIENTED_EDGE('',*,*,#2125,.F.);
#1858=ORIENTED_EDGE('',*,*,#2136,.T.);
#1859=ORIENTED_EDGE('',*,*,#2105,.F.);
#1860=ORIENTED_EDGE('',*,*,#2106,.T.);
#1861=ORIENTED_EDGE('',*,*,#2104,.F.);
#1862=ORIENTED_EDGE('',*,*,#2115,.T.);
#1863=ORIENTED_EDGE('',*,*,#2084,.F.);
#1864=ORIENTED_EDGE('',*,*,#2085,.T.);
#1865=ORIENTED_EDGE('',*,*,#2083,.F.);
#1866=ORIENTED_EDGE('',*,*,#2094,.T.);
#1867=ORIENTED_EDGE('',*,*,#2063,.F.);
#1868=ORIENTED_EDGE('',*,*,#2064,.T.);
#1869=ORIENTED_EDGE('',*,*,#2062,.F.);
#1870=ORIENTED_EDGE('',*,*,#2073,.T.);
#1871=ORIENTED_EDGE('',*,*,#2042,.F.);
#1872=ORIENTED_EDGE('',*,*,#2043,.T.);
#1873=ORIENTED_EDGE('',*,*,#2479,.T.);
#1874=ORIENTED_EDGE('',*,*,#2314,.T.);
#1875=ORIENTED_EDGE('',*,*,#2312,.T.);
#1876=ORIENTED_EDGE('',*,*,#2317,.T.);
#1877=ORIENTED_EDGE('',*,*,#2310,.T.);
#1878=ORIENTED_EDGE('',*,*,#2477,.F.);
#1879=ORIENTED_EDGE('',*,*,#2480,.T.);
#1880=ORIENTED_EDGE('',*,*,#2481,.T.);
#1881=ORIENTED_EDGE('',*,*,#2326,.F.);
#1882=ORIENTED_EDGE('',*,*,#2482,.F.);
#1883=EDGE_CURVE('',#3099,#3466,#2567,.T.);
#1884=EDGE_CURVE('',#3099,#3101,#2568,.T.);
#1885=EDGE_CURVE('',#3101,#3467,#2569,.T.);
#1886=EDGE_CURVE('',#3101,#3100,#2570,.T.);
#1887=EDGE_CURVE('',#3100,#3468,#2571,.T.);
#1888=EDGE_CURVE('',#3102,#3469,#2572,.T.);
#1889=EDGE_CURVE('',#3102,#3104,#2573,.T.);
#1890=EDGE_CURVE('',#3104,#3470,#2574,.T.);
#1891=EDGE_CURVE('',#3104,#3103,#2575,.T.);
#1892=EDGE_CURVE('',#3103,#3471,#2576,.T.);
#1893=EDGE_CURVE('',#3105,#3472,#2577,.T.);
#1894=EDGE_CURVE('',#3105,#3107,#2578,.T.);
#1895=EDGE_CURVE('',#3107,#3473,#2579,.T.);
#1896=EDGE_CURVE('',#3107,#3106,#2580,.T.);
#1897=EDGE_CURVE('',#3106,#3474,#2581,.T.);
#1898=EDGE_CURVE('',#3108,#3475,#2582,.T.);
#1899=EDGE_CURVE('',#3108,#3110,#2583,.T.);
#1900=EDGE_CURVE('',#3110,#3476,#2584,.T.);
#1901=EDGE_CURVE('',#3110,#3109,#2585,.T.);
#1902=EDGE_CURVE('',#3109,#3477,#2586,.T.);
#1903=EDGE_CURVE('',#3111,#3112,#2587,.T.);
#1904=EDGE_CURVE('',#3114,#3111,#2588,.T.);
#1905=EDGE_CURVE('',#3116,#3115,#2589,.T.);
#1906=EDGE_CURVE('',#3112,#3113,#2590,.T.);
#1907=EDGE_CURVE('',#3113,#3116,#2591,.T.);
#1908=EDGE_CURVE('',#3114,#3115,#2592,.T.);
#1909=EDGE_CURVE('',#3112,#3116,#2593,.T.);
#1910=EDGE_CURVE('',#3115,#3111,#2594,.T.);
#1911=EDGE_CURVE('',#3117,#3118,#2595,.T.);
#1912=EDGE_CURVE('',#3114,#3117,#2596,.T.);
#1913=EDGE_CURVE('',#3118,#3113,#2597,.T.);
#1914=EDGE_CURVE('',#3118,#3116,#2598,.T.);
#1915=EDGE_CURVE('',#3115,#3117,#2599,.T.);
#1916=EDGE_CURVE('',#3119,#3120,#2600,.T.);
#1917=EDGE_CURVE('',#3120,#3134,#2601,.T.);
#1918=EDGE_CURVE('',#3119,#3135,#2602,.T.);
#1919=EDGE_CURVE('',#3120,#3121,#2603,.T.);
#1920=EDGE_CURVE('',#3121,#3147,#2604,.T.);
#1921=EDGE_CURVE('',#3121,#3450,#2605,.T.);
#1922=EDGE_CURVE('',#3129,#3128,#2606,.T.);
#1923=EDGE_CURVE('',#3126,#3122,#2607,.T.);
#1924=EDGE_CURVE('',#3122,#3123,#2608,.T.);
#1925=EDGE_CURVE('',#3127,#3451,#2609,.T.);
#1926=EDGE_CURVE('',#3124,#3128,#2610,.T.);
#1927=EDGE_CURVE('',#3126,#3127,#2611,.T.);
#1928=EDGE_CURVE('',#3124,#3125,#2612,.T.);
#1929=EDGE_CURVE('',#3125,#3452,#2613,.T.);
#1930=EDGE_CURVE('',#3131,#3130,#2614,.T.);
#1931=EDGE_CURVE('',#3132,#3133,#2615,.T.);
#1932=EDGE_CURVE('',#3122,#3124,#2616,.T.);
#1933=EDGE_CURVE('',#3132,#3131,#2617,.T.);
#1934=EDGE_CURVE('',#3130,#3133,#2618,.T.);
#1935=EDGE_CURVE('',#3130,#3126,#2535,.T.);
#1936=EDGE_CURVE('',#3128,#3131,#2536,.T.);
#1937=EDGE_CURVE('',#3129,#3132,#2537,.T.);
#1938=EDGE_CURVE('',#3134,#3135,#2619,.T.);
#1939=EDGE_CURVE('',#3136,#3134,#2620,.T.);
#1940=EDGE_CURVE('',#3135,#3148,#2621,.T.);
#1941=EDGE_CURVE('',#3123,#3125,#2622,.T.);
#1942=EDGE_CURVE('',#3141,#3152,#2623,.T.);
#1943=EDGE_CURVE('',#3138,#3137,#2624,.T.);
#1944=EDGE_CURVE('',#3140,#3138,#2625,.T.);
#1945=EDGE_CURVE('',#3142,#3153,#2626,.T.);
#1946=EDGE_CURVE('',#3143,#3139,#2627,.T.);
#1947=EDGE_CURVE('',#3139,#3138,#2628,.T.);
#1948=EDGE_CURVE('',#3140,#3141,#2629,.T.);
#1949=EDGE_CURVE('',#3141,#3142,#2630,.T.);
#1950=EDGE_CURVE('',#3142,#3143,#2631,.T.);
#1951=EDGE_CURVE('',#3143,#3140,#2632,.T.);
#1952=EDGE_CURVE('',#3144,#3154,#2633,.T.);
#1953=EDGE_CURVE('',#3145,#3146,#2634,.T.);
#1954=EDGE_CURVE('',#3146,#3144,#2635,.T.);
#1955=EDGE_CURVE('',#3147,#3465,#2636,.T.);
#1956=EDGE_CURVE('',#3148,#3149,#2637,.T.);
#1957=EDGE_CURVE('',#3150,#3390,#2638,.T.);
#1958=EDGE_CURVE('',#3136,#3457,#2639,.T.);
#1959=EDGE_CURVE('',#3151,#3150,#2640,.T.);
#1960=EDGE_CURVE('',#3152,#3153,#2641,.T.);
#1961=EDGE_CURVE('',#3154,#3155,#2642,.T.);
#1962=EDGE_CURVE('',#3153,#3155,#2643,.T.);
#1963=EDGE_CURVE('',#3147,#3136,#2644,.T.);
#1964=EDGE_CURVE('',#3152,#3137,#2645,.T.);
#1965=EDGE_CURVE('',#3154,#3139,#2646,.T.);
#1966=EDGE_CURVE('',#3149,#3155,#2647,.T.);
#1967=EDGE_CURVE('',#3150,#3144,#2648,.T.);
#1968=EDGE_CURVE('',#3152,#3147,#2649,.T.);
#1969=EDGE_CURVE('',#3136,#3145,#2650,.T.);
#1970=EDGE_CURVE('',#3137,#3145,#2651,.T.);
#1971=EDGE_CURVE('',#3151,#3146,#2652,.T.);
#1972=EDGE_CURVE('',#3374,#3250,#2653,.T.);
#1973=EDGE_CURVE('',#3374,#3375,#2654,.T.);
#1974=EDGE_CURVE('',#3379,#3481,#2655,.T.);
#1975=EDGE_CURVE('',#3156,#3157,#2656,.T.);
#1976=EDGE_CURVE('',#3158,#3159,#2657,.T.);
#1977=EDGE_CURVE('',#3158,#3157,#2658,.T.);
#1978=EDGE_CURVE('',#3160,#3161,#2659,.T.);
#1979=EDGE_CURVE('',#3162,#3163,#2660,.T.);
#1980=EDGE_CURVE('',#3162,#3161,#2661,.T.);
#1981=EDGE_CURVE('',#3278,#3326,#2662,.T.);
#1982=EDGE_CURVE('',#3327,#3279,#2663,.T.);
#1983=EDGE_CURVE('',#3280,#3164,#2664,.T.);
#1984=EDGE_CURVE('',#3165,#3281,#2665,.T.);
#1985=EDGE_CURVE('',#3328,#3156,#2666,.T.);
#1986=EDGE_CURVE('',#3159,#3329,#2667,.T.);
#1987=EDGE_CURVE('',#3164,#3160,#2668,.T.);
#1988=EDGE_CURVE('',#3163,#3165,#2669,.T.);
#1989=EDGE_CURVE('',#3159,#3166,#2670,.T.);
#1990=EDGE_CURVE('',#3160,#3274,#2671,.T.);
#1991=EDGE_CURVE('',#3279,#3284,#2483,.T.);
#1992=EDGE_CURVE('',#3331,#3330,#2672,.T.);
#1993=EDGE_CURVE('',#3164,#3275,#2673,.T.);
#1994=EDGE_CURVE('',#3157,#3161,#2674,.T.);
#1995=EDGE_CURVE('',#3162,#3158,#2675,.T.);
#1996=EDGE_CURVE('',#3166,#3167,#2676,.T.);
#1997=EDGE_CURVE('',#3168,#3169,#2677,.T.);
#1998=EDGE_CURVE('',#3168,#3167,#2678,.T.);
#1999=EDGE_CURVE('',#3170,#3171,#2679,.T.);
#2000=EDGE_CURVE('',#3172,#3173,#2680,.T.);
#2001=EDGE_CURVE('',#3172,#3171,#2681,.T.);
#2002=EDGE_CURVE('',#3282,#3174,#2682,.T.);
#2003=EDGE_CURVE('',#3175,#3283,#2683,.T.);
#2004=EDGE_CURVE('',#3330,#3166,#2684,.T.);
#2005=EDGE_CURVE('',#3169,#3346,#2685,.T.);
#2006=EDGE_CURVE('',#3174,#3170,#2686,.T.);
#2007=EDGE_CURVE('',#3173,#3175,#2687,.T.);
#2008=EDGE_CURVE('',#3284,#3331,#2688,.T.);
#2009=EDGE_CURVE('',#3347,#3285,#2689,.T.);
#2010=EDGE_CURVE('',#3170,#3163,#2690,.T.);
#2011=EDGE_CURVE('',#3174,#3165,#2691,.T.);
#2012=EDGE_CURVE('',#3169,#3176,#2692,.T.);
#2013=EDGE_CURVE('',#3287,#3290,#2484,.T.);
#2014=EDGE_CURVE('',#3346,#3348,#2485,.T.);
#2015=EDGE_CURVE('',#3167,#3171,#2693,.T.);
#2016=EDGE_CURVE('',#3172,#3168,#2694,.T.);
#2017=EDGE_CURVE('',#3176,#3177,#2695,.T.);
#2018=EDGE_CURVE('',#3178,#3179,#2696,.T.);
#2019=EDGE_CURVE('',#3178,#3177,#2697,.T.);
#2020=EDGE_CURVE('',#3180,#3181,#2698,.T.);
#2021=EDGE_CURVE('',#3182,#3183,#2699,.T.);
#2022=EDGE_CURVE('',#3182,#3181,#2700,.T.);
#2023=EDGE_CURVE('',#3348,#3176,#2701,.T.);
#2024=EDGE_CURVE('',#3179,#3349,#2702,.T.);
#2025=EDGE_CURVE('',#3184,#3180,#2703,.T.);
#2026=EDGE_CURVE('',#3183,#3185,#2704,.T.);
#2027=EDGE_CURVE('',#3286,#3350,#2705,.T.);
#2028=EDGE_CURVE('',#3351,#3287,#2706,.T.);
#2029=EDGE_CURVE('',#3288,#3184,#2707,.T.);
#2030=EDGE_CURVE('',#3185,#3289,#2708,.T.);
#2031=EDGE_CURVE('',#3180,#3173,#2709,.T.);
#2032=EDGE_CURVE('',#3184,#3175,#2710,.T.);
#2033=EDGE_CURVE('',#3179,#3186,#2711,.T.);
#2034=EDGE_CURVE('',#3292,#3290,#2712,.T.);
#2035=EDGE_CURVE('',#3351,#3352,#2486,.T.);
#2036=EDGE_CURVE('',#3177,#3181,#2713,.T.);
#2037=EDGE_CURVE('',#3182,#3178,#2714,.T.);
#2038=EDGE_CURVE('',#3186,#3187,#2715,.T.);
#2039=EDGE_CURVE('',#3188,#3189,#2716,.T.);
#2040=EDGE_CURVE('',#3188,#3479,#2717,.T.);
#2041=EDGE_CURVE('',#3190,#3191,#2718,.T.);
#2042=EDGE_CURVE('',#3192,#3193,#2719,.T.);
#2043=EDGE_CURVE('',#3192,#3480,#2720,.T.);
#2044=EDGE_CURVE('',#3194,#3190,#2721,.T.);
#2045=EDGE_CURVE('',#3193,#3195,#2722,.T.);
#2046=EDGE_CURVE('',#3290,#3352,#2723,.T.);
#2047=EDGE_CURVE('',#3353,#3291,#2724,.T.);
#2048=EDGE_CURVE('',#3292,#3194,#2725,.T.);
#2049=EDGE_CURVE('',#3195,#3293,#2726,.T.);
#2050=EDGE_CURVE('',#3354,#3186,#2727,.T.);
#2051=EDGE_CURVE('',#3189,#3355,#2728,.T.);
#2052=EDGE_CURVE('',#3190,#3183,#2729,.T.);
#2053=EDGE_CURVE('',#3194,#3185,#2730,.T.);
#2054=EDGE_CURVE('',#3189,#3196,#2731,.T.);
#2055=EDGE_CURVE('',#3281,#3282,#2487,.T.);
#2056=EDGE_CURVE('',#3352,#3354,#2732,.T.);
#2057=EDGE_CURVE('',#3187,#3191,#2733,.T.);
#2058=EDGE_CURVE('',#3192,#3188,#2734,.T.);
#2059=EDGE_CURVE('',#3196,#3197,#2735,.T.);
#2060=EDGE_CURVE('',#3198,#3199,#2736,.T.);
#2061=EDGE_CURVE('',#3198,#3197,#2737,.T.);
#2062=EDGE_CURVE('',#3200,#3201,#2738,.T.);
#2063=EDGE_CURVE('',#3202,#3203,#2739,.T.);
#2064=EDGE_CURVE('',#3202,#3201,#2740,.T.);
#2065=EDGE_CURVE('',#3294,#3356,#2741,.T.);
#2066=EDGE_CURVE('',#3357,#3295,#2742,.T.);
#2067=EDGE_CURVE('',#3296,#3204,#2743,.T.);
#2068=EDGE_CURVE('',#3205,#3297,#2744,.T.);
#2069=EDGE_CURVE('',#3358,#3196,#2745,.T.);
#2070=EDGE_CURVE('',#3199,#3359,#2746,.T.);
#2071=EDGE_CURVE('',#3204,#3200,#2747,.T.);
#2072=EDGE_CURVE('',#3203,#3205,#2748,.T.);
#2073=EDGE_CURVE('',#3200,#3193,#2749,.T.);
#2074=EDGE_CURVE('',#3204,#3195,#2750,.T.);
#2075=EDGE_CURVE('',#3199,#3206,#2751,.T.);
#2076=EDGE_CURVE('',#3289,#3292,#2488,.T.);
#2077=EDGE_CURVE('',#3350,#3348,#2752,.T.);
#2078=EDGE_CURVE('',#3197,#3201,#2753,.T.);
#2079=EDGE_CURVE('',#3202,#3198,#2754,.T.);
#2080=EDGE_CURVE('',#3206,#3207,#2755,.T.);
#2081=EDGE_CURVE('',#3208,#3209,#2756,.T.);
#2082=EDGE_CURVE('',#3208,#3207,#2757,.T.);
#2083=EDGE_CURVE('',#3210,#3211,#2758,.T.);
#2084=EDGE_CURVE('',#3212,#3213,#2759,.T.);
#2085=EDGE_CURVE('',#3212,#3211,#2760,.T.);
#2086=EDGE_CURVE('',#3298,#3214,#2761,.T.);
#2087=EDGE_CURVE('',#3215,#3299,#2762,.T.);
#2088=EDGE_CURVE('',#3360,#3206,#2763,.T.);
#2089=EDGE_CURVE('',#3209,#3361,#2764,.T.);
#2090=EDGE_CURVE('',#3214,#3210,#2765,.T.);
#2091=EDGE_CURVE('',#3213,#3215,#2766,.T.);
#2092=EDGE_CURVE('',#3300,#3362,#2767,.T.);
#2093=EDGE_CURVE('',#3363,#3301,#2768,.T.);
#2094=EDGE_CURVE('',#3210,#3203,#2769,.T.);
#2095=EDGE_CURVE('',#3214,#3205,#2770,.T.);
#2096=EDGE_CURVE('',#3209,#3216,#2771,.T.);
#2097=EDGE_CURVE('',#3285,#3283,#2772,.T.);
#2098=EDGE_CURVE('',#3349,#3351,#2773,.T.);
#2099=EDGE_CURVE('',#3207,#3211,#2774,.T.);
#2100=EDGE_CURVE('',#3212,#3208,#2775,.T.);
#2101=EDGE_CURVE('',#3216,#3217,#2776,.T.);
#2102=EDGE_CURVE('',#3218,#3219,#2777,.T.);
#2103=EDGE_CURVE('',#3218,#3217,#2778,.T.);
#2104=EDGE_CURVE('',#3220,#3221,#2779,.T.);
#2105=EDGE_CURVE('',#3222,#3223,#2780,.T.);
#2106=EDGE_CURVE('',#3222,#3221,#2781,.T.);
#2107=EDGE_CURVE('',#3364,#3216,#2782,.T.);
#2108=EDGE_CURVE('',#3219,#3365,#2783,.T.);
#2109=EDGE_CURVE('',#3224,#3220,#2784,.T.);
#2110=EDGE_CURVE('',#3223,#3225,#2785,.T.);
#2111=EDGE_CURVE('',#3302,#3366,#2786,.T.);
#2112=EDGE_CURVE('',#3367,#3303,#2787,.T.);
#2113=EDGE_CURVE('',#3304,#3224,#2788,.T.);
#2114=EDGE_CURVE('',#3225,#3305,#2789,.T.);
#2115=EDGE_CURVE('',#3220,#3213,#2790,.T.);
#2116=EDGE_CURVE('',#3224,#3215,#2791,.T.);
#2117=EDGE_CURVE('',#3219,#3226,#2792,.T.);
#2118=EDGE_CURVE('',#3282,#3284,#2793,.T.);
#2119=EDGE_CURVE('',#3346,#3347,#2794,.T.);
#2120=EDGE_CURVE('',#3217,#3221,#2795,.T.);
#2121=EDGE_CURVE('',#3222,#3218,#2796,.T.);
#2122=EDGE_CURVE('',#3226,#3227,#2797,.T.);
#2123=EDGE_CURVE('',#3228,#3229,#2798,.T.);
#2124=EDGE_CURVE('',#3228,#3227,#2799,.T.);
#2125=EDGE_CURVE('',#3230,#3231,#2800,.T.);
#2126=EDGE_CURVE('',#3232,#3233,#2801,.T.);
#2127=EDGE_CURVE('',#3232,#3231,#2802,.T.);
#2128=EDGE_CURVE('',#3234,#3230,#2803,.T.);
#2129=EDGE_CURVE('',#3233,#3235,#2804,.T.);
#2130=EDGE_CURVE('',#3306,#3368,#2805,.T.);
#2131=EDGE_CURVE('',#3369,#3307,#2806,.T.);
#2132=EDGE_CURVE('',#3308,#3234,#2807,.T.);
#2133=EDGE_CURVE('',#3235,#3309,#2808,.T.);
#2134=EDGE_CURVE('',#3370,#3226,#2809,.T.);
#2135=EDGE_CURVE('',#3229,#3371,#2810,.T.);
#2136=EDGE_CURVE('',#3230,#3223,#2811,.T.);
#2137=EDGE_CURVE('',#3234,#3225,#2812,.T.);
#2138=EDGE_CURVE('',#3229,#3236,#2813,.T.);
#2139=EDGE_CURVE('',#3285,#3286,#2489,.T.);
#2140=EDGE_CURVE('',#3347,#3350,#2490,.T.);
#2141=EDGE_CURVE('',#3227,#3231,#2814,.T.);
#2142=EDGE_CURVE('',#3232,#3228,#2815,.T.);
#2143=EDGE_CURVE('',#3236,#3237,#2816,.T.);
#2144=EDGE_CURVE('',#3238,#3239,#2817,.T.);
#2145=EDGE_CURVE('',#3238,#3237,#2818,.T.);
#2146=EDGE_CURVE('',#3240,#3241,#2819,.T.);
#2147=EDGE_CURVE('',#3242,#3243,#2820,.T.);
#2148=EDGE_CURVE('',#3242,#3241,#2821,.T.);
#2149=EDGE_CURVE('',#3310,#3372,#2822,.T.);
#2150=EDGE_CURVE('',#3332,#3311,#2823,.T.);
#2151=EDGE_CURVE('',#3312,#3244,#2824,.T.);
#2152=EDGE_CURVE('',#3245,#3313,#2825,.T.);
#2153=EDGE_CURVE('',#3373,#3236,#2826,.T.);
#2154=EDGE_CURVE('',#3239,#3333,#2827,.T.);
#2155=EDGE_CURVE('',#3244,#3240,#2828,.T.);
#2156=EDGE_CURVE('',#3243,#3245,#2829,.T.);
#2157=EDGE_CURVE('',#3240,#3233,#2830,.T.);
#2158=EDGE_CURVE('',#3244,#3235,#2831,.T.);
#2159=EDGE_CURVE('',#3239,#3246,#2832,.T.);
#2160=EDGE_CURVE('',#3283,#3288,#2491,.T.);
#2161=EDGE_CURVE('',#3329,#3330,#2492,.T.);
#2162=EDGE_CURVE('',#3237,#3241,#2833,.T.);
#2163=EDGE_CURVE('',#3242,#3238,#2834,.T.);
#2164=EDGE_CURVE('',#3246,#3247,#2835,.T.);
#2165=EDGE_CURVE('',#3248,#3249,#2836,.T.);
#2166=EDGE_CURVE('',#3248,#3250,#2837,.T.);
#2167=EDGE_CURVE('',#3250,#3247,#2838,.T.);
#2168=EDGE_CURVE('',#3251,#3252,#2839,.T.);
#2169=EDGE_CURVE('',#3253,#3254,#2840,.T.);
#2170=EDGE_CURVE('',#3253,#3255,#2841,.T.);
#2171=EDGE_CURVE('',#3255,#3252,#2842,.T.);
#2172=EDGE_CURVE('',#3334,#3314,#2843,.T.);
#2173=EDGE_CURVE('',#3254,#3256,#2844,.T.);
#2174=EDGE_CURVE('',#3315,#3257,#2845,.T.);
#2175=EDGE_CURVE('',#3256,#3316,#2846,.T.);
#2176=EDGE_CURVE('',#3335,#3246,#2847,.T.);
#2177=EDGE_CURVE('',#3249,#3336,#2848,.T.);
#2178=EDGE_CURVE('',#3257,#3251,#2849,.T.);
#2179=EDGE_CURVE('',#3317,#3337,#2850,.T.);
#2180=EDGE_CURVE('',#3249,#3258,#2851,.T.);
#2181=EDGE_CURVE('',#3251,#3243,#2852,.T.);
#2182=EDGE_CURVE('',#3255,#3379,#2853,.T.);
#2183=EDGE_CURVE('',#3279,#3281,#2854,.T.);
#2184=EDGE_CURVE('',#3329,#3327,#2855,.T.);
#2185=EDGE_CURVE('',#3257,#3245,#2856,.T.);
#2186=EDGE_CURVE('',#3247,#3252,#2857,.T.);
#2187=EDGE_CURVE('',#3253,#3248,#2858,.T.);
#2188=EDGE_CURVE('',#3258,#3259,#2859,.T.);
#2189=EDGE_CURVE('',#3260,#3261,#2860,.T.);
#2190=EDGE_CURVE('',#3260,#3259,#2861,.T.);
#2191=EDGE_CURVE('',#3318,#3338,#2862,.T.);
#2192=EDGE_CURVE('',#3342,#3319,#2863,.T.);
#2193=EDGE_CURVE('',#3262,#3263,#2864,.T.);
#2194=EDGE_CURVE('',#3264,#3265,#2865,.T.);
#2195=EDGE_CURVE('',#3320,#3262,#2866,.T.);
#2196=EDGE_CURVE('',#3265,#3321,#2867,.T.);
#2197=EDGE_CURVE('',#3339,#3258,#2868,.T.);
#2198=EDGE_CURVE('',#3261,#3343,#2869,.T.);
#2199=EDGE_CURVE('',#3263,#3266,#2870,.T.);
#2200=EDGE_CURVE('',#3267,#3264,#2871,.T.);
#2201=EDGE_CURVE('',#3267,#3266,#2872,.T.);
#2202=EDGE_CURVE('',#3263,#3254,#2873,.T.);
#2203=EDGE_CURVE('',#3262,#3256,#2874,.T.);
#2204=EDGE_CURVE('',#3261,#3268,#2875,.T.);
#2205=EDGE_CURVE('',#3288,#3286,#2876,.T.);
#2206=EDGE_CURVE('',#3343,#3342,#2877,.T.);
#2207=EDGE_CURVE('',#3259,#3266,#2878,.T.);
#2208=EDGE_CURVE('',#3267,#3260,#2879,.T.);
#2209=EDGE_CURVE('',#3268,#3269,#2880,.T.);
#2210=EDGE_CURVE('',#3270,#3271,#2881,.T.);
#2211=EDGE_CURVE('',#3270,#3269,#2882,.T.);
#2212=EDGE_CURVE('',#3322,#3344,#2883,.T.);
#2213=EDGE_CURVE('',#3340,#3323,#2884,.T.);
#2214=EDGE_CURVE('',#3272,#3273,#2885,.T.);
#2215=EDGE_CURVE('',#3274,#3275,#2886,.T.);
#2216=EDGE_CURVE('',#3324,#3272,#2887,.T.);
#2217=EDGE_CURVE('',#3275,#3325,#2888,.T.);
#2218=EDGE_CURVE('',#3345,#3268,#2889,.T.);
#2219=EDGE_CURVE('',#3271,#3341,#2890,.T.);
#2220=EDGE_CURVE('',#3273,#3276,#2891,.T.);
#2221=EDGE_CURVE('',#3277,#3274,#2892,.T.);
#2222=EDGE_CURVE('',#3277,#3276,#2893,.T.);
#2223=EDGE_CURVE('',#3273,#3264,#2894,.T.);
#2224=EDGE_CURVE('',#3272,#3265,#2895,.T.);
#2225=EDGE_CURVE('',#3271,#3156,#2896,.T.);
#2226=EDGE_CURVE('',#3287,#3289,#2897,.T.);
#2227=EDGE_CURVE('',#3327,#3331,#2493,.T.);
#2228=EDGE_CURVE('',#3269,#3276,#2898,.T.);
#2229=EDGE_CURVE('',#3277,#3270,#2899,.T.);
#2230=EDGE_CURVE('',#3291,#3293,#2900,.T.);
#2231=EDGE_CURVE('',#3291,#3294,#2494,.T.);
#2232=EDGE_CURVE('',#3296,#3294,#2901,.T.);
#2233=EDGE_CURVE('',#3293,#3296,#2495,.T.);
#2234=EDGE_CURVE('',#3295,#3297,#2902,.T.);
#2235=EDGE_CURVE('',#3295,#3300,#2496,.T.);
#2236=EDGE_CURVE('',#3298,#3300,#2903,.T.);
#2237=EDGE_CURVE('',#3297,#3298,#2497,.T.);
#2238=EDGE_CURVE('',#3301,#3299,#2904,.T.);
#2239=EDGE_CURVE('',#3301,#3302,#2498,.T.);
#2240=EDGE_CURVE('',#3304,#3302,#2905,.T.);
#2241=EDGE_CURVE('',#3299,#3304,#2499,.T.);
#2242=EDGE_CURVE('',#3303,#3305,#2906,.T.);
#2243=EDGE_CURVE('',#3303,#3306,#2500,.T.);
#2244=EDGE_CURVE('',#3308,#3306,#2907,.T.);
#2245=EDGE_CURVE('',#3305,#3308,#2501,.T.);
#2246=EDGE_CURVE('',#3307,#3309,#2908,.T.);
#2247=EDGE_CURVE('',#3307,#3310,#2502,.T.);
#2248=EDGE_CURVE('',#3312,#3310,#2909,.T.);
#2249=EDGE_CURVE('',#3309,#3312,#2503,.T.);
#2250=EDGE_CURVE('',#3311,#3313,#2910,.T.);
#2251=EDGE_CURVE('',#3311,#3317,#2504,.T.);
#2252=EDGE_CURVE('',#3315,#3317,#2911,.T.);
#2253=EDGE_CURVE('',#3313,#3315,#2505,.T.);
#2254=EDGE_CURVE('',#3314,#3316,#2912,.T.);
#2255=EDGE_CURVE('',#3314,#3318,#2506,.T.);
#2256=EDGE_CURVE('',#3320,#3318,#2913,.T.);
#2257=EDGE_CURVE('',#3316,#3320,#2507,.T.);
#2258=EDGE_CURVE('',#3319,#3321,#2914,.T.);
#2259=EDGE_CURVE('',#3319,#3322,#2508,.T.);
#2260=EDGE_CURVE('',#3324,#3322,#2915,.T.);
#2261=EDGE_CURVE('',#3321,#3324,#2509,.T.);
#2262=EDGE_CURVE('',#3280,#3278,#2916,.T.);
#2263=EDGE_CURVE('',#3325,#3280,#2510,.T.);
#2264=EDGE_CURVE('',#3323,#3325,#2917,.T.);
#2265=EDGE_CURVE('',#3323,#3278,#2511,.T.);
#2266=EDGE_CURVE('',#3333,#3332,#2918,.T.);
#2267=EDGE_CURVE('',#3332,#3337,#2512,.T.);
#2268=EDGE_CURVE('',#3337,#3335,#2919,.T.);
#2269=EDGE_CURVE('',#3333,#3335,#2513,.T.);
#2270=EDGE_CURVE('',#3336,#3334,#2920,.T.);
#2271=EDGE_CURVE('',#3334,#3338,#2514,.T.);
#2272=EDGE_CURVE('',#3338,#3339,#2921,.T.);
#2273=EDGE_CURVE('',#3336,#3339,#2515,.T.);
#2274=EDGE_CURVE('',#3326,#3328,#2922,.T.);
#2275=EDGE_CURVE('',#3341,#3328,#2516,.T.);
#2276=EDGE_CURVE('',#3341,#3340,#2923,.T.);
#2277=EDGE_CURVE('',#3340,#3326,#2517,.T.);
#2278=EDGE_CURVE('',#3342,#3344,#2518,.T.);
#2279=EDGE_CURVE('',#3344,#3345,#2924,.T.);
#2280=EDGE_CURVE('',#3343,#3345,#2519,.T.);
#2281=EDGE_CURVE('',#3349,#3354,#2520,.T.);
#2282=EDGE_CURVE('',#3355,#3353,#2925,.T.);
#2283=EDGE_CURVE('',#3353,#3356,#2521,.T.);
#2284=EDGE_CURVE('',#3356,#3358,#2926,.T.);
#2285=EDGE_CURVE('',#3355,#3358,#2522,.T.);
#2286=EDGE_CURVE('',#3359,#3357,#2927,.T.);
#2287=EDGE_CURVE('',#3357,#3362,#2523,.T.);
#2288=EDGE_CURVE('',#3362,#3360,#2928,.T.);
#2289=EDGE_CURVE('',#3359,#3360,#2524,.T.);
#2290=EDGE_CURVE('',#3361,#3363,#2929,.T.);
#2291=EDGE_CURVE('',#3363,#3366,#2525,.T.);
#2292=EDGE_CURVE('',#3366,#3364,#2930,.T.);
#2293=EDGE_CURVE('',#3361,#3364,#2526,.T.);
#2294=EDGE_CURVE('',#3365,#3367,#2931,.T.);
#2295=EDGE_CURVE('',#3367,#3368,#2527,.T.);
#2296=EDGE_CURVE('',#3368,#3370,#2932,.T.);
#2297=EDGE_CURVE('',#3365,#3370,#2528,.T.);
#2298=EDGE_CURVE('',#3371,#3369,#2933,.T.);
#2299=EDGE_CURVE('',#3369,#3372,#2529,.T.);
#2300=EDGE_CURVE('',#3372,#3373,#2934,.T.);
#2301=EDGE_CURVE('',#3371,#3373,#2530,.T.);
#2302=EDGE_CURVE('',#3376,#3455,#2935,.T.);
#2303=EDGE_CURVE('',#3377,#3376,#2936,.T.);
#2304=EDGE_CURVE('',#3378,#3388,#2937,.T.);
#2305=EDGE_CURVE('',#3375,#3378,#2938,.T.);
#2306=EDGE_CURVE('',#3376,#3478,#2939,.T.);
#2307=EDGE_CURVE('',#3375,#3376,#2940,.T.);
#2308=EDGE_CURVE('',#3378,#3379,#2941,.T.);
#2309=EDGE_CURVE('',#3377,#3378,#2942,.T.);
#2310=EDGE_CURVE('',#3380,#3483,#2943,.T.);
#2311=EDGE_CURVE('',#3381,#3391,#2944,.T.);
#2312=EDGE_CURVE('',#3382,#3383,#2945,.T.);
#2313=EDGE_CURVE('',#3383,#3381,#2946,.T.);
#2314=EDGE_CURVE('',#3388,#3382,#2947,.T.);
#2315=EDGE_CURVE('',#3384,#3390,#2948,.T.);
#2316=EDGE_CURVE('',#3389,#3385,#2949,.T.);
#2317=EDGE_CURVE('',#3383,#3380,#2950,.T.);
#2318=EDGE_CURVE('',#3391,#3482,#2951,.T.);
#2319=EDGE_CURVE('',#3385,#3384,#2952,.T.);
#2320=EDGE_CURVE('',#3389,#3390,#2953,.T.);
#2321=EDGE_CURVE('',#3384,#3381,#2954,.T.);
#2322=EDGE_CURVE('',#3385,#3382,#2955,.T.);
#2323=EDGE_CURVE('',#3384,#3385,#2956,.T.);
#2324=EDGE_CURVE('',#3386,#3485,#2538,.T.);
#2325=EDGE_CURVE('',#3387,#3484,#2539,.T.);
#2326=EDGE_CURVE('',#3387,#3386,#2531,.T.);
#2327=EDGE_CURVE('',#3391,#3377,#2957,.T.);
#2328=EDGE_CURVE('',#3390,#3391,#2958,.T.);
#2329=EDGE_CURVE('',#3389,#3151,#2959,.T.);
#2330=EDGE_CURVE('',#3388,#3389,#2960,.T.);
#2331=EDGE_CURVE('',#3392,#3393,#2961,.T.);
#2332=EDGE_CURVE('',#3393,#3441,#2962,.T.);
#2333=EDGE_CURVE('',#3392,#3439,#2963,.T.);
#2334=EDGE_CURVE('',#3393,#3394,#2964,.T.);
#2335=EDGE_CURVE('',#3394,#3443,#2965,.T.);
#2336=EDGE_CURVE('',#3395,#3396,#2966,.T.);
#2337=EDGE_CURVE('',#3396,#3433,#2967,.T.);
#2338=EDGE_CURVE('',#3395,#3436,#2968,.T.);
#2339=EDGE_CURVE('',#3395,#3397,#2969,.T.);
#2340=EDGE_CURVE('',#3397,#3438,#2970,.T.);
#2341=EDGE_CURVE('',#3398,#3399,#2971,.T.);
#2342=EDGE_CURVE('',#3399,#3429,#2972,.T.);
#2343=EDGE_CURVE('',#3398,#3427,#2973,.T.);
#2344=EDGE_CURVE('',#3399,#3400,#2974,.T.);
#2345=EDGE_CURVE('',#3400,#3431,#2975,.T.);
#2346=EDGE_CURVE('',#3401,#3449,#2976,.T.);
#2347=EDGE_CURVE('',#3401,#3423,#2977,.T.);
#2348=EDGE_CURVE('',#3401,#3402,#2978,.T.);
#2349=EDGE_CURVE('',#3402,#3425,#2979,.T.);
#2350=EDGE_CURVE('',#3415,#3413,#2980,.T.);
#2351=EDGE_CURVE('',#3414,#3404,#2981,.T.);
#2352=EDGE_CURVE('',#3403,#3404,#2540,.T.);
#2353=EDGE_CURVE('',#3403,#3405,#2982,.T.);
#2354=EDGE_CURVE('',#3406,#3416,#2983,.T.);
#2355=EDGE_CURVE('',#3405,#3453,#2984,.T.);
#2356=EDGE_CURVE('',#3452,#3406,#2985,.T.);
#2357=EDGE_CURVE('',#3416,#3129,#2986,.T.);
#2358=EDGE_CURVE('',#3413,#3133,#2987,.T.);
#2359=EDGE_CURVE('',#3451,#3404,#2988,.T.);
#2360=EDGE_CURVE('',#3451,#3454,#2541,.T.);
#2361=EDGE_CURVE('',#3454,#3403,#2989,.T.);
#2362=EDGE_CURVE('',#3454,#3455,#2990,.T.);
#2363=EDGE_CURVE('',#3405,#3406,#2532,.T.);
#2364=EDGE_CURVE('',#3461,#3462,#2991,.T.);
#2365=EDGE_CURVE('',#3463,#3464,#2992,.T.);
#2366=EDGE_CURVE('',#3464,#3457,#2993,.T.);
#2367=EDGE_CURVE('',#3407,#3409,#2994,.T.);
#2368=EDGE_CURVE('',#3411,#3410,#2995,.T.);
#2369=EDGE_CURVE('',#3412,#3408,#2996,.T.);
#2370=EDGE_CURVE('',#3408,#3450,#2997,.T.);
#2371=EDGE_CURVE('',#3462,#3410,#2998,.T.);
#2372=EDGE_CURVE('',#3407,#3459,#2999,.T.);
#2373=EDGE_CURVE('',#3460,#3409,#3000,.T.);
#2374=EDGE_CURVE('',#3408,#3464,#3001,.T.);
#2375=EDGE_CURVE('',#3461,#3411,#3002,.T.);
#2376=EDGE_CURVE('',#3463,#3412,#3003,.T.);
#2377=EDGE_CURVE('',#3414,#3127,#3004,.T.);
#2378=EDGE_CURVE('',#3133,#3127,#2542,.T.);
#2379=EDGE_CURVE('',#3415,#3132,#3005,.T.);
#2380=EDGE_CURVE('',#3455,#3417,#3006,.T.);
#2381=EDGE_CURVE('',#3418,#3456,#3007,.T.);
#2382=EDGE_CURVE('',#3418,#3417,#3008,.T.);
#2383=EDGE_CURVE('',#3458,#3419,#3009,.T.);
#2384=EDGE_CURVE('',#3420,#3457,#3010,.T.);
#2385=EDGE_CURVE('',#3420,#3465,#3011,.T.);
#2386=EDGE_CURVE('',#3456,#3453,#3012,.T.);
#2387=EDGE_CURVE('',#3458,#3459,#3013,.T.);
#2388=EDGE_CURVE('',#3417,#3419,#3014,.T.);
#2389=EDGE_CURVE('',#3420,#3418,#3015,.T.);
#2390=EDGE_CURVE('',#3422,#3423,#3016,.T.);
#2391=EDGE_CURVE('',#3424,#3421,#3017,.T.);
#2392=EDGE_CURVE('',#3425,#3423,#3018,.T.);
#2393=EDGE_CURVE('',#3424,#3426,#3019,.T.);
#2394=EDGE_CURVE('',#3426,#3425,#3020,.T.);
#2395=EDGE_CURVE('',#3422,#3445,#3021,.T.);
#2396=EDGE_CURVE('',#3424,#3401,#3022,.T.);
#2397=EDGE_CURVE('',#3426,#3402,#3023,.T.);
#2398=EDGE_CURVE('',#3421,#3427,#3024,.T.);
#2399=EDGE_CURVE('',#3428,#3429,#3025,.T.);
#2400=EDGE_CURVE('',#3430,#3427,#3026,.T.);
#2401=EDGE_CURVE('',#3431,#3430,#3027,.T.);
#2402=EDGE_CURVE('',#3429,#3432,#3028,.T.);
#2403=EDGE_CURVE('',#3432,#3431,#3029,.T.);
#2404=EDGE_CURVE('',#3430,#3399,#3030,.T.);
#2405=EDGE_CURVE('',#3428,#3398,#3031,.T.);
#2406=EDGE_CURVE('',#3432,#3400,#3032,.T.);
#2407=EDGE_CURVE('',#3428,#3440,#3033,.T.);
#2408=EDGE_CURVE('',#3435,#3433,#3034,.T.);
#2409=EDGE_CURVE('',#3434,#3436,#3035,.T.);
#2410=EDGE_CURVE('',#3435,#3437,#3036,.T.);
#2411=EDGE_CURVE('',#3438,#3436,#3037,.T.);
#2412=EDGE_CURVE('',#3437,#3438,#3038,.T.);
#2413=EDGE_CURVE('',#3434,#3396,#3039,.T.);
#2414=EDGE_CURVE('',#3435,#3395,#3040,.T.);
#2415=EDGE_CURVE('',#3437,#3397,#3041,.T.);
#2416=EDGE_CURVE('',#3434,#3407,#3042,.T.);
#2417=EDGE_CURVE('',#3440,#3441,#3043,.T.);
#2418=EDGE_CURVE('',#3442,#3439,#3044,.T.);
#2419=EDGE_CURVE('',#3443,#3442,#3045,.T.);
#2420=EDGE_CURVE('',#3441,#3444,#3046,.T.);
#2421=EDGE_CURVE('',#3444,#3443,#3047,.T.);
#2422=EDGE_CURVE('',#3442,#3393,#3048,.T.);
#2423=EDGE_CURVE('',#3440,#3392,#3049,.T.);
#2424=EDGE_CURVE('',#3444,#3394,#3050,.T.);
#2425=EDGE_CURVE('',#3439,#3433,#3051,.T.);
#2426=EDGE_CURVE('',#3446,#3449,#3052,.T.);
#2427=EDGE_CURVE('',#3449,#3445,#3053,.T.);
#2428=EDGE_CURVE('',#3447,#3448,#3054,.T.);
#2429=EDGE_CURVE('',#3453,#3452,#2533,.T.);
#2430=EDGE_CURVE('',#3459,#3460,#3055,.T.);
#2431=EDGE_CURVE('',#3460,#3461,#2543,.T.);
#2432=EDGE_CURVE('',#3462,#3463,#2544,.T.);
#2433=EDGE_CURVE('',#3465,#3450,#3056,.T.);
#2434=EDGE_CURVE('',#3446,#3119,#3057,.T.);
#2435=EDGE_CURVE('',#3447,#3445,#3058,.T.);
#2436=EDGE_CURVE('',#3451,#3123,#3059,.T.);
#2437=EDGE_CURVE('',#3452,#3129,#3060,.T.);
#2438=EDGE_CURVE('',#3448,#3149,#3061,.T.);
#2439=EDGE_CURVE('',#3456,#3375,#3062,.T.);
#2440=EDGE_CURVE('',#3457,#3456,#3063,.T.);
#2441=EDGE_CURVE('',#3458,#3148,#3064,.T.);
#2442=EDGE_CURVE('',#3455,#3458,#3065,.T.);
#2443=EDGE_CURVE('',#3446,#3421,#3066,.T.);
#2444=EDGE_CURVE('',#3447,#3422,#3067,.T.);
#2445=EDGE_CURVE('',#3448,#3419,#3068,.T.);
#2446=EDGE_CURVE('',#3465,#3448,#3069,.T.);
#2447=EDGE_CURVE('',#3413,#3414,#2545,.T.);
#2448=EDGE_CURVE('',#3416,#3415,#2546,.T.);
#2449=EDGE_CURVE('',#3409,#3411,#2547,.T.);
#2450=EDGE_CURVE('',#3410,#3412,#2548,.T.);
#2451=EDGE_CURVE('',#3466,#3467,#3070,.T.);
#2452=EDGE_CURVE('',#3466,#3099,#3071,.T.);
#2453=EDGE_CURVE('',#3467,#3101,#3072,.T.);
#2454=EDGE_CURVE('',#3467,#3468,#3073,.T.);
#2455=EDGE_CURVE('',#3468,#3100,#3074,.T.);
#2456=EDGE_CURVE('',#3469,#3470,#3075,.T.);
#2457=EDGE_CURVE('',#3469,#3102,#3076,.T.);
#2458=EDGE_CURVE('',#3470,#3104,#3077,.T.);
#2459=EDGE_CURVE('',#3470,#3471,#3078,.T.);
#2460=EDGE_CURVE('',#3471,#3103,#3079,.T.);
#2461=EDGE_CURVE('',#3472,#3473,#3080,.T.);
#2462=EDGE_CURVE('',#3472,#3105,#3081,.T.);
#2463=EDGE_CURVE('',#3473,#3107,#3082,.T.);
#2464=EDGE_CURVE('',#3473,#3474,#3083,.T.);
#2465=EDGE_CURVE('',#3474,#3106,#3084,.T.);
#2466=EDGE_CURVE('',#3475,#3476,#3085,.T.);
#2467=EDGE_CURVE('',#3475,#3108,#3086,.T.);
#2468=EDGE_CURVE('',#3476,#3110,#3087,.T.);
#2469=EDGE_CURVE('',#3476,#3477,#3088,.T.);
#2470=EDGE_CURVE('',#3477,#3109,#3089,.T.);
#2471=EDGE_CURVE('',#3478,#3479,#3090,.T.);
#2472=EDGE_CURVE('',#3479,#3187,#3091,.T.);
#2473=EDGE_CURVE('',#3478,#3374,#3092,.T.);
#2474=EDGE_CURVE('',#3480,#3481,#3093,.T.);
#2475=EDGE_CURVE('',#3481,#3377,#3094,.T.);
#2476=EDGE_CURVE('',#3480,#3191,#3095,.T.);
#2477=EDGE_CURVE('',#3482,#3483,#3096,.T.);
#2478=EDGE_CURVE('',#3483,#3380,#3097,.T.);
#2479=EDGE_CURVE('',#3482,#3388,#3098,.T.);
#2480=EDGE_CURVE('',#3484,#3485,#2534,.T.);
#2481=EDGE_CURVE('',#3485,#3386,#2549,.T.);
#2482=EDGE_CURVE('',#3484,#3387,#2550,.T.);
#2483=(
BOUNDED_CURVE()
B_SPLINE_CURVE(3,(#6368,#6369,#6370,#6371,#6372,#6373,#6374,#6375,#6376,
#6377),.UNSPECIFIED.,.F.,.F.)
B_SPLINE_CURVE_WITH_KNOTS((4,3,3,4),(-4.86239298966582E-6,8.66540749078471,
24.1124439523623,30.874205585193),.UNSPECIFIED.)
CURVE()
GEOMETRIC_REPRESENTATION_ITEM()
RATIONAL_B_SPLINE_CURVE((1.,1.,1.,1.,1.,1.,1.,1.,1.,1.))
REPRESENTATION_ITEM('')
);
#2484=(
BOUNDED_CURVE()
B_SPLINE_CURVE(3,(#6466,#6467,#6468,#6469,#6470,#6471,#6472,#6473,#6474,
#6475),.UNSPECIFIED.,.F.,.F.)
B_SPLINE_CURVE_WITH_KNOTS((4,3,3,4),(-4.64950683630966E-5,6.76171513842561,
22.2087515993347,30.874163952137),.UNSPECIFIED.)
CURVE()
GEOMETRIC_REPRESENTATION_ITEM()
RATIONAL_B_SPLINE_CURVE((1.,1.,0.999999999999999,0.999999999999999,0.999999999999999,
0.999999999999999,0.999999999999999,1.,1.,1.))
REPRESENTATION_ITEM('')
);
#2485=(
BOUNDED_CURVE()
B_SPLINE_CURVE(3,(#6476,#6477,#6478,#6479,#6480,#6481,#6482,#6483,#6484,
#6485),.UNSPECIFIED.,.F.,.F.)
B_SPLINE_CURVE_WITH_KNOTS((4,3,3,4),(0.0866438016709649,15.437091733985,
25.3264698633262,30.7875065407255),.UNSPECIFIED.)
CURVE()
GEOMETRIC_REPRESENTATION_ITEM()
RATIONAL_B_SPLINE_CURVE((1.,1.,1.,1.,1.,1.,1.,1.,1.,1.))
REPRESENTATION_ITEM('')
);
#2486=(
BOUNDED_CURVE()
B_SPLINE_CURVE(3,(#6567,#6568,#6569,#6570,#6571,#6572,#6573,#6574,#6575,
#6576),.UNSPECIFIED.,.F.,.F.)
B_SPLINE_CURVE_WITH_KNOTS((4,3,3,4),(-4.64950681053051E-5,6.76171513842641,
22.2087515993351,30.8741639521371),.UNSPECIFIED.)
CURVE()
GEOMETRIC_REPRESENTATION_ITEM()
RATIONAL_B_SPLINE_CURVE((1.,1.,0.999999999999999,0.999999999999999,0.999999999999999,
1.,1.,1.,1.,1.))
REPRESENTATION_ITEM('')
);
#2487=(
BOUNDED_CURVE()
B_SPLINE_CURVE(3,(#6638,#6639,#6640,#6641,#6642,#6643,#6644,#6645,#6646,
#6647),.UNSPECIFIED.,.F.,.F.)
B_SPLINE_CURVE_WITH_KNOTS((4,3,3,4),(0.0866479407097966,8.66540749078471,
24.1124439523623,30.7875592482691),.UNSPECIFIED.)
CURVE()
GEOMETRIC_REPRESENTATION_ITEM()
RATIONAL_B_SPLINE_CURVE((1.,1.,1.,1.,1.,1.,1.,1.,1.,1.))
REPRESENTATION_ITEM('')
);
#2488=(
BOUNDED_CURVE()
B_SPLINE_CURVE(3,(#6729,#6730,#6731,#6732,#6733,#6734,#6735,#6736,#6737,
#6738),.UNSPECIFIED.,.F.,.F.)
B_SPLINE_CURVE_WITH_KNOTS((4,3,3,4),(0.0865998418251117,6.76171513842561,
22.2087515993347,30.7875111489871),.UNSPECIFIED.)
CURVE()
GEOMETRIC_REPRESENTATION_ITEM()
RATIONAL_B_SPLINE_CURVE((1.,1.,0.999999999999999,0.999999999999999,0.999999999999999,
0.999999999999999,0.999999999999999,1.,1.,1.))
REPRESENTATION_ITEM('')
);
#2489=(
BOUNDED_CURVE()
B_SPLINE_CURVE(3,(#7024,#7025,#7026,#7027,#7028,#7029,#7030,#7031,#7032,
#7033),.UNSPECIFIED.,.F.,.F.)
B_SPLINE_CURVE_WITH_KNOTS((4,3,3,4),(-6.90581662924223E-6,15.4370917339846,
25.3264698633256,30.8741604951997),.UNSPECIFIED.)
CURVE()
GEOMETRIC_REPRESENTATION_ITEM()
RATIONAL_B_SPLINE_CURVE((1.,1.,1.,1.,1.,1.,0.999999999999999,1.,1.,1.))
REPRESENTATION_ITEM('')
);
#2490=(
BOUNDED_CURVE()
B_SPLINE_CURVE(3,(#7034,#7035,#7036,#7037,#7038,#7039,#7040,#7041,#7042,
#7043),.UNSPECIFIED.,.F.,.F.)
B_SPLINE_CURVE_WITH_KNOTS((4,3,3,4),(-6.90581773653962E-6,15.437091733985,
25.3264698633262,30.8741604948212),.UNSPECIFIED.)
CURVE()
GEOMETRIC_REPRESENTATION_ITEM()
RATIONAL_B_SPLINE_CURVE((1.,1.,1.,1.,1.,1.,1.,1.,1.,1.))
REPRESENTATION_ITEM('')
);
#2491=(
BOUNDED_CURVE()
B_SPLINE_CURVE(3,(#7105,#7106,#7107,#7108,#7109,#7110,#7111,#7112,#7113,
#7114),.UNSPECIFIED.,.F.,.F.)
B_SPLINE_CURVE_WITH_KNOTS((4,3,3,4),(0.0866438013804475,15.4370917339846,
25.3264698633256,30.787506540725),.UNSPECIFIED.)
CURVE()
GEOMETRIC_REPRESENTATION_ITEM()
RATIONAL_B_SPLINE_CURVE((1.,1.,1.,1.,1.,1.,0.999999999999999,1.,1.,1.))
REPRESENTATION_ITEM('')
);
#2492=(
BOUNDED_CURVE()
B_SPLINE_CURVE(3,(#7115,#7116,#7117,#7118,#7119,#7120,#7121,#7122,#7123,
#7124),.UNSPECIFIED.,.F.,.F.)
B_SPLINE_CURVE_WITH_KNOTS((4,3,3,4),(0.0866479403446902,8.66540749078483,
24.1124439523619,30.7875592482698),.UNSPECIFIED.)
CURVE()
GEOMETRIC_REPRESENTATION_ITEM()
RATIONAL_B_SPLINE_CURVE((1.,0.999999999999999,0.999999999999998,0.999999999999998,
0.999999999999999,0.999999999999999,1.,1.,1.,1.))
REPRESENTATION_ITEM('')
);
#2493=(
BOUNDED_CURVE()
B_SPLINE_CURVE(3,(#7422,#7423,#7424,#7425,#7426,#7427,#7428,#7429,#7430,
#7431),.UNSPECIFIED.,.F.,.F.)
B_SPLINE_CURVE_WITH_KNOTS((4,3,3,4),(-4.86239266956932E-6,8.66540749078483,
24.1124439523619,30.874205585193),.UNSPECIFIED.)
CURVE()
GEOMETRIC_REPRESENTATION_ITEM()
RATIONAL_B_SPLINE_CURVE((1.,0.999999999999999,0.999999999999998,0.999999999999998,
0.999999999999999,0.999999999999999,1.,1.,1.,1.))
REPRESENTATION_ITEM('')
);
#2494=(
BOUNDED_CURVE()
B_SPLINE_CURVE(3,(#7456,#7457,#7458,#7459,#7460,#7461,#7462,#7463,#7464,
#7465),.UNSPECIFIED.,.F.,.F.)
B_SPLINE_CURVE_WITH_KNOTS((4,3,3,4),(-4.86242350159773E-6,8.66540749040967,
24.112443951319,30.8742055845327),.UNSPECIFIED.)
CURVE()
GEOMETRIC_REPRESENTATION_ITEM()
RATIONAL_B_SPLINE_CURVE((1.,1.,1.,1.,1.,1.,1.,1.,1.,1.))
REPRESENTATION_ITEM('')
);
#2495=(
BOUNDED_CURVE()
B_SPLINE_CURVE(3,(#7486,#7487,#7488,#7489,#7490,#7491,#7492,#7493,#7494,
#7495),.UNSPECIFIED.,.F.,.F.)
B_SPLINE_CURVE_WITH_KNOTS((4,3,3,4),(0.0866479407570363,8.66540749040967,
24.112443951319,30.7875592476271),.UNSPECIFIED.)
CURVE()
GEOMETRIC_REPRESENTATION_ITEM()
RATIONAL_B_SPLINE_CURVE((1.,1.,1.,1.,1.,1.,1.,1.,1.,1.))
REPRESENTATION_ITEM('')
);
#2496=(
BOUNDED_CURVE()
B_SPLINE_CURVE(3,(#7516,#7517,#7518,#7519,#7520,#7521,#7522,#7523,#7524,
#7525),.UNSPECIFIED.,.F.,.F.)
B_SPLINE_CURVE_WITH_KNOTS((4,3,3,4),(-6.90581683038261E-6,15.4370917336027,
25.3264698627003,30.87416049406),.UNSPECIFIED.)
CURVE()
GEOMETRIC_REPRESENTATION_ITEM()
RATIONAL_B_SPLINE_CURVE((1.,1.,1.,1.,1.,1.,1.,1.,1.,1.))
REPRESENTATION_ITEM('')
);
#2497=(
BOUNDED_CURVE()
B_SPLINE_CURVE(3,(#7546,#7547,#7548,#7549,#7550,#7551,#7552,#7553,#7554,
#7555),.UNSPECIFIED.,.F.,.F.)
B_SPLINE_CURVE_WITH_KNOTS((4,3,3,4),(0.0866438016886617,15.4370917336027,
25.3264698627003,30.7875065399466),.UNSPECIFIED.)
CURVE()
GEOMETRIC_REPRESENTATION_ITEM()
RATIONAL_B_SPLINE_CURVE((1.,1.,1.,1.,1.,1.,1.,1.,1.,1.))
REPRESENTATION_ITEM('')
);
#2498=(
BOUNDED_CURVE()
B_SPLINE_CURVE(3,(#7576,#7577,#7578,#7579,#7580,#7581,#7582,#7583,#7584,
#7585),.UNSPECIFIED.,.F.,.F.)
B_SPLINE_CURVE_WITH_KNOTS((4,3,3,4),(-4.64950685919829E-5,6.76171513880532,
22.2087515990481,30.8741639515128),.UNSPECIFIED.)
CURVE()
GEOMETRIC_REPRESENTATION_ITEM()
RATIONAL_B_SPLINE_CURVE((1.,1.,1.,0.999999999999999,0.999999999999999,1.,
1.,1.,1.,1.))
REPRESENTATION_ITEM('')
);
#2499=(
BOUNDED_CURVE()
B_SPLINE_CURVE(3,(#7606,#7607,#7608,#7609,#7610,#7611,#7612,#7613,#7614,
#7615),.UNSPECIFIED.,.F.,.F.)
B_SPLINE_CURVE_WITH_KNOTS((4,3,3,4),(0.0865998418081768,6.76171513880532,
22.2087515990481,30.7875111482786),.UNSPECIFIED.)
CURVE()
GEOMETRIC_REPRESENTATION_ITEM()
RATIONAL_B_SPLINE_CURVE((1.,1.,1.,0.999999999999999,0.999999999999999,1.,
1.,1.,1.,1.))
REPRESENTATION_ITEM('')
);
#2500=(
BOUNDED_CURVE()
B_SPLINE_CURVE(3,(#7636,#7637,#7638,#7639,#7640,#7641,#7642,#7643,#7644,
#7645),.UNSPECIFIED.,.F.,.F.)
B_SPLINE_CURVE_WITH_KNOTS((4,3,3,4),(-4.86255133761848E-6,8.66540749078346,
24.1124439523579,30.8742055841523),.UNSPECIFIED.)
CURVE()
GEOMETRIC_REPRESENTATION_ITEM()
RATIONAL_B_SPLINE_CURVE((1.,1.,1.,1.,1.,1.,1.,1.,1.,1.))
REPRESENTATION_ITEM('')
);
#2501=(
BOUNDED_CURVE()
B_SPLINE_CURVE(3,(#7666,#7667,#7668,#7669,#7670,#7671,#7672,#7673,#7674,
#7675),.UNSPECIFIED.,.F.,.F.)
B_SPLINE_CURVE_WITH_KNOTS((4,3,3,4),(0.0866479407095324,8.66540749078346,
24.1124439523579,30.7875592471818),.UNSPECIFIED.)
CURVE()
GEOMETRIC_REPRESENTATION_ITEM()
RATIONAL_B_SPLINE_CURVE((1.,1.,1.,1.,1.,1.,1.,1.,1.,1.))
REPRESENTATION_ITEM('')
);
#2502=(
BOUNDED_CURVE()
B_SPLINE_CURVE(3,(#7696,#7697,#7698,#7699,#7700,#7701,#7702,#7703,#7704,
#7705),.UNSPECIFIED.,.F.,.F.)
B_SPLINE_CURVE_WITH_KNOTS((4,3,3,4),(-6.90581728678912E-6,15.4370917350224,
25.3264698632097,30.8741604940584),.UNSPECIFIED.)
CURVE()
GEOMETRIC_REPRESENTATION_ITEM()
RATIONAL_B_SPLINE_CURVE((1.,0.999999999999999,1.,1.,1.,0.999999999999999,
1.,1.,1.,1.))
REPRESENTATION_ITEM('')
);
#2503=(
BOUNDED_CURVE()
B_SPLINE_CURVE(3,(#7726,#7727,#7728,#7729,#7730,#7731,#7732,#7733,#7734,
#7735),.UNSPECIFIED.,.F.,.F.)
B_SPLINE_CURVE_WITH_KNOTS((4,3,3,4),(0.0866438016242353,15.4370917350224,
25.3264698632097,30.7875065398801),.UNSPECIFIED.)
CURVE()
GEOMETRIC_REPRESENTATION_ITEM()
RATIONAL_B_SPLINE_CURVE((1.,0.999999999999999,1.,1.,1.,0.999999999999999,
1.,1.,1.,1.))
REPRESENTATION_ITEM('')
);
#2504=(
BOUNDED_CURVE()
B_SPLINE_CURVE(3,(#7756,#7757,#7758,#7759,#7760,#7761,#7762,#7763,#7764,
#7765),.UNSPECIFIED.,.F.,.F.)
B_SPLINE_CURVE_WITH_KNOTS((4,3,3,4),(2.00873563504264E-5,2.16586395394358,
13.3549517434868,30.8742307921384),.UNSPECIFIED.)
CURVE()
GEOMETRIC_REPRESENTATION_ITEM()
RATIONAL_B_SPLINE_CURVE((1.,1.,0.999999999999999,0.999999999999999,0.999999999999999,
1.,1.,1.,1.,1.))
REPRESENTATION_ITEM('')
);
#2505=(
BOUNDED_CURVE()
B_SPLINE_CURVE(3,(#7786,#7787,#7788,#7789,#7790,#7791,#7792,#7793,#7794,
#7795),.UNSPECIFIED.,.F.,.F.)
B_SPLINE_CURVE_WITH_KNOTS((4,3,3,4),(0.086663435682163,2.16586395394358,
13.3549517434868,30.7875849155297),.UNSPECIFIED.)
CURVE()
GEOMETRIC_REPRESENTATION_ITEM()
RATIONAL_B_SPLINE_CURVE((1.,1.,0.999999999999999,0.999999999999999,0.999999999999999,
1.,1.,1.,1.,1.))
REPRESENTATION_ITEM('')
);
#2506=(
BOUNDED_CURVE()
B_SPLINE_CURVE(3,(#7816,#7817,#7818,#7819,#7820,#7821,#7822,#7823,#7824,
#7825),.UNSPECIFIED.,.F.,.F.)
B_SPLINE_CURVE_WITH_KNOTS((4,3,3,4),(-7.17026746087087E-5,17.5192073490026,
28.7082951370434,30.8741390023524),.UNSPECIFIED.)
CURVE()
GEOMETRIC_REPRESENTATION_ITEM()
RATIONAL_B_SPLINE_CURVE((1.,1.,1.,1.,1.,1.,1.,1.,1.,1.))
REPRESENTATION_ITEM('')
);
#2507=(
BOUNDED_CURVE()
B_SPLINE_CURVE(3,(#7846,#7847,#7848,#7849,#7850,#7851,#7852,#7853,#7854,
#7855),.UNSPECIFIED.,.F.,.F.)
B_SPLINE_CURVE_WITH_KNOTS((4,3,3,4),(0.0865741737477447,17.5192073490026,
28.7082951370434,30.7874956541094),.UNSPECIFIED.)
CURVE()
GEOMETRIC_REPRESENTATION_ITEM()
RATIONAL_B_SPLINE_CURVE((1.,1.,1.,1.,1.,1.,1.,1.,1.,1.))
REPRESENTATION_ITEM('')
);
#2508=(
BOUNDED_CURVE()
B_SPLINE_CURVE(3,(#7876,#7877,#7878,#7879,#7880,#7881),.UNSPECIFIED.,.F.,
 .F.)
B_SPLINE_CURVE_WITH_KNOTS((4,1,1,4),(-6.90623339369175E-6,15.4370917354064,
25.3264698638363,30.874160494821),.UNSPECIFIED.)
CURVE()
GEOMETRIC_REPRESENTATION_ITEM()
RATIONAL_B_SPLINE_CURVE((1.,1.,0.999999999999998,1.,1.,1.))
REPRESENTATION_ITEM('')
);
#2509=(
BOUNDED_CURVE()
B_SPLINE_CURVE(3,(#7902,#7903,#7904,#7905,#7906,#7907),.UNSPECIFIED.,.F.,
 .F.)
B_SPLINE_CURVE_WITH_KNOTS((4,1,1,4),(0.086643801606864,15.4370917354064,
25.3264698638363,30.7875065406602),.UNSPECIFIED.)
CURVE()
GEOMETRIC_REPRESENTATION_ITEM()
RATIONAL_B_SPLINE_CURVE((1.,1.,0.999999999999998,1.,1.,1.))
REPRESENTATION_ITEM('')
);
#2510=(
BOUNDED_CURVE()
B_SPLINE_CURVE(3,(#7928,#7929,#7930,#7931,#7932,#7933,#7934,#7935,#7936,
#7937),.UNSPECIFIED.,.F.,.F.)
B_SPLINE_CURVE_WITH_KNOTS((4,3,3,4),(0.0865998417601077,6.76171513984785,
22.2087516000885,30.7875111496849),.UNSPECIFIED.)
CURVE()
GEOMETRIC_REPRESENTATION_ITEM()
RATIONAL_B_SPLINE_CURVE((1.,1.,1.,1.,1.,1.,1.,1.,1.,1.))
REPRESENTATION_ITEM('')
);
#2511=(
BOUNDED_CURVE()
B_SPLINE_CURVE(3,(#7958,#7959,#7960,#7961,#7962,#7963,#7964,#7965,#7966,
#7967),.UNSPECIFIED.,.F.,.F.)
B_SPLINE_CURVE_WITH_KNOTS((4,3,3,4),(-4.64950683523953E-5,6.76171513984785,
22.2087516000885,30.8741639526595),.UNSPECIFIED.)
CURVE()
GEOMETRIC_REPRESENTATION_ITEM()
RATIONAL_B_SPLINE_CURVE((1.,1.,1.,1.,1.,1.,1.,1.,1.,1.))
REPRESENTATION_ITEM('')
);
#2512=(
BOUNDED_CURVE()
B_SPLINE_CURVE(3,(#7988,#7989,#7990,#7991,#7992,#7993),.UNSPECIFIED.,.F.,
 .F.)
B_SPLINE_CURVE_WITH_KNOTS((4,1,1,4),(2.00869507610606E-5,2.1658639539433,
13.3549517434869,30.8742307921384),.UNSPECIFIED.)
CURVE()
GEOMETRIC_REPRESENTATION_ITEM()
RATIONAL_B_SPLINE_CURVE((1.,1.,1.,1.,1.,1.))
REPRESENTATION_ITEM('')
);
#2513=(
BOUNDED_CURVE()
B_SPLINE_CURVE(3,(#8014,#8015,#8016,#8017,#8018,#8019),.UNSPECIFIED.,.F.,
 .F.)
B_SPLINE_CURVE_WITH_KNOTS((4,1,1,4),(0.0866634354484551,2.1658639539433,
13.3549517434869,30.7875849157075),.UNSPECIFIED.)
CURVE()
GEOMETRIC_REPRESENTATION_ITEM()
RATIONAL_B_SPLINE_CURVE((1.,1.,1.,1.,1.,1.))
REPRESENTATION_ITEM('')
);
#2514=(
BOUNDED_CURVE()
B_SPLINE_CURVE(3,(#8040,#8041,#8042,#8043,#8044,#8045,#8046,#8047,#8048,
#8049),.UNSPECIFIED.,.F.,.F.)
B_SPLINE_CURVE_WITH_KNOTS((4,3,3,4),(-7.17026746998445E-5,17.5192073490025,
28.7082951370433,30.8741390027913),.UNSPECIFIED.)
CURVE()
GEOMETRIC_REPRESENTATION_ITEM()
RATIONAL_B_SPLINE_CURVE((1.,1.,1.,1.,1.,1.,1.,1.,1.,1.))
REPRESENTATION_ITEM('')
);
#2515=(
BOUNDED_CURVE()
B_SPLINE_CURVE(3,(#8070,#8071,#8072,#8073,#8074,#8075,#8076,#8077,#8078,
#8079),.UNSPECIFIED.,.F.,.F.)
B_SPLINE_CURVE_WITH_KNOTS((4,3,3,4),(0.0865741737475736,17.5192073490025,
28.7082951370433,30.7874956541088),.UNSPECIFIED.)
CURVE()
GEOMETRIC_REPRESENTATION_ITEM()
RATIONAL_B_SPLINE_CURVE((1.,1.,1.,1.,1.,1.,1.,1.,1.,1.))
REPRESENTATION_ITEM('')
);
#2516=(
BOUNDED_CURVE()
B_SPLINE_CURVE(3,(#8100,#8101,#8102,#8103,#8104,#8105,#8106,#8107,#8108,
#8109),.UNSPECIFIED.,.F.,.F.)
B_SPLINE_CURVE_WITH_KNOTS((4,3,3,4),(0.0865998417606764,6.76171513984746,
22.2087516000884,30.7875111493197),.UNSPECIFIED.)
CURVE()
GEOMETRIC_REPRESENTATION_ITEM()
RATIONAL_B_SPLINE_CURVE((1.,1.,1.,1.,1.,1.,1.,1.,1.,1.))
REPRESENTATION_ITEM('')
);
#2517=(
BOUNDED_CURVE()
B_SPLINE_CURVE(3,(#8130,#8131,#8132,#8133,#8134,#8135,#8136,#8137,#8138,
#8139),.UNSPECIFIED.,.F.,.F.)
B_SPLINE_CURVE_WITH_KNOTS((4,3,3,4),(-4.64950680344767E-5,6.76171513984746,
22.2087516000884,30.8741639525169),.UNSPECIFIED.)
CURVE()
GEOMETRIC_REPRESENTATION_ITEM()
RATIONAL_B_SPLINE_CURVE((1.,1.,1.,1.,1.,1.,1.,1.,1.,1.))
REPRESENTATION_ITEM('')
);
#2518=(
BOUNDED_CURVE()
B_SPLINE_CURVE(3,(#8140,#8141,#8142,#8143,#8144,#8145,#8146,#8147,#8148,
#8149),.UNSPECIFIED.,.F.,.F.)
B_SPLINE_CURVE_WITH_KNOTS((4,3,3,4),(-6.90581746463008E-6,15.4370917354066,
25.3264698638366,30.8741604948203),.UNSPECIFIED.)
CURVE()
GEOMETRIC_REPRESENTATION_ITEM()
RATIONAL_B_SPLINE_CURVE((1.,1.,1.,1.,1.,1.,1.,1.,1.,1.))
REPRESENTATION_ITEM('')
);
#2519=(
BOUNDED_CURVE()
B_SPLINE_CURVE(3,(#8170,#8171,#8172,#8173,#8174,#8175,#8176,#8177,#8178,
#8179),.UNSPECIFIED.,.F.,.F.)
B_SPLINE_CURVE_WITH_KNOTS((4,3,3,4),(0.0866438014131652,15.4370917354066,
25.3264698638366,30.7875065406595),.UNSPECIFIED.)
CURVE()
GEOMETRIC_REPRESENTATION_ITEM()
RATIONAL_B_SPLINE_CURVE((1.,1.,1.,1.,1.,1.,1.,1.,1.,1.))
REPRESENTATION_ITEM('')
);
#2520=(
BOUNDED_CURVE()
B_SPLINE_CURVE(3,(#8180,#8181,#8182,#8183,#8184,#8185,#8186,#8187,#8188,
#8189),.UNSPECIFIED.,.F.,.F.)
B_SPLINE_CURVE_WITH_KNOTS((4,3,3,4),(0.0865998418253413,6.76171513842641,
22.2087515993351,30.7875111491702),.UNSPECIFIED.)
CURVE()
GEOMETRIC_REPRESENTATION_ITEM()
RATIONAL_B_SPLINE_CURVE((1.,1.,0.999999999999999,0.999999999999999,0.999999999999999,
1.,1.,1.,1.,1.))
REPRESENTATION_ITEM('')
);
#2521=(
BOUNDED_CURVE()
B_SPLINE_CURVE(3,(#8210,#8211,#8212,#8213,#8214,#8215,#8216,#8217,#8218,
#8219),.UNSPECIFIED.,.F.,.F.)
B_SPLINE_CURVE_WITH_KNOTS((4,3,3,4),(-4.86239308195024E-6,8.66540749040953,
24.1124439513189,30.8742055845325),.UNSPECIFIED.)
CURVE()
GEOMETRIC_REPRESENTATION_ITEM()
RATIONAL_B_SPLINE_CURVE((1.,0.999999999999999,0.999999999999999,0.999999999999999,
0.999999999999999,0.999999999999999,0.999999999999999,0.999999999999999,
1.,1.))
REPRESENTATION_ITEM('')
);
#2522=(
BOUNDED_CURVE()
B_SPLINE_CURVE(3,(#8240,#8241,#8242,#8243,#8244,#8245,#8246,#8247,#8248,
#8249),.UNSPECIFIED.,.F.,.F.)
B_SPLINE_CURVE_WITH_KNOTS((4,3,3,4),(0.086647940756745,8.66540749040953,
24.1124439513189,30.787559247627),.UNSPECIFIED.)
CURVE()
GEOMETRIC_REPRESENTATION_ITEM()
RATIONAL_B_SPLINE_CURVE((1.,0.999999999999999,0.999999999999999,0.999999999999999,
0.999999999999999,0.999999999999999,0.999999999999999,0.999999999999999,
1.,1.))
REPRESENTATION_ITEM('')
);
#2523=(
BOUNDED_CURVE()
B_SPLINE_CURVE(3,(#8270,#8271,#8272,#8273,#8274,#8275,#8276,#8277,#8278,
#8279),.UNSPECIFIED.,.F.,.F.)
B_SPLINE_CURVE_WITH_KNOTS((4,3,3,4),(-6.9058171000932E-6,15.4370917336027,
25.3264698627007,30.8741604940597),.UNSPECIFIED.)
CURVE()
GEOMETRIC_REPRESENTATION_ITEM()
RATIONAL_B_SPLINE_CURVE((1.,1.,1.,1.,1.,1.,1.,1.,1.,1.))
REPRESENTATION_ITEM('')
);
#2524=(
BOUNDED_CURVE()
B_SPLINE_CURVE(3,(#8300,#8301,#8302,#8303,#8304,#8305,#8306,#8307,#8308,
#8309),.UNSPECIFIED.,.F.,.F.)
B_SPLINE_CURVE_WITH_KNOTS((4,3,3,4),(0.0866438015433779,15.4370917336027,
25.3264698627007,30.7875065399459),.UNSPECIFIED.)
CURVE()
GEOMETRIC_REPRESENTATION_ITEM()
RATIONAL_B_SPLINE_CURVE((1.,1.,1.,1.,1.,1.,1.,1.,1.,1.))
REPRESENTATION_ITEM('')
);
#2525=(
BOUNDED_CURVE()
B_SPLINE_CURVE(3,(#8330,#8331,#8332,#8333,#8334,#8335,#8336,#8337,#8338,
#8339),.UNSPECIFIED.,.F.,.F.)
B_SPLINE_CURVE_WITH_KNOTS((4,3,3,4),(-4.64950685933849E-5,6.76171513880544,
22.2087515990474,30.8741639514751),.UNSPECIFIED.)
CURVE()
GEOMETRIC_REPRESENTATION_ITEM()
RATIONAL_B_SPLINE_CURVE((1.,1.,1.,1.,1.,1.,1.,1.,1.,1.))
REPRESENTATION_ITEM('')
);
#2526=(
BOUNDED_CURVE()
B_SPLINE_CURVE(3,(#8360,#8361,#8362,#8363,#8364,#8365,#8366,#8367,#8368,
#8369),.UNSPECIFIED.,.F.,.F.)
B_SPLINE_CURVE_WITH_KNOTS((4,3,3,4),(0.0865998418082459,6.76171513880544,
22.2087515990474,30.7875111482781),.UNSPECIFIED.)
CURVE()
GEOMETRIC_REPRESENTATION_ITEM()
RATIONAL_B_SPLINE_CURVE((1.,1.,1.,1.,1.,1.,1.,1.,1.,1.))
REPRESENTATION_ITEM('')
);
#2527=(
BOUNDED_CURVE()
B_SPLINE_CURVE(3,(#8390,#8391,#8392,#8393,#8394,#8395,#8396,#8397,#8398,
#8399),.UNSPECIFIED.,.F.,.F.)
B_SPLINE_CURVE_WITH_KNOTS((4,3,3,4),(-4.86239428460055E-6,8.66540749078335,
24.1124439523583,30.8742055841495),.UNSPECIFIED.)
CURVE()
GEOMETRIC_REPRESENTATION_ITEM()
RATIONAL_B_SPLINE_CURVE((1.,1.,1.,1.,1.,1.,1.,1.,1.,1.))
REPRESENTATION_ITEM('')
);
#2528=(
BOUNDED_CURVE()
B_SPLINE_CURVE(3,(#8420,#8421,#8422,#8423,#8424,#8425,#8426,#8427,#8428,
#8429),.UNSPECIFIED.,.F.,.F.)
B_SPLINE_CURVE_WITH_KNOTS((4,3,3,4),(0.0866479407098775,8.66540749078335,
24.1124439523583,30.7875592471796),.UNSPECIFIED.)
CURVE()
GEOMETRIC_REPRESENTATION_ITEM()
RATIONAL_B_SPLINE_CURVE((1.,1.,1.,1.,1.,1.,1.,1.,1.,1.))
REPRESENTATION_ITEM('')
);
#2529=(
BOUNDED_CURVE()
B_SPLINE_CURVE(3,(#8450,#8451,#8452,#8453,#8454,#8455,#8456,#8457,#8458,
#8459),.UNSPECIFIED.,.F.,.F.)
B_SPLINE_CURVE_WITH_KNOTS((4,3,3,4),(-6.90665155289594E-6,15.4370917350226,
25.3264698632101,30.8741604940582),.UNSPECIFIED.)
CURVE()
GEOMETRIC_REPRESENTATION_ITEM()
RATIONAL_B_SPLINE_CURVE((1.,1.,1.,1.,1.,1.,1.,1.,1.,1.))
REPRESENTATION_ITEM('')
);
#2530=(
BOUNDED_CURVE()
B_SPLINE_CURVE(3,(#8480,#8481,#8482,#8483,#8484,#8485,#8486,#8487,#8488,
#8489),.UNSPECIFIED.,.F.,.F.)
B_SPLINE_CURVE_WITH_KNOTS((4,3,3,4),(0.086643801623509,15.4370917350226,
25.3264698632101,30.7875065398799),.UNSPECIFIED.)
CURVE()
GEOMETRIC_REPRESENTATION_ITEM()
RATIONAL_B_SPLINE_CURVE((1.,1.,1.,1.,1.,1.,1.,1.,1.,1.))
REPRESENTATION_ITEM('')
);
#2531=(
BOUNDED_CURVE()
B_SPLINE_CURVE(1,(#8644,#8645),.UNSPECIFIED.,.F.,.F.)
B_SPLINE_CURVE_WITH_KNOTS((2,2),(5.3777461571666,10.3777461571666),
 .UNSPECIFIED.)
CURVE()
GEOMETRIC_REPRESENTATION_ITEM()
RATIONAL_B_SPLINE_CURVE((1.,1.))
REPRESENTATION_ITEM('')
);
#2532=(
BOUNDED_CURVE()
B_SPLINE_CURVE(2,(#8846,#8847,#8848,#8849,#8850),.UNSPECIFIED.,.F.,.F.)
B_SPLINE_CURVE_WITH_KNOTS((3,2,3),(-1.87095036413576,2.39191492076479,6.65477812637385),
 .UNSPECIFIED.)
CURVE()
GEOMETRIC_REPRESENTATION_ITEM()
RATIONAL_B_SPLINE_CURVE((1.,0.758050507952559,1.,0.758050715429484,1.))
REPRESENTATION_ITEM('')
);
#2533=(
BOUNDED_CURVE()
B_SPLINE_CURVE(2,(#9243,#9244,#9245,#9246,#9247),.UNSPECIFIED.,.F.,.F.)
B_SPLINE_CURVE_WITH_KNOTS((3,2,3),(18.8481806052521,23.1110458901527,27.3739090957617),
 .UNSPECIFIED.)
CURVE()
GEOMETRIC_REPRESENTATION_ITEM()
RATIONAL_B_SPLINE_CURVE((1.,0.758050507952559,1.,0.758050715429484,1.))
REPRESENTATION_ITEM('')
);
#2534=(
BOUNDED_CURVE()
B_SPLINE_CURVE(1,(#9538,#9539),.UNSPECIFIED.,.F.,.F.)
B_SPLINE_CURVE_WITH_KNOTS((2,2),(5.3777461571666,10.3777461571666),
 .UNSPECIFIED.)
CURVE()
GEOMETRIC_REPRESENTATION_ITEM()
RATIONAL_B_SPLINE_CURVE((1.,1.))
REPRESENTATION_ITEM('')
);
#2535=TRIMMED_CURVE($,#2551,(#6175),(#6176),.T.,.CARTESIAN.);
#2536=TRIMMED_CURVE($,#2552,(#6178),(#6179),.T.,.CARTESIAN.);
#2537=TRIMMED_CURVE($,#2553,(#6181),(#6182),.T.,.CARTESIAN.);
#2538=TRIMMED_CURVE($,#2554,(#8639),(#8640),.T.,.CARTESIAN.);
#2539=TRIMMED_CURVE($,#2555,(#8642),(#8643),.T.,.CARTESIAN.);
#2540=TRIMMED_CURVE($,#2556,(#8803),(#8804),.T.,.CARTESIAN.);
#2541=TRIMMED_CURVE($,#2557,(#8831),(#8832),.T.,.CARTESIAN.);
#2542=TRIMMED_CURVE($,#2558,(#8895),(#8896),.T.,.CARTESIAN.);
#2543=TRIMMED_CURVE($,#2559,(#9251),(#9252),.T.,.CARTESIAN.);
#2544=TRIMMED_CURVE($,#2560,(#9254),(#9255),.T.,.CARTESIAN.);
#2545=TRIMMED_CURVE($,#2561,(#9304),(#9305),.T.,.CARTESIAN.);
#2546=TRIMMED_CURVE($,#2562,(#9307),(#9308),.T.,.CARTESIAN.);
#2547=TRIMMED_CURVE($,#2563,(#9310),(#9311),.T.,.CARTESIAN.);
#2548=TRIMMED_CURVE($,#2564,(#9313),(#9314),.T.,.CARTESIAN.);
#2549=TRIMMED_CURVE($,#2565,(#9541),(#9542),.T.,.CARTESIAN.);
#2550=TRIMMED_CURVE($,#2566,(#9544),(#9545),.T.,.CARTESIAN.);
#2551=CIRCLE('',#3886,9.99999999999985);
#2552=CIRCLE('',#3887,10.0000000000002);
#2553=CIRCLE('',#3888,9.99999999999955);
#2554=CIRCLE('',#3889,6.00000000000013);
#2555=CIRCLE('',#3890,6.00000000000013);
#2556=CIRCLE('',#3891,3.00000000000044);
#2557=CIRCLE('',#3892,2.99999999999959);
#2558=CIRCLE('',#3893,10.0000000000005);
#2559=CIRCLE('',#3894,7.00000000000136);
#2560=CIRCLE('',#3895,7.00000000000014);
#2561=CIRCLE('',#3896,10.0000000000005);
#2562=CIRCLE('',#3897,9.99999999999955);
#2563=CIRCLE('',#3898,6.99999999999955);
#2564=CIRCLE('',#3899,7.00000000000026);
#2565=CIRCLE('',#3900,5.99999999999989);
#2566=CIRCLE('',#3901,5.99999999999989);
#2567=B_SPLINE_CURVE_WITH_KNOTS('',5,(#5901,#5902,#5903,#5904,#5905,#5906,
#5907,#5908,#5909,#5910,#5911,#5912,#5913),.UNSPECIFIED.,.F.,.F.,(6,1,1,
1,1,1,1,1,6),(0.,0.392699081698724,0.785398163397448,1.17809724509617,1.5707963267949,
1.96349540849362,2.35619449019235,2.74889357189107,3.14159265358979),
 .UNSPECIFIED.);
#2568=B_SPLINE_CURVE_WITH_KNOTS('',1,(#5914,#5915),.UNSPECIFIED.,.F.,.F.,
(2,2),(0.,7.00000000000001),.UNSPECIFIED.);
#2569=B_SPLINE_CURVE_WITH_KNOTS('',3,(#5916,#5917,#5918,#5919,#5920,#5921,
#5922,#5923,#5924,#5925,#5926),.UNSPECIFIED.,.F.,.F.,(4,1,1,1,1,1,1,1,4),
(0.,1.13882552603452,2.27765105207524,3.41647657811478,4.5553021041565,
5.6941276301974,6.83295315623764,7.9717786822783,9.11060420832667),
 .UNSPECIFIED.);
#2570=B_SPLINE_CURVE_WITH_KNOTS('',1,(#5927,#5928),.UNSPECIFIED.,.F.,.F.,
(2,2),(0.,1.),.UNSPECIFIED.);
#2571=B_SPLINE_CURVE_WITH_KNOTS('',3,(#5929,#5930,#5931,#5932,#5933,#5934,
#5935,#5936,#5937,#5938,#5939),.UNSPECIFIED.,.F.,.F.,(4,1,1,1,1,1,1,1,4),
(0.,1.13882545242006,2.27765090484631,3.41647635727139,4.55530180969864,
5.69412726212508,6.83295271455086,7.97177816697705,9.11060361941095),
 .UNSPECIFIED.);
#2572=B_SPLINE_CURVE_WITH_KNOTS('',5,(#5940,#5941,#5942,#5943,#5944,#5945,
#5946,#5947,#5948,#5949,#5950,#5951,#5952),.UNSPECIFIED.,.F.,.F.,(6,1,1,
1,1,1,1,1,6),(0.,0.392699081698724,0.785398163397448,1.17809724509617,1.5707963267949,
1.96349540849362,2.35619449019235,2.74889357189107,3.14159265358979),
 .UNSPECIFIED.);
#2573=B_SPLINE_CURVE_WITH_KNOTS('',1,(#5953,#5954),.UNSPECIFIED.,.F.,.F.,
(2,2),(0.,7.00000000000001),.UNSPECIFIED.);
#2574=B_SPLINE_CURVE_WITH_KNOTS('',3,(#5955,#5956,#5957,#5958,#5959,#5960,
#5961,#5962,#5963,#5964,#5965),.UNSPECIFIED.,.F.,.F.,(4,1,1,1,1,1,1,1,4),
(0.,1.13882552603441,2.27765105207687,3.41647657811596,4.55530210415582,
5.69412763019556,6.83295315623673,7.97177868227722,9.1106042083236),
 .UNSPECIFIED.);
#2575=B_SPLINE_CURVE_WITH_KNOTS('',1,(#5966,#5967),.UNSPECIFIED.,.F.,.F.,
(2,2),(0.,1.),.UNSPECIFIED.);
#2576=B_SPLINE_CURVE_WITH_KNOTS('',3,(#5968,#5969,#5970,#5971,#5972,#5973,
#5974,#5975,#5976,#5977,#5978),.UNSPECIFIED.,.F.,.F.,(4,1,1,1,1,1,1,1,4),
(0.,1.13882545241993,2.27765090484792,3.41647635727253,4.55530180969791,
5.69412726212317,6.83295271454987,7.97177816697589,9.11060361940779),
 .UNSPECIFIED.);
#2577=B_SPLINE_CURVE_WITH_KNOTS('',5,(#5979,#5980,#5981,#5982,#5983,#5984,
#5985,#5986,#5987,#5988,#5989,#5990,#5991),.UNSPECIFIED.,.F.,.F.,(6,1,1,
1,1,1,1,1,6),(0.,0.392699081698724,0.785398163397448,1.17809724509617,1.5707963267949,
1.96349540849362,2.35619449019235,2.74889357189107,3.14159265358979),
 .UNSPECIFIED.);
#2578=B_SPLINE_CURVE_WITH_KNOTS('',1,(#5992,#5993),.UNSPECIFIED.,.F.,.F.,
(2,2),(0.,7.00000000000001),.UNSPECIFIED.);
#2579=B_SPLINE_CURVE_WITH_KNOTS('',3,(#5994,#5995,#5996,#5997,#5998,#5999,
#6000,#6001,#6002,#6003,#6004),.UNSPECIFIED.,.F.,.F.,(4,1,1,1,1,1,1,1,4),
(0.,1.13882552603452,2.27765105207524,3.41647657811479,4.55530210415651,
5.69412763019742,6.83295315623767,7.97177868227833,9.1106042083267),
 .UNSPECIFIED.);
#2580=B_SPLINE_CURVE_WITH_KNOTS('',1,(#6005,#6006),.UNSPECIFIED.,.F.,.F.,
(2,2),(0.,1.),.UNSPECIFIED.);
#2581=B_SPLINE_CURVE_WITH_KNOTS('',3,(#6007,#6008,#6009,#6010,#6011,#6012,
#6013,#6014,#6015,#6016,#6017),.UNSPECIFIED.,.F.,.F.,(4,1,1,1,1,1,1,1,4),
(0.,1.13882545242006,2.27765090484631,3.41647635727139,4.55530180969864,
5.69412726212508,6.83295271455086,7.97177816697705,9.11060361941095),
 .UNSPECIFIED.);
#2582=B_SPLINE_CURVE_WITH_KNOTS('',5,(#6018,#6019,#6020,#6021,#6022,#6023,
#6024,#6025,#6026,#6027,#6028,#6029,#6030),.UNSPECIFIED.,.F.,.F.,(6,1,1,
1,1,1,1,1,6),(0.,0.392699081698724,0.785398163397448,1.17809724509617,1.5707963267949,
1.96349540849362,2.35619449019235,2.74889357189107,3.14159265358979),
 .UNSPECIFIED.);
#2583=B_SPLINE_CURVE_WITH_KNOTS('',1,(#6031,#6032),.UNSPECIFIED.,.F.,.F.,
(2,2),(0.,7.00000000000001),.UNSPECIFIED.);
#2584=B_SPLINE_CURVE_WITH_KNOTS('',3,(#6033,#6034,#6035,#6036,#6037,#6038,
#6039,#6040,#6041,#6042,#6043),.UNSPECIFIED.,.F.,.F.,(4,1,1,1,1,1,1,1,4),
(0.,1.13882552603439,2.27765105207683,3.4164765781159,4.55530210415574,
5.69412763019546,6.83295315623662,7.97177868227709,9.11060420832345),
 .UNSPECIFIED.);
#2585=B_SPLINE_CURVE_WITH_KNOTS('',1,(#6044,#6045),.UNSPECIFIED.,.F.,.F.,
(2,2),(0.,1.),.UNSPECIFIED.);
#2586=B_SPLINE_CURVE_WITH_KNOTS('',3,(#6046,#6047,#6048,#6049,#6050,#6051,
#6052,#6053,#6054,#6055,#6056),.UNSPECIFIED.,.F.,.F.,(4,1,1,1,1,1,1,1,4),
(0.,1.13882545241993,2.27765090484792,3.41647635727253,4.55530180969791,
5.69412726212317,6.83295271454987,7.97177816697589,9.11060361940779),
 .UNSPECIFIED.);
#2587=B_SPLINE_CURVE_WITH_KNOTS('',1,(#6057,#6058),.UNSPECIFIED.,.F.,.F.,
(2,2),(-59.8190136008709,-51.8190136008709),.UNSPECIFIED.);
#2588=B_SPLINE_CURVE_WITH_KNOTS('',5,(#6059,#6060,#6061,#6062,#6063,#6064,
#6065),.UNSPECIFIED.,.F.,.F.,(6,1,6),(22.7513214853435,22.9869409074289,
23.3796399891276),.UNSPECIFIED.);
#2589=B_SPLINE_CURVE_WITH_KNOTS('',3,(#6066,#6067,#6068,#6069),
 .UNSPECIFIED.,.F.,.F.,(4,4),(0.,8.31451682559773),.UNSPECIFIED.);
#2590=B_SPLINE_CURVE_WITH_KNOTS('',5,(#6070,#6071,#6072,#6073,#6074,#6075,
#6076),.UNSPECIFIED.,.F.,.F.,(6,1,6),(-51.8190136008709,-10.2125512550742,
14.7513233077698),.UNSPECIFIED.);
#2591=B_SPLINE_CURVE_WITH_KNOTS('',1,(#6077,#6078),.UNSPECIFIED.,.F.,.F.,
(2,2),(0.,27.7347805399997),.UNSPECIFIED.);
#2592=B_SPLINE_CURVE_WITH_KNOTS('',1,(#6079,#6080),.UNSPECIFIED.,.F.,.F.,
(2,2),(0.,30.),.UNSPECIFIED.);
#2593=B_SPLINE_CURVE_WITH_KNOTS('',3,(#6081,#6082,#6083,#6084,#6085,#6086,
#6087),.UNSPECIFIED.,.F.,.F.,(4,3,4),(81.3376062485343,124.057830009117,
149.137686811856),.UNSPECIFIED.);
#2594=B_SPLINE_CURVE_WITH_KNOTS('',3,(#6088,#6089,#6090,#6091,#6092,#6093,
#6094),.UNSPECIFIED.,.F.,.F.,(4,3,4),(157.452203637453,184.580440806027,
230.789809885988),.UNSPECIFIED.);
#2595=B_SPLINE_CURVE_WITH_KNOTS('',1,(#6095,#6096),.UNSPECIFIED.,.F.,.F.,
(2,2),(-59.8190136008709,-51.8190136008709),.UNSPECIFIED.);
#2596=B_SPLINE_CURVE_WITH_KNOTS('',5,(#6097,#6098,#6099,#6100,#6101,#6102,
#6103),.UNSPECIFIED.,.F.,.F.,(6,1,6),(22.7513214853435,22.9869409074289,
23.3796399891276),.UNSPECIFIED.);
#2597=B_SPLINE_CURVE_WITH_KNOTS('',5,(#6104,#6105,#6106,#6107,#6108,#6109,
#6110),.UNSPECIFIED.,.F.,.F.,(6,1,6),(-51.8190136008709,-10.2125512550742,
14.7513233077698),.UNSPECIFIED.);
#2598=B_SPLINE_CURVE_WITH_KNOTS('',3,(#6111,#6112,#6113,#6114,#6115,#6116,
#6117),.UNSPECIFIED.,.F.,.F.,(4,3,4),(81.3376062485343,124.057830009117,
149.137686811856),.UNSPECIFIED.);
#2599=B_SPLINE_CURVE_WITH_KNOTS('',3,(#6118,#6119,#6120,#6121,#6122,#6123,
#6124),.UNSPECIFIED.,.F.,.F.,(4,3,4),(157.452203637453,184.580440806027,
230.789809885988),.UNSPECIFIED.);
#2600=B_SPLINE_CURVE_WITH_KNOTS('',1,(#6125,#6126),.UNSPECIFIED.,.F.,.F.,
(2,2),(-84.,-63.),.UNSPECIFIED.);
#2601=B_SPLINE_CURVE_WITH_KNOTS('',1,(#6127,#6128),.UNSPECIFIED.,.F.,.F.,
(2,2),(0.,60.),.UNSPECIFIED.);
#2602=B_SPLINE_CURVE_WITH_KNOTS('',1,(#6129,#6130),.UNSPECIFIED.,.F.,.F.,
(2,2),(0.,60.),.UNSPECIFIED.);
#2603=B_SPLINE_CURVE_WITH_KNOTS('',1,(#6131,#6132),.UNSPECIFIED.,.F.,.F.,
(2,2),(-63.,-42.),.UNSPECIFIED.);
#2604=B_SPLINE_CURVE_WITH_KNOTS('',1,(#6133,#6134),.UNSPECIFIED.,.F.,.F.,
(2,2),(0.,50.),.UNSPECIFIED.);
#2605=B_SPLINE_CURVE_WITH_KNOTS('',1,(#6135,#6136),.UNSPECIFIED.,.F.,.F.,
(2,2),(-42.,-24.285437807933),.UNSPECIFIED.);
#2606=B_SPLINE_CURVE_WITH_KNOTS('',1,(#6137,#6138),.UNSPECIFIED.,.F.,.F.,
(2,2),(-8.88178419700125E-16,4.99999999999999),.UNSPECIFIED.);
#2607=B_SPLINE_CURVE_WITH_KNOTS('',1,(#6139,#6140),.UNSPECIFIED.,.F.,.F.,
(2,2),(425.974072405645,561.673981636106),.UNSPECIFIED.);
#2608=B_SPLINE_CURVE_WITH_KNOTS('',1,(#6141,#6142),.UNSPECIFIED.,.F.,.F.,
(2,2),(0.,4.99999999999999),.UNSPECIFIED.);
#2609=B_SPLINE_CURVE_WITH_KNOTS('',1,(#6143,#6144),.UNSPECIFIED.,.F.,.F.,
(2,2),(425.974072405645,521.993813292522),.UNSPECIFIED.);
#2610=B_SPLINE_CURVE_WITH_KNOTS('',1,(#6145,#6146),.UNSPECIFIED.,.F.,.F.,
(2,2),(7.85398163397448,143.554072382398),.UNSPECIFIED.);
#2611=B_SPLINE_CURVE_WITH_KNOTS('',1,(#6147,#6148),.UNSPECIFIED.,.F.,.F.,
(2,2),(0.,4.99999999999999),.UNSPECIFIED.);
#2612=B_SPLINE_CURVE_WITH_KNOTS('',1,(#6149,#6150),.UNSPECIFIED.,.F.,.F.,
(2,2),(0.,4.99999999999999),.UNSPECIFIED.);
#2613=B_SPLINE_CURVE_WITH_KNOTS('',1,(#6151,#6152),.UNSPECIFIED.,.F.,.F.,
(2,2),(7.85398163397448,47.5341491924155),.UNSPECIFIED.);
#2614=B_SPLINE_CURVE_WITH_KNOTS('',1,(#6153,#6154),.UNSPECIFIED.,.F.,.F.,
(2,2),(163.554087383064,405.974087383132),.UNSPECIFIED.);
#2615=B_SPLINE_CURVE_WITH_KNOTS('',1,(#6155,#6156),.UNSPECIFIED.,.F.,.F.,
(2,2),(163.554087383064,405.974087383132),.UNSPECIFIED.);
#2616=B_SPLINE_CURVE_WITH_KNOTS('',5,(#6157,#6158,#6159,#6160,#6161,#6162,
#6163,#6164,#6165,#6166,#6167,#6168,#6169),.UNSPECIFIED.,.F.,.F.,(6,1,1,
1,1,1,1,1,6),(561.673981636106,562.066680717804,562.459379799503,562.852078881202,
563.2447779629,563.637477044599,564.030176126298,564.422875207997,564.815574294825),
 .UNSPECIFIED.);
#2617=B_SPLINE_CURVE_WITH_KNOTS('',1,(#6170,#6171),.UNSPECIFIED.,.F.,.F.,
(2,2),(-8.88178419700125E-16,4.99999999999999),.UNSPECIFIED.);
#2618=B_SPLINE_CURVE_WITH_KNOTS('',1,(#6172,#6173),.UNSPECIFIED.,.F.,.F.,
(2,2),(0.,4.99999999999999),.UNSPECIFIED.);
#2619=B_SPLINE_CURVE_WITH_KNOTS('',1,(#6183,#6184),.UNSPECIFIED.,.F.,.F.,
(2,2),(20.397678299445,41.3976782994451),.UNSPECIFIED.);
#2620=B_SPLINE_CURVE_WITH_KNOTS('',1,(#6185,#6186),.UNSPECIFIED.,.F.,.F.,
(2,2),(-49.0299115985291,-28.0299115985291),.UNSPECIFIED.);
#2621=B_SPLINE_CURVE_WITH_KNOTS('',1,(#6187,#6188),.UNSPECIFIED.,.F.,.F.,
(2,2),(28.0299115985291,41.7456403897403),.UNSPECIFIED.);
#2622=B_SPLINE_CURVE_WITH_KNOTS('',5,(#6189,#6190,#6191,#6192,#6193,#6194,
#6195,#6196,#6197,#6198,#6199,#6200,#6201,#6202,#6203,#6204,#6205),
 .UNSPECIFIED.,.F.,.F.,(6,1,1,1,5,1,1,1,6),(561.673981636106,562.066680717796,
562.459379799495,562.852078881194,563.244777962893,563.637477044591,564.03017612629,
564.422875207989,564.815574292252),.UNSPECIFIED.);
#2623=B_SPLINE_CURVE_WITH_KNOTS('',1,(#6206,#6207),.UNSPECIFIED.,.F.,.F.,
(2,2),(0.,50.),.UNSPECIFIED.);
#2624=B_SPLINE_CURVE_WITH_KNOTS('',1,(#6208,#6209),.UNSPECIFIED.,.F.,.F.,
(2,2),(-60.,-45.),.UNSPECIFIED.);
#2625=B_SPLINE_CURVE_WITH_KNOTS('',1,(#6210,#6211),.UNSPECIFIED.,.F.,.F.,
(2,2),(0.,63.),.UNSPECIFIED.);
#2626=B_SPLINE_CURVE_WITH_KNOTS('',1,(#6212,#6213),.UNSPECIFIED.,.F.,.F.,
(2,2),(0.,50.),.UNSPECIFIED.);
#2627=B_SPLINE_CURVE_WITH_KNOTS('',1,(#6214,#6215),.UNSPECIFIED.,.F.,.F.,
(2,2),(0.,63.),.UNSPECIFIED.);
#2628=B_SPLINE_CURVE_WITH_KNOTS('',1,(#6216,#6217),.UNSPECIFIED.,.F.,.F.,
(2,2),(-15.,0.),.UNSPECIFIED.);
#2629=B_SPLINE_CURVE_WITH_KNOTS('',1,(#6218,#6219),.UNSPECIFIED.,.F.,.F.,
(2,2),(-60.,-45.),.UNSPECIFIED.);
#2630=B_SPLINE_CURVE_WITH_KNOTS('',1,(#6220,#6221),.UNSPECIFIED.,.F.,.F.,
(2,2),(-45.,-30.),.UNSPECIFIED.);
#2631=B_SPLINE_CURVE_WITH_KNOTS('',1,(#6222,#6223),.UNSPECIFIED.,.F.,.F.,
(2,2),(-30.,-15.),.UNSPECIFIED.);
#2632=B_SPLINE_CURVE_WITH_KNOTS('',1,(#6224,#6225),.UNSPECIFIED.,.F.,.F.,
(2,2),(-15.,0.),.UNSPECIFIED.);
#2633=B_SPLINE_CURVE_WITH_KNOTS('',1,(#6226,#6227),.UNSPECIFIED.,.F.,.F.,
(2,2),(-319.707762302963,-178.451317800173),.UNSPECIFIED.);
#2634=B_SPLINE_CURVE_WITH_KNOTS('',1,(#6228,#6229),.UNSPECIFIED.,.F.,.F.,
(2,2),(-152.995473662071,-6.28318549450409),.UNSPECIFIED.);
#2635=B_SPLINE_CURVE_WITH_KNOTS('',5,(#6230,#6231,#6232,#6233,#6234,#6235,
#6236,#6237,#6238,#6239,#6240,#6241,#6242),.UNSPECIFIED.,.F.,.F.,(6,1,1,
1,1,1,1,1,6),(-6.28318549450409,-5.8904863893898,-5.49778728427552,-5.10508817916123,
-4.71238907404694,-4.31968996893266,-3.92699086381837,-3.53429175870408,
-3.14159265358979),.UNSPECIFIED.);
#2636=B_SPLINE_CURVE_WITH_KNOTS('',1,(#6243,#6244),.UNSPECIFIED.,.F.,.F.,
(2,2),(-42.,-24.2854378079332),.UNSPECIFIED.);
#2637=B_SPLINE_CURVE_WITH_KNOTS('',1,(#6245,#6246),.UNSPECIFIED.,.F.,.F.,
(2,2),(-60.,-50.),.UNSPECIFIED.);
#2638=B_SPLINE_CURVE_WITH_KNOTS('',1,(#6247,#6248),.UNSPECIFIED.,.F.,.F.,
(2,2),(-319.707762302963,-303.025365992492),.UNSPECIFIED.);
#2639=B_SPLINE_CURVE_WITH_KNOTS('',1,(#6249,#6250),.UNSPECIFIED.,.F.,.F.,
(2,2),(-152.995473662071,-140.120086198418),.UNSPECIFIED.);
#2640=B_SPLINE_CURVE_WITH_KNOTS('',5,(#6251,#6252,#6253,#6254,#6255,#6256,
#6257,#6258,#6259,#6260,#6261,#6262,#6263),.UNSPECIFIED.,.F.,.F.,(6,1,1,
1,1,1,1,1,6),(-6.28318549450409,-5.8904863893898,-5.49778728427552,-5.10508817916123,
-4.71238907404694,-4.31968996893266,-3.92699086381837,-3.53429175870408,
-3.14159265358979),.UNSPECIFIED.);
#2641=B_SPLINE_CURVE_WITH_KNOTS('',1,(#6264,#6265),.UNSPECIFIED.,.F.,.F.,
(2,2),(-45.,-30.),.UNSPECIFIED.);
#2642=B_SPLINE_CURVE_WITH_KNOTS('',1,(#6266,#6267),.UNSPECIFIED.,.F.,.F.,
(2,2),(-63.,-50.),.UNSPECIFIED.);
#2643=B_SPLINE_CURVE_WITH_KNOTS('',1,(#6268,#6269),.UNSPECIFIED.,.F.,.F.,
(2,2),(-30.,-22.7157287742957),.UNSPECIFIED.);
#2644=B_SPLINE_CURVE_WITH_KNOTS('',1,(#6270,#6271),.UNSPECIFIED.,.F.,.F.,
(2,2),(50.,60.),.UNSPECIFIED.);
#2645=B_SPLINE_CURVE_WITH_KNOTS('',1,(#6272,#6273),.UNSPECIFIED.,.F.,.F.,
(2,2),(50.,63.),.UNSPECIFIED.);
#2646=B_SPLINE_CURVE_WITH_KNOTS('',1,(#6274,#6275),.UNSPECIFIED.,.F.,.F.,
(2,2),(-22.7157287742958,-15.),.UNSPECIFIED.);
#2647=B_SPLINE_CURVE_WITH_KNOTS('',1,(#6276,#6277),.UNSPECIFIED.,.F.,.F.,
(2,2),(-182.693958499258,-178.451317800173),.UNSPECIFIED.);
#2648=B_SPLINE_CURVE_WITH_KNOTS('',1,(#6278,#6279),.UNSPECIFIED.,.F.,.F.,
(2,2),(2.30769230769231,3.),.UNSPECIFIED.);
#2649=B_SPLINE_CURVE_WITH_KNOTS('',1,(#6280,#6281),.UNSPECIFIED.,.F.,.F.,
(2,2),(-157.23811434919,-152.995473662071),.UNSPECIFIED.);
#2650=B_SPLINE_CURVE_WITH_KNOTS('',1,(#6282,#6283),.UNSPECIFIED.,.F.,.F.,
(2,2),(2.30769230769231,3.),.UNSPECIFIED.);
#2651=B_SPLINE_CURVE_WITH_KNOTS('',1,(#6284,#6285),.UNSPECIFIED.,.F.,.F.,
(2,2),(-157.23811434919,-152.995473662071),.UNSPECIFIED.);
#2652=B_SPLINE_CURVE_WITH_KNOTS('',1,(#6286,#6287),.UNSPECIFIED.,.F.,.F.,
(2,2),(2.30769230769231,3.),.UNSPECIFIED.);
#2653=B_SPLINE_CURVE_WITH_KNOTS('',3,(#6288,#6289,#6290,#6291),
 .UNSPECIFIED.,.F.,.F.,(4,4),(0.,4.99999999999999),.UNSPECIFIED.);
#2654=B_SPLINE_CURVE_WITH_KNOTS('',5,(#6292,#6293,#6294,#6295,#6296,#6297,
#6298,#6299,#6300,#6301,#6302),.UNSPECIFIED.,.F.,.F.,(6,1,1,1,1,1,6),(0.,
32.582376506856,65.164753013712,97.747129520568,130.329506027424,162.91188253428,
182.532952907209),.UNSPECIFIED.);
#2655=B_SPLINE_CURVE_WITH_KNOTS('',5,(#6303,#6304,#6305,#6306,#6307,#6308,
#6309,#6310,#6311,#6312,#6313,#6314,#6315),.UNSPECIFIED.,.F.,.F.,(6,1,1,
1,1,1,1,1,6),(-435.267606079109,-408.063380699165,-380.85915531922,-353.654929939276,
-326.450704559332,-299.246479179387,-272.042253799443,-244.838028419499,
-217.63380303958),.UNSPECIFIED.);
#2656=B_SPLINE_CURVE_WITH_KNOTS('',1,(#6316,#6317),.UNSPECIFIED.,.F.,.F.,
(2,2),(-5.3,0.),.UNSPECIFIED.);
#2657=B_SPLINE_CURVE_WITH_KNOTS('',1,(#6318,#6319),.UNSPECIFIED.,.F.,.F.,
(2,2),(0.,5.30000000000001),.UNSPECIFIED.);
#2658=B_SPLINE_CURVE_WITH_KNOTS('',5,(#6320,#6321,#6322,#6323,#6324,#6325,
#6326),.UNSPECIFIED.,.F.,.F.,(6,1,6),(388.406369642291,390.988518082272,
393.570666520344),.UNSPECIFIED.);
#2659=B_SPLINE_CURVE_WITH_KNOTS('',1,(#6327,#6328),.UNSPECIFIED.,.F.,.F.,
(2,2),(-5.29999999999999,0.),.UNSPECIFIED.);
#2660=B_SPLINE_CURVE_WITH_KNOTS('',1,(#6329,#6330),.UNSPECIFIED.,.F.,.F.,
(2,2),(0.,5.29999999999998),.UNSPECIFIED.);
#2661=B_SPLINE_CURVE_WITH_KNOTS('',5,(#6331,#6332,#6333,#6334,#6335,#6336,
#6337),.UNSPECIFIED.,.F.,.F.,(6,1,6),(324.124626196142,326.450704559332,
328.776782915466),.UNSPECIFIED.);
#2662=B_SPLINE_CURVE_WITH_KNOTS('',1,(#6338,#6339),.UNSPECIFIED.,.F.,.F.,
(2,2),(-11.7,-8.29999999999998),.UNSPECIFIED.);
#2663=B_SPLINE_CURVE_WITH_KNOTS('',1,(#6340,#6341),.UNSPECIFIED.,.F.,.F.,
(2,2),(-6.40000000000287,-2.99999999999999),.UNSPECIFIED.);
#2664=B_SPLINE_CURVE_WITH_KNOTS('',1,(#6342,#6343),.UNSPECIFIED.,.F.,.F.,
(2,2),(1.71842336250947,2.67665635769478),.UNSPECIFIED.);
#2665=B_SPLINE_CURVE_WITH_KNOTS('',1,(#6344,#6345),.UNSPECIFIED.,.F.,.F.,
(2,2),(9.32334365824551,10.2815766375),.UNSPECIFIED.);
#2666=B_SPLINE_CURVE_WITH_KNOTS('',1,(#6346,#6347),.UNSPECIFIED.,.F.,.F.,
(2,2),(1.71842336250946,2.00444924964631),.UNSPECIFIED.);
#2667=B_SPLINE_CURVE_WITH_KNOTS('',1,(#6348,#6349),.UNSPECIFIED.,.F.,.F.,
(2,2),(9.99555075798693,10.2815766374999),.UNSPECIFIED.);
#2668=B_SPLINE_CURVE_WITH_KNOTS('',1,(#6350,#6351),.UNSPECIFIED.,.F.,.F.,
(2,2),(-14.7,-5.29999999999998),.UNSPECIFIED.);
#2669=B_SPLINE_CURVE_WITH_KNOTS('',1,(#6352,#6353),.UNSPECIFIED.,.F.,.F.,
(2,2),(5.29999999999998,14.7),.UNSPECIFIED.);
#2670=B_SPLINE_CURVE_WITH_KNOTS('',5,(#6354,#6355,#6356,#6357,#6358,#6359,
#6360),.UNSPECIFIED.,.F.,.F.,(6,1,6),(-388.406369642291,-358.406141575416,
-350.127492471663),.UNSPECIFIED.);
#2671=B_SPLINE_CURVE_WITH_KNOTS('',5,(#6361,#6362,#6363,#6364,#6365,#6366,
#6367),.UNSPECIFIED.,.F.,.F.,(6,1,6),(328.776782915465,353.654929939276,
360.396931950475),.UNSPECIFIED.);
#2672=B_SPLINE_CURVE_WITH_KNOTS('',3,(#6378,#6379,#6380,#6381,#6382,#6383,
#6384,#6385,#6386,#6387,#6388,#6389,#6390,#6391,#6392,#6393,#6394,#6395,
#6396,#6397),.UNSPECIFIED.,.F.,.F.,(4,1,1,1,1,1,1,1,1,1,1,1,1,1,1,1,1,4),
(0.,0.253723826667732,0.515525341336363,0.784765052735582,1.06063866435009,
1.34219042121312,1.62832557847146,1.91783069863855,2.20940123547446,2.5016750768298,
2.7932700181263,3.08282264932123,3.36902595616979,3.65066309808241,3.9266352986506,
4.19598247581453,4.45789603073231,4.71154981155922),.UNSPECIFIED.);
#2673=B_SPLINE_CURVE_WITH_KNOTS('',5,(#6398,#6399,#6400,#6401,#6402,#6403,
#6404),.UNSPECIFIED.,.F.,.F.,(6,1,6),(328.776782915466,353.654929939276,
360.396931950475),.UNSPECIFIED.);
#2674=B_SPLINE_CURVE_WITH_KNOTS('',1,(#6405,#6406),.UNSPECIFIED.,.F.,.F.,
(2,2),(2.0044492496463,2.67665635769479),.UNSPECIFIED.);
#2675=B_SPLINE_CURVE_WITH_KNOTS('',1,(#6407,#6408),.UNSPECIFIED.,.F.,.F.,
(2,2),(9.32334365824551,9.99555075798693),.UNSPECIFIED.);
#2676=B_SPLINE_CURVE_WITH_KNOTS('',1,(#6409,#6410),.UNSPECIFIED.,.F.,.F.,
(2,2),(-5.30000000000001,0.),.UNSPECIFIED.);
#2677=B_SPLINE_CURVE_WITH_KNOTS('',1,(#6411,#6412),.UNSPECIFIED.,.F.,.F.,
(2,2),(0.,5.30000000000001),.UNSPECIFIED.);
#2678=B_SPLINE_CURVE_WITH_KNOTS('',5,(#6413,#6414,#6415,#6416,#6417,#6418),
 .UNSPECIFIED.,.F.,.F.,(6,6),(344.963200221415,350.127492471664),
 .UNSPECIFIED.);
#2679=B_SPLINE_CURVE_WITH_KNOTS('',1,(#6419,#6420),.UNSPECIFIED.,.F.,.F.,
(2,2),(-5.29999999999999,0.),.UNSPECIFIED.);
#2680=B_SPLINE_CURVE_WITH_KNOTS('',1,(#6421,#6422),.UNSPECIFIED.,.F.,.F.,
(2,2),(0.,5.29999999999999),.UNSPECIFIED.);
#2681=B_SPLINE_CURVE_WITH_KNOTS('',5,(#6423,#6424,#6425,#6426,#6427,#6428),
 .UNSPECIFIED.,.F.,.F.,(6,6),(287.852325202361,292.504477840021),
 .UNSPECIFIED.);
#2682=B_SPLINE_CURVE_WITH_KNOTS('',1,(#6429,#6430),.UNSPECIFIED.,.F.,.F.,
(2,2),(1.71842351577577,2.67665731373444),.UNSPECIFIED.);
#2683=B_SPLINE_CURVE_WITH_KNOTS('',1,(#6431,#6432),.UNSPECIFIED.,.F.,.F.,
(2,2),(9.32334173250205,10.2815810225523),.UNSPECIFIED.);
#2684=B_SPLINE_CURVE_WITH_KNOTS('',1,(#6433,#6434),.UNSPECIFIED.,.F.,.F.,
(2,2),(1.71842351577577,2.00445035149491),.UNSPECIFIED.);
#2685=B_SPLINE_CURVE_WITH_KNOTS('',1,(#6435,#6436),.UNSPECIFIED.,.F.,.F.,
(2,2),(9.99554868988529,10.2815810225524),.UNSPECIFIED.);
#2686=B_SPLINE_CURVE_WITH_KNOTS('',1,(#6437,#6438),.UNSPECIFIED.,.F.,.F.,
(2,2),(-14.7,-5.29999999999999),.UNSPECIFIED.);
#2687=B_SPLINE_CURVE_WITH_KNOTS('',1,(#6439,#6440),.UNSPECIFIED.,.F.,.F.,
(2,2),(5.30000000000001,14.7),.UNSPECIFIED.);
#2688=B_SPLINE_CURVE_WITH_KNOTS('',1,(#6441,#6442),.UNSPECIFIED.,.F.,.F.,
(2,2),(-11.7,-8.29999999814344),.UNSPECIFIED.);
#2689=B_SPLINE_CURVE_WITH_KNOTS('',1,(#6443,#6444),.UNSPECIFIED.,.F.,.F.,
(2,2),(-6.40000000018484,-2.99999999999998),.UNSPECIFIED.);
#2690=B_SPLINE_CURVE_WITH_KNOTS('',5,(#6445,#6446,#6447,#6448,#6449,#6450,
#6451),.UNSPECIFIED.,.F.,.F.,(6,1,6),(292.504477840022,299.246479179387,
324.124626196142),.UNSPECIFIED.);
#2691=B_SPLINE_CURVE_WITH_KNOTS('',5,(#6452,#6453,#6454,#6455,#6456,#6457,
#6458),.UNSPECIFIED.,.F.,.F.,(6,1,6),(292.504477840021,299.246479179387,
324.124626196141),.UNSPECIFIED.);
#2692=B_SPLINE_CURVE_WITH_KNOTS('',5,(#6459,#6460,#6461,#6462,#6463,#6464,
#6465),.UNSPECIFIED.,.F.,.F.,(6,1,6),(-344.963200221415,-325.82376506856,
-306.684329895055),.UNSPECIFIED.);
#2693=B_SPLINE_CURVE_WITH_KNOTS('',1,(#6486,#6487),.UNSPECIFIED.,.F.,.F.,
(2,2),(2.00445035149493,2.67665731373444),.UNSPECIFIED.);
#2694=B_SPLINE_CURVE_WITH_KNOTS('',1,(#6488,#6489),.UNSPECIFIED.,.F.,.F.,
(2,2),(9.32334173250205,9.99554868988528),.UNSPECIFIED.);
#2695=B_SPLINE_CURVE_WITH_KNOTS('',1,(#6490,#6491),.UNSPECIFIED.,.F.,.F.,
(2,2),(-5.3,0.),.UNSPECIFIED.);
#2696=B_SPLINE_CURVE_WITH_KNOTS('',1,(#6492,#6493),.UNSPECIFIED.,.F.,.F.,
(2,2),(0.,5.3),.UNSPECIFIED.);
#2697=B_SPLINE_CURVE_WITH_KNOTS('',5,(#6494,#6495,#6496,#6497,#6498,#6499),
 .UNSPECIFIED.,.F.,.F.,(6,6),(301.520037648989,306.684329895055),
 .UNSPECIFIED.);
#2698=B_SPLINE_CURVE_WITH_KNOTS('',1,(#6500,#6501),.UNSPECIFIED.,.F.,.F.,
(2,2),(-5.3,0.),.UNSPECIFIED.);
#2699=B_SPLINE_CURVE_WITH_KNOTS('',1,(#6502,#6503),.UNSPECIFIED.,.F.,.F.,
(2,2),(0.,5.29999999999998),.UNSPECIFIED.);
#2700=B_SPLINE_CURVE_WITH_KNOTS('',5,(#6504,#6505,#6506,#6507,#6508,#6509),
 .UNSPECIFIED.,.F.,.F.,(6,6),(251.580029729815,256.232182359587),
 .UNSPECIFIED.);
#2701=B_SPLINE_CURVE_WITH_KNOTS('',1,(#6510,#6511),.UNSPECIFIED.,.F.,.F.,
(2,2),(1.7184189775075,2.0044513017183),.UNSPECIFIED.);
#2702=B_SPLINE_CURVE_WITH_KNOTS('',1,(#6512,#6513),.UNSPECIFIED.,.F.,.F.,
(2,2),(9.99554965506292,10.2815764841703),.UNSPECIFIED.);
#2703=B_SPLINE_CURVE_WITH_KNOTS('',1,(#6514,#6515),.UNSPECIFIED.,.F.,.F.,
(2,2),(-14.7,-5.3),.UNSPECIFIED.);
#2704=B_SPLINE_CURVE_WITH_KNOTS('',1,(#6516,#6517),.UNSPECIFIED.,.F.,.F.,
(2,2),(5.3,14.7),.UNSPECIFIED.);
#2705=B_SPLINE_CURVE_WITH_KNOTS('',1,(#6518,#6519),.UNSPECIFIED.,.F.,.F.,
(2,2),(-11.7,-8.29999999998808),.UNSPECIFIED.);
#2706=B_SPLINE_CURVE_WITH_KNOTS('',1,(#6520,#6521),.UNSPECIFIED.,.F.,.F.,
(2,2),(-6.40000000208791,-3.),.UNSPECIFIED.);
#2707=B_SPLINE_CURVE_WITH_KNOTS('',1,(#6522,#6523),.UNSPECIFIED.,.F.,.F.,
(2,2),(1.71841897750753,2.67665825109252),.UNSPECIFIED.);
#2708=B_SPLINE_CURVE_WITH_KNOTS('',1,(#6524,#6525),.UNSPECIFIED.,.F.,.F.,
(2,2),(9.32334269881873,10.2815764841703),.UNSPECIFIED.);
#2709=B_SPLINE_CURVE_WITH_KNOTS('',5,(#6526,#6527,#6528,#6529,#6530,#6531,
#6532),.UNSPECIFIED.,.F.,.F.,(6,1,6),(256.232182359588,272.042253799443,
287.852325202362),.UNSPECIFIED.);
#2710=B_SPLINE_CURVE_WITH_KNOTS('',5,(#6533,#6534,#6535,#6536,#6537,#6538,
#6539),.UNSPECIFIED.,.F.,.F.,(6,1,6),(256.232182359587,272.042253799443,
287.852325202361),.UNSPECIFIED.);
#2711=B_SPLINE_CURVE_WITH_KNOTS('',5,(#6540,#6541,#6542,#6543,#6544,#6545,
#6546),.UNSPECIFIED.,.F.,.F.,(6,1,6),(-301.520037648989,-293.241388561704,
-263.241160530592),.UNSPECIFIED.);
#2712=B_SPLINE_CURVE_WITH_KNOTS('',3,(#6547,#6548,#6549,#6550,#6551,#6552,
#6553,#6554,#6555,#6556,#6557,#6558,#6559,#6560,#6561,#6562,#6563,#6564,
#6565,#6566),.UNSPECIFIED.,.F.,.F.,(4,1,1,1,1,1,1,1,1,1,1,1,1,1,1,1,1,4),
(-4.71173692010343,-4.45790670868068,-4.19599083458514,-3.92664134746402,
-3.65066689533085,-3.36902761062576,-3.08282231771739,-2.7932678990203,
-2.50167140089951,-2.20939625306608,-1.91782466575548,-1.62831874265158,
-1.34218300873529,-1.06063086997905,-0.784757032789107,-0.51551721036051,
-0.253715657526014,-7.11473796910645E-15),.UNSPECIFIED.);
#2713=B_SPLINE_CURVE_WITH_KNOTS('',1,(#6577,#6578),.UNSPECIFIED.,.F.,.F.,
(2,2),(2.00445130171831,2.67665825109254),.UNSPECIFIED.);
#2714=B_SPLINE_CURVE_WITH_KNOTS('',1,(#6579,#6580),.UNSPECIFIED.,.F.,.F.,
(2,2),(9.32334269881869,9.9955496550629),.UNSPECIFIED.);
#2715=B_SPLINE_CURVE_WITH_KNOTS('',1,(#6581,#6582),.UNSPECIFIED.,.F.,.F.,
(2,2),(-5.3,0.),.UNSPECIFIED.);
#2716=B_SPLINE_CURVE_WITH_KNOTS('',1,(#6583,#6584),.UNSPECIFIED.,.F.,.F.,
(2,2),(0.,5.30000000000001),.UNSPECIFIED.);
#2717=B_SPLINE_CURVE_WITH_KNOTS('',5,(#6585,#6586,#6587,#6588,#6589,#6590),
 .UNSPECIFIED.,.F.,.F.,(6,6),(258.076863579104,260.659012054848),
 .UNSPECIFIED.);
#2718=B_SPLINE_CURVE_WITH_KNOTS('',1,(#6591,#6592),.UNSPECIFIED.,.F.,.F.,
(2,2),(-5.29999999999998,0.),.UNSPECIFIED.);
#2719=B_SPLINE_CURVE_WITH_KNOTS('',1,(#6593,#6594),.UNSPECIFIED.,.F.,.F.,
(2,2),(0.,5.29999999999998),.UNSPECIFIED.);
#2720=B_SPLINE_CURVE_WITH_KNOTS('',5,(#6595,#6596,#6597,#6598,#6599,#6600),
 .UNSPECIFIED.,.F.,.F.,(6,6),(215.307724610749,217.633803039555),
 .UNSPECIFIED.);
#2721=B_SPLINE_CURVE_WITH_KNOTS('',1,(#6601,#6602),.UNSPECIFIED.,.F.,.F.,
(2,2),(-14.7,-5.3),.UNSPECIFIED.);
#2722=B_SPLINE_CURVE_WITH_KNOTS('',1,(#6603,#6604),.UNSPECIFIED.,.F.,.F.,
(2,2),(5.29999999999999,14.7),.UNSPECIFIED.);
#2723=B_SPLINE_CURVE_WITH_KNOTS('',1,(#6605,#6606),.UNSPECIFIED.,.F.,.F.,
(2,2),(-11.7,-8.29999999999998),.UNSPECIFIED.);
#2724=B_SPLINE_CURVE_WITH_KNOTS('',1,(#6607,#6608),.UNSPECIFIED.,.F.,.F.,
(2,2),(-6.40000000000003,-2.99999999999999),.UNSPECIFIED.);
#2725=B_SPLINE_CURVE_WITH_KNOTS('',1,(#6609,#6610),.UNSPECIFIED.,.F.,.F.,
(2,2),(-135.519782790192,-128.816418247842),.UNSPECIFIED.);
#2726=B_SPLINE_CURVE_WITH_KNOTS('',1,(#6611,#6612),.UNSPECIFIED.,.F.,.F.,
(2,2),(128.816418247842,135.519782790192),.UNSPECIFIED.);
#2727=B_SPLINE_CURVE_WITH_KNOTS('',1,(#6613,#6614),.UNSPECIFIED.,.F.,.F.,
(2,2),(-135.519782790192,-133.518875088424),.UNSPECIFIED.);
#2728=B_SPLINE_CURVE_WITH_KNOTS('',1,(#6615,#6616),.UNSPECIFIED.,.F.,.F.,
(2,2),(133.518875088424,135.519782790192),.UNSPECIFIED.);
#2729=B_SPLINE_CURVE_WITH_KNOTS('',5,(#6617,#6618,#6619,#6620,#6621,#6622,
#6623),.UNSPECIFIED.,.F.,.F.,(6,1,6),(219.959881468359,244.838028419499,
251.580029729815),.UNSPECIFIED.);
#2730=B_SPLINE_CURVE_WITH_KNOTS('',5,(#6624,#6625,#6626,#6627,#6628,#6629,
#6630),.UNSPECIFIED.,.F.,.F.,(6,1,6),(219.95988146836,244.838028419499,
251.580029729815),.UNSPECIFIED.);
#2731=B_SPLINE_CURVE_WITH_KNOTS('',5,(#6631,#6632,#6633,#6634,#6635,#6636,
#6637),.UNSPECIFIED.,.F.,.F.,(6,1,6),(-258.076863579104,-228.076635547992,
-219.797986461084),.UNSPECIFIED.);
#2732=B_SPLINE_CURVE_WITH_KNOTS('',3,(#6648,#6649,#6650,#6651,#6652,#6653,
#6654,#6655,#6656,#6657,#6658,#6659,#6660,#6661,#6662,#6663,#6664,#6665,
#6666,#6667),.UNSPECIFIED.,.F.,.F.,(4,1,1,1,1,1,1,1,1,1,1,1,1,1,1,1,1,4),
(0.,0.25371565752601,0.515517210360464,0.784757032789071,1.060630869979,
1.34218300873529,1.62831874265153,1.91782466575562,2.20939625306602,2.50167140089968,
2.79326789902039,3.08282231771766,3.36902761062573,3.65066689533093,3.926641347464,
4.195990834585,4.45790670868065,4.71173692009825),.UNSPECIFIED.);
#2733=B_SPLINE_CURVE_WITH_KNOTS('',1,(#6668,#6669),.UNSPECIFIED.,.F.,.F.,
(2,2),(2.00444924586747,2.6766563496153),.UNSPECIFIED.);
#2734=B_SPLINE_CURVE_WITH_KNOTS('',1,(#6670,#6671),.UNSPECIFIED.,.F.,.F.,
(2,2),(9.32334365038469,9.99555075413247),.UNSPECIFIED.);
#2735=B_SPLINE_CURVE_WITH_KNOTS('',1,(#6672,#6673),.UNSPECIFIED.,.F.,.F.,
(2,2),(-5.30000000000001,0.),.UNSPECIFIED.);
#2736=B_SPLINE_CURVE_WITH_KNOTS('',1,(#6674,#6675),.UNSPECIFIED.,.F.,.F.,
(2,2),(0.,5.3),.UNSPECIFIED.);
#2737=B_SPLINE_CURVE_WITH_KNOTS('',5,(#6676,#6677,#6678,#6679,#6680,#6681),
 .UNSPECIFIED.,.F.,.F.,(6,6),(214.633694215018,219.797986461084),
 .UNSPECIFIED.);
#2738=B_SPLINE_CURVE_WITH_KNOTS('',1,(#6682,#6683),.UNSPECIFIED.,.F.,.F.,
(2,2),(-5.3,0.),.UNSPECIFIED.);
#2739=B_SPLINE_CURVE_WITH_KNOTS('',1,(#6684,#6685),.UNSPECIFIED.,.F.,.F.,
(2,2),(0.,5.29999999999999),.UNSPECIFIED.);
#2740=B_SPLINE_CURVE_WITH_KNOTS('',5,(#6686,#6687,#6688,#6689,#6690,#6691),
 .UNSPECIFIED.,.F.,.F.,(6,6),(179.035423719862,183.687576349635),
 .UNSPECIFIED.);
#2741=B_SPLINE_CURVE_WITH_KNOTS('',1,(#6692,#6693),.UNSPECIFIED.,.F.,.F.,
(2,2),(-11.7,-8.29999999814408),.UNSPECIFIED.);
#2742=B_SPLINE_CURVE_WITH_KNOTS('',1,(#6694,#6695),.UNSPECIFIED.,.F.,.F.,
(2,2),(-6.40000000029576,-2.99999999999999),.UNSPECIFIED.);
#2743=B_SPLINE_CURVE_WITH_KNOTS('',1,(#6696,#6697),.UNSPECIFIED.,.F.,.F.,
(2,2),(1.71842351598646,2.67665730133832),.UNSPECIFIED.);
#2744=B_SPLINE_CURVE_WITH_KNOTS('',1,(#6698,#6699),.UNSPECIFIED.,.F.,.F.,
(2,2),(9.32334174875326,10.2815810223382),.UNSPECIFIED.);
#2745=B_SPLINE_CURVE_WITH_KNOTS('',1,(#6700,#6701),.UNSPECIFIED.,.F.,.F.,
(2,2),(1.71842351598659,2.00445034509401),.UNSPECIFIED.);
#2746=B_SPLINE_CURVE_WITH_KNOTS('',1,(#6702,#6703),.UNSPECIFIED.,.F.,.F.,
(2,2),(9.99554869812738,10.2815810223382),.UNSPECIFIED.);
#2747=B_SPLINE_CURVE_WITH_KNOTS('',1,(#6704,#6705),.UNSPECIFIED.,.F.,.F.,
(2,2),(-14.7,-5.29999999999999),.UNSPECIFIED.);
#2748=B_SPLINE_CURVE_WITH_KNOTS('',1,(#6706,#6707),.UNSPECIFIED.,.F.,.F.,
(2,2),(5.29999999999999,14.7),.UNSPECIFIED.);
#2749=B_SPLINE_CURVE_WITH_KNOTS('',5,(#6708,#6709,#6710,#6711,#6712,#6713,
#6714),.UNSPECIFIED.,.F.,.F.,(6,1,6),(183.687576349635,190.42957765961,
215.307724610749),.UNSPECIFIED.);
#2750=B_SPLINE_CURVE_WITH_KNOTS('',5,(#6715,#6716,#6717,#6718,#6719,#6720,
#6721),.UNSPECIFIED.,.F.,.F.,(6,1,6),(183.687576349635,190.42957765961,
215.307724610749),.UNSPECIFIED.);
#2751=B_SPLINE_CURVE_WITH_KNOTS('',5,(#6722,#6723,#6724,#6725,#6726,#6727,
#6728),.UNSPECIFIED.,.F.,.F.,(6,1,6),(-214.633694215018,-195.494259041136,
-176.354823889687),.UNSPECIFIED.);
#2752=B_SPLINE_CURVE_WITH_KNOTS('',3,(#6739,#6740,#6741,#6742,#6743,#6744,
#6745,#6746,#6747,#6748,#6749,#6750,#6751,#6752,#6753,#6754,#6755,#6756,
#6757,#6758),.UNSPECIFIED.,.F.,.F.,(4,1,1,1,1,1,1,1,1,1,1,1,1,1,1,1,1,4),
(7.12566507494708E-15,0.253716002174599,0.515517561162766,0.784757401493432,
1.06063127505508,1.34218347538885,1.62831930228905,1.91782535486745,2.20939711157305,
2.50167247009048,2.79326921927405,3.08282392624363,3.36902953945429,3.65066916974948,
3.92664398501665,4.19599384469494,4.45791009283995,4.71171478034541),
 .UNSPECIFIED.);
#2753=B_SPLINE_CURVE_WITH_KNOTS('',1,(#6759,#6760),.UNSPECIFIED.,.F.,.F.,
(2,2),(2.00445034509398,2.67665730133832),.UNSPECIFIED.);
#2754=B_SPLINE_CURVE_WITH_KNOTS('',1,(#6761,#6762),.UNSPECIFIED.,.F.,.F.,
(2,2),(9.32334174875327,9.99554869812736),.UNSPECIFIED.);
#2755=B_SPLINE_CURVE_WITH_KNOTS('',1,(#6763,#6764),.UNSPECIFIED.,.F.,.F.,
(2,2),(-5.3,0.),.UNSPECIFIED.);
#2756=B_SPLINE_CURVE_WITH_KNOTS('',1,(#6765,#6766),.UNSPECIFIED.,.F.,.F.,
(2,2),(0.,5.30000000000001),.UNSPECIFIED.);
#2757=B_SPLINE_CURVE_WITH_KNOTS('',5,(#6767,#6768,#6769,#6770,#6771,#6772),
 .UNSPECIFIED.,.F.,.F.,(6,6),(171.190531639439,176.354823889687),
 .UNSPECIFIED.);
#2758=B_SPLINE_CURVE_WITH_KNOTS('',1,(#6773,#6774),.UNSPECIFIED.,.F.,.F.,
(2,2),(-5.3,0.),.UNSPECIFIED.);
#2759=B_SPLINE_CURVE_WITH_KNOTS('',1,(#6775,#6776),.UNSPECIFIED.,.F.,.F.,
(2,2),(0.,5.29999999999999),.UNSPECIFIED.);
#2760=B_SPLINE_CURVE_WITH_KNOTS('',5,(#6777,#6778,#6779,#6780,#6781,#6782),
 .UNSPECIFIED.,.F.,.F.,(6,6),(142.763128240355,147.415280878015),
 .UNSPECIFIED.);
#2761=B_SPLINE_CURVE_WITH_KNOTS('',1,(#6783,#6784),.UNSPECIFIED.,.F.,.F.,
(2,2),(1.71841897772185,2.67665826777265),.UNSPECIFIED.);
#2762=B_SPLINE_CURVE_WITH_KNOTS('',1,(#6785,#6786),.UNSPECIFIED.,.F.,.F.,
(2,2),(9.32334268600133,10.2815764839595),.UNSPECIFIED.);
#2763=B_SPLINE_CURVE_WITH_KNOTS('',1,(#6787,#6788),.UNSPECIFIED.,.F.,.F.,
(2,2),(1.71841897772183,2.00445131038901),.UNSPECIFIED.);
#2764=B_SPLINE_CURVE_WITH_KNOTS('',1,(#6789,#6790),.UNSPECIFIED.,.F.,.F.,
(2,2),(9.99554964824047,10.2815764839594),.UNSPECIFIED.);
#2765=B_SPLINE_CURVE_WITH_KNOTS('',1,(#6791,#6792),.UNSPECIFIED.,.F.,.F.,
(2,2),(-14.7,-5.29999999999999),.UNSPECIFIED.);
#2766=B_SPLINE_CURVE_WITH_KNOTS('',1,(#6793,#6794),.UNSPECIFIED.,.F.,.F.,
(2,2),(5.29999999999999,14.7),.UNSPECIFIED.);
#2767=B_SPLINE_CURVE_WITH_KNOTS('',1,(#6795,#6796),.UNSPECIFIED.,.F.,.F.,
(2,2),(-11.7,-8.29999999999991),.UNSPECIFIED.);
#2768=B_SPLINE_CURVE_WITH_KNOTS('',1,(#6797,#6798),.UNSPECIFIED.,.F.,.F.,
(2,2),(-6.40000000185656,-3.),.UNSPECIFIED.);
#2769=B_SPLINE_CURVE_WITH_KNOTS('',5,(#6799,#6800,#6801,#6802,#6803,#6804,
#6805),.UNSPECIFIED.,.F.,.F.,(6,1,6),(147.415280878014,163.225352279666,
179.035423719862),.UNSPECIFIED.);
#2770=B_SPLINE_CURVE_WITH_KNOTS('',5,(#6806,#6807,#6808,#6809,#6810,#6811,
#6812),.UNSPECIFIED.,.F.,.F.,(6,1,6),(147.415280878015,163.225352279666,
179.035423719862),.UNSPECIFIED.);
#2771=B_SPLINE_CURVE_WITH_KNOTS('',5,(#6813,#6814,#6815,#6816,#6817,#6818,
#6819),.UNSPECIFIED.,.F.,.F.,(6,1,6),(-171.190531639438,-162.91188253428,
-132.911654470216),.UNSPECIFIED.);
#2772=B_SPLINE_CURVE_WITH_KNOTS('',3,(#6820,#6821,#6822,#6823,#6824,#6825,
#6826,#6827,#6828,#6829,#6830,#6831,#6832,#6833,#6834,#6835,#6836,#6837,
#6838,#6839),.UNSPECIFIED.,.F.,.F.,(4,1,1,1,1,1,1,1,1,1,1,1,1,1,1,1,1,4),
(0.,0.253711976607212,0.515513557761178,0.784753462570378,1.0606274671164,
1.34217988916898,1.6283160507979,1.91782256933932,2.2093949354881,2.50167105172822,
2.79326870350674,3.08282444640964,3.36903121015092,3.65067208123689,3.92664819969669,
4.19599939575879,4.45791698501262,4.71174888600356),.UNSPECIFIED.);
#2773=B_SPLINE_CURVE_WITH_KNOTS('',3,(#6840,#6841,#6842,#6843,#6844,#6845,
#6846,#6847,#6848,#6849,#6850,#6851,#6852,#6853,#6854,#6855,#6856,#6857,
#6858,#6859),.UNSPECIFIED.,.F.,.F.,(4,1,1,1,1,1,1,1,1,1,1,1,1,1,1,1,1,4),
(-4.71154981155852,-4.45789603073164,-4.19598247581403,-3.92663529865021,
-3.65066309808223,-3.36902595616977,-3.08282264932104,-2.79327001812621,
-2.50167507682971,-2.20940123547454,-1.91783069863857,-1.62832557847144,
-1.34219042121314,-1.06063866435014,-0.784765052735574,-0.515525341336393,
-0.253723826667749,0.),.UNSPECIFIED.);
#2774=B_SPLINE_CURVE_WITH_KNOTS('',1,(#6860,#6861),.UNSPECIFIED.,.F.,.F.,
(2,2),(2.00445131038902,2.67665826777262),.UNSPECIFIED.);
#2775=B_SPLINE_CURVE_WITH_KNOTS('',1,(#6862,#6863),.UNSPECIFIED.,.F.,.F.,
(2,2),(9.32334268600133,9.99554964824047),.UNSPECIFIED.);
#2776=B_SPLINE_CURVE_WITH_KNOTS('',1,(#6864,#6865),.UNSPECIFIED.,.F.,.F.,
(2,2),(-5.3,0.),.UNSPECIFIED.);
#2777=B_SPLINE_CURVE_WITH_KNOTS('',1,(#6866,#6867),.UNSPECIFIED.,.F.,.F.,
(2,2),(0.,5.3),.UNSPECIFIED.);
#2778=B_SPLINE_CURVE_WITH_KNOTS('',5,(#6868,#6869,#6870,#6871,#6872,#6873,
#6874),.UNSPECIFIED.,.F.,.F.,(6,1,6),(127.747357592164,130.329506027424,
132.911654470217),.UNSPECIFIED.);
#2779=B_SPLINE_CURVE_WITH_KNOTS('',1,(#6875,#6876),.UNSPECIFIED.,.F.,.F.,
(2,2),(-5.29999999999999,0.),.UNSPECIFIED.);
#2780=B_SPLINE_CURVE_WITH_KNOTS('',1,(#6877,#6878),.UNSPECIFIED.,.F.,.F.,
(2,2),(0.,5.3),.UNSPECIFIED.);
#2781=B_SPLINE_CURVE_WITH_KNOTS('',5,(#6879,#6880,#6881,#6882,#6883,#6884,
#6885),.UNSPECIFIED.,.F.,.F.,(6,1,6),(106.490823166176,108.816901519777,
111.1429798855),.UNSPECIFIED.);
#2782=B_SPLINE_CURVE_WITH_KNOTS('',1,(#6886,#6887),.UNSPECIFIED.,.F.,.F.,
(2,2),(1.71842336282049,2.00444924233377),.UNSPECIFIED.);
#2783=B_SPLINE_CURVE_WITH_KNOTS('',1,(#6888,#6889),.UNSPECIFIED.,.F.,.F.,
(2,2),(9.99555075005238,10.2815766371889),.UNSPECIFIED.);
#2784=B_SPLINE_CURVE_WITH_KNOTS('',1,(#6890,#6891),.UNSPECIFIED.,.F.,.F.,
(2,2),(-14.7,-5.30000000000001),.UNSPECIFIED.);
#2785=B_SPLINE_CURVE_WITH_KNOTS('',1,(#6892,#6893),.UNSPECIFIED.,.F.,.F.,
(2,2),(5.30000000000001,14.7),.UNSPECIFIED.);
#2786=B_SPLINE_CURVE_WITH_KNOTS('',1,(#6894,#6895),.UNSPECIFIED.,.F.,.F.,
(2,2),(-11.7,-8.29999999999693),.UNSPECIFIED.);
#2787=B_SPLINE_CURVE_WITH_KNOTS('',1,(#6896,#6897),.UNSPECIFIED.,.F.,.F.,
(2,2),(-6.40000000000144,-3.00000000000001),.UNSPECIFIED.);
#2788=B_SPLINE_CURVE_WITH_KNOTS('',1,(#6898,#6899),.UNSPECIFIED.,.F.,.F.,
(2,2),(1.71842336282049,2.67665634207596),.UNSPECIFIED.);
#2789=B_SPLINE_CURVE_WITH_KNOTS('',1,(#6900,#6901),.UNSPECIFIED.,.F.,.F.,
(2,2),(9.32334364200466,10.2815766371889),.UNSPECIFIED.);
#2790=B_SPLINE_CURVE_WITH_KNOTS('',5,(#6902,#6903,#6904,#6905,#6906,#6907,
#6908),.UNSPECIFIED.,.F.,.F.,(6,1,6),(111.1429798855,136.021126899722,142.763128240355),
 .UNSPECIFIED.);
#2791=B_SPLINE_CURVE_WITH_KNOTS('',5,(#6909,#6910,#6911,#6912,#6913,#6914,
#6915),.UNSPECIFIED.,.F.,.F.,(6,1,6),(111.1429798855,136.021126899722,142.763128240355),
 .UNSPECIFIED.);
#2792=B_SPLINE_CURVE_WITH_KNOTS('',5,(#6916,#6917,#6918,#6919,#6920,#6921,
#6922),.UNSPECIFIED.,.F.,.F.,(6,1,6),(-127.747357592164,-97.747129520568,
-89.4684800253449),.UNSPECIFIED.);
#2793=B_SPLINE_CURVE_WITH_KNOTS('',3,(#6923,#6924,#6925,#6926,#6927,#6928,
#6929,#6930,#6931,#6932,#6933,#6934,#6935,#6936,#6937,#6938,#6939,#6940,
#6941,#6942),.UNSPECIFIED.,.F.,.F.,(4,1,1,1,1,1,1,1,1,1,1,1,1,1,1,1,1,4),
(-4.71154981248608,-4.45789603165903,-4.19598247674134,-3.92663529957727,
-3.65066309900936,-3.36902595709668,-3.08282265024827,-2.79327001905335,
-2.50167507775682,-2.20940123640163,-1.91783069956575,-1.62832557939862,
-1.34219042214024,-1.06063866527718,-0.784765053662712,-0.515525342263458,
-0.253723827594857,-1.44525465989025E-14),.UNSPECIFIED.);
#2794=B_SPLINE_CURVE_WITH_KNOTS('',3,(#6943,#6944,#6945,#6946,#6947,#6948,
#6949,#6950,#6951,#6952,#6953,#6954,#6955,#6956,#6957,#6958,#6959,#6960,
#6961,#6962),.UNSPECIFIED.,.F.,.F.,(4,1,1,1,1,1,1,1,1,1,1,1,1,1,1,1,1,4),
(-4.71174888593882,-4.45791698493914,-4.1959993956852,-3.92664819962304,
-3.65067208116321,-3.36903121007728,-3.08282444633588,-2.7932687034331,
-2.5016710516544,-2.20939493541421,-1.91782256926553,-1.62831605072406,
-1.34217988909515,-1.06062746704258,-0.784753462496535,-0.515513557687302,
-0.25371197653336,0.),.UNSPECIFIED.);
#2795=B_SPLINE_CURVE_WITH_KNOTS('',1,(#6963,#6964),.UNSPECIFIED.,.F.,.F.,
(2,2),(2.00444924233377,2.67665634207596),.UNSPECIFIED.);
#2796=B_SPLINE_CURVE_WITH_KNOTS('',1,(#6965,#6966),.UNSPECIFIED.,.F.,.F.,
(2,2),(9.32334364200467,9.99555075005238),.UNSPECIFIED.);
#2797=B_SPLINE_CURVE_WITH_KNOTS('',1,(#6967,#6968),.UNSPECIFIED.,.F.,.F.,
(2,2),(-5.30000000000001,0.),.UNSPECIFIED.);
#2798=B_SPLINE_CURVE_WITH_KNOTS('',1,(#6969,#6970),.UNSPECIFIED.,.F.,.F.,
(2,2),(0.,5.3),.UNSPECIFIED.);
#2799=B_SPLINE_CURVE_WITH_KNOTS('',5,(#6971,#6972,#6973,#6974,#6975,#6976),
 .UNSPECIFIED.,.F.,.F.,(6,6),(84.3041875526189,89.4684800253443),
 .UNSPECIFIED.);
#2800=B_SPLINE_CURVE_WITH_KNOTS('',1,(#6977,#6978),.UNSPECIFIED.,.F.,.F.,
(2,2),(-5.29999999999999,0.),.UNSPECIFIED.);
#2801=B_SPLINE_CURVE_WITH_KNOTS('',1,(#6979,#6980),.UNSPECIFIED.,.F.,.F.,
(2,2),(0.,5.3),.UNSPECIFIED.);
#2802=B_SPLINE_CURVE_WITH_KNOTS('',5,(#6981,#6982,#6983,#6984,#6985,#6986),
 .UNSPECIFIED.,.F.,.F.,(6,6),(70.2185210762773,74.8706741324301),
 .UNSPECIFIED.);
#2803=B_SPLINE_CURVE_WITH_KNOTS('',1,(#6987,#6988),.UNSPECIFIED.,.F.,.F.,
(2,2),(-14.7,-5.3),.UNSPECIFIED.);
#2804=B_SPLINE_CURVE_WITH_KNOTS('',1,(#6989,#6990),.UNSPECIFIED.,.F.,.F.,
(2,2),(5.3,14.7),.UNSPECIFIED.);
#2805=B_SPLINE_CURVE_WITH_KNOTS('',1,(#6991,#6992),.UNSPECIFIED.,.F.,.F.,
(2,2),(3.00000000000001,6.40000000371186),.UNSPECIFIED.);
#2806=B_SPLINE_CURVE_WITH_KNOTS('',1,(#6993,#6994),.UNSPECIFIED.,.F.,.F.,
(2,2),(-6.4000000000002,-3.),.UNSPECIFIED.);
#2807=B_SPLINE_CURVE_WITH_KNOTS('',1,(#6995,#6996),.UNSPECIFIED.,.F.,.F.,
(2,2),(1.71842351604998,2.67665727789108),.UNSPECIFIED.);
#2808=B_SPLINE_CURVE_WITH_KNOTS('',1,(#6997,#6998),.UNSPECIFIED.,.F.,.F.,
(2,2),(9.32334177775756,10.2815810222875),.UNSPECIFIED.);
#2809=B_SPLINE_CURVE_WITH_KNOTS('',1,(#6999,#7000),.UNSPECIFIED.,.F.,.F.,
(2,2),(1.71842351604999,2.00445033283631),.UNSPECIFIED.);
#2810=B_SPLINE_CURVE_WITH_KNOTS('',1,(#7001,#7002),.UNSPECIFIED.,.F.,.F.,
(2,2),(9.99554871305039,10.2815810222875),.UNSPECIFIED.);
#2811=B_SPLINE_CURVE_WITH_KNOTS('',5,(#7003,#7004,#7005,#7006,#7007,#7008,
#7009),.UNSPECIFIED.,.F.,.F.,(6,1,6),(74.8706741324299,81.6126761398329,
106.490823166175),.UNSPECIFIED.);
#2812=B_SPLINE_CURVE_WITH_KNOTS('',5,(#7010,#7011,#7012,#7013,#7014,#7015,
#7016),.UNSPECIFIED.,.F.,.F.,(6,1,6),(74.8706741324301,81.6126761398329,
106.490823166176),.UNSPECIFIED.);
#2813=B_SPLINE_CURVE_WITH_KNOTS('',5,(#7017,#7018,#7019,#7020,#7021,#7022,
#7023),.UNSPECIFIED.,.F.,.F.,(6,1,6),(-84.3041875526189,-65.164753013712,
-46.0253210627784),.UNSPECIFIED.);
#2814=B_SPLINE_CURVE_WITH_KNOTS('',1,(#7044,#7045),.UNSPECIFIED.,.F.,.F.,
(2,2),(2.00445033283631,2.67665727789106),.UNSPECIFIED.);
#2815=B_SPLINE_CURVE_WITH_KNOTS('',1,(#7046,#7047),.UNSPECIFIED.,.F.,.F.,
(2,2),(9.32334177775757,9.99554871305037),.UNSPECIFIED.);
#2816=B_SPLINE_CURVE_WITH_KNOTS('',1,(#7048,#7049),.UNSPECIFIED.,.F.,.F.,
(2,2),(-5.3,0.),.UNSPECIFIED.);
#2817=B_SPLINE_CURVE_WITH_KNOTS('',1,(#7050,#7051),.UNSPECIFIED.,.F.,.F.,
(2,2),(0.,5.3),.UNSPECIFIED.);
#2818=B_SPLINE_CURVE_WITH_KNOTS('',5,(#7052,#7053,#7054,#7055,#7056,#7057),
 .UNSPECIFIED.,.F.,.F.,(6,6),(40.8610295789167,46.0253210627787),
 .UNSPECIFIED.);
#2819=B_SPLINE_CURVE_WITH_KNOTS('',1,(#7058,#7059),.UNSPECIFIED.,.F.,.F.,
(2,2),(-5.3,0.),.UNSPECIFIED.);
#2820=B_SPLINE_CURVE_WITH_KNOTS('',1,(#7060,#7061),.UNSPECIFIED.,.F.,.F.,
(2,2),(0.,5.3),.UNSPECIFIED.);
#2821=B_SPLINE_CURVE_WITH_KNOTS('',5,(#7062,#7063,#7064,#7065,#7066,#7067),
 .UNSPECIFIED.,.F.,.F.,(6,6),(33.9462336963655,38.5983848903912),
 .UNSPECIFIED.);
#2822=B_SPLINE_CURVE_WITH_KNOTS('',1,(#7068,#7069),.UNSPECIFIED.,.F.,.F.,
(2,2),(3.00000000000001,6.40000000000007),.UNSPECIFIED.);
#2823=B_SPLINE_CURVE_WITH_KNOTS('',1,(#7070,#7071),.UNSPECIFIED.,.F.,.F.,
(2,2),(-6.40000000000818,-2.99999999999998),.UNSPECIFIED.);
#2824=B_SPLINE_CURVE_WITH_KNOTS('',1,(#7072,#7073),.UNSPECIFIED.,.F.,.F.,
(2,2),(1.71841897767144,2.67665815945019),.UNSPECIFIED.);
#2825=B_SPLINE_CURVE_WITH_KNOTS('',1,(#7074,#7075),.UNSPECIFIED.,.F.,.F.,
(2,2),(9.32334284728996,10.2815822682265),.UNSPECIFIED.);
#2826=B_SPLINE_CURVE_WITH_KNOTS('',1,(#7076,#7077),.UNSPECIFIED.,.F.,.F.,
(2,2),(1.7184189776714,2.00445125349141),.UNSPECIFIED.);
#2827=B_SPLINE_CURVE_WITH_KNOTS('',1,(#7078,#7079),.UNSPECIFIED.,.F.,.F.,
(2,2),(9.99554973049676,10.2815822682265),.UNSPECIFIED.);
#2828=B_SPLINE_CURVE_WITH_KNOTS('',1,(#7080,#7081),.UNSPECIFIED.,.F.,.F.,
(2,2),(-14.7,-5.3),.UNSPECIFIED.);
#2829=B_SPLINE_CURVE_WITH_KNOTS('',1,(#7082,#7083),.UNSPECIFIED.,.F.,.F.,
(2,2),(5.29999999999999,14.7),.UNSPECIFIED.);
#2830=B_SPLINE_CURVE_WITH_KNOTS('',5,(#7084,#7085,#7086,#7087,#7088,#7089,
#7090),.UNSPECIFIED.,.F.,.F.,(6,1,6),(38.5983848903914,54.4084507598886,
70.2185210762775),.UNSPECIFIED.);
#2831=B_SPLINE_CURVE_WITH_KNOTS('',5,(#7091,#7092,#7093,#7094,#7095,#7096,
#7097),.UNSPECIFIED.,.F.,.F.,(6,1,6),(38.5983848903912,54.4084507598886,
70.2185210762771),.UNSPECIFIED.);
#2832=B_SPLINE_CURVE_WITH_KNOTS('',5,(#7098,#7099,#7100,#7101,#7102,#7103,
#7104),.UNSPECIFIED.,.F.,.F.,(6,1,6),(-40.8610295789162,-32.582376506856,
-2.58214901765388),.UNSPECIFIED.);
#2833=B_SPLINE_CURVE_WITH_KNOTS('',1,(#7125,#7126),.UNSPECIFIED.,.F.,.F.,
(2,2),(2.00445125349143,2.67665815945018),.UNSPECIFIED.);
#2834=B_SPLINE_CURVE_WITH_KNOTS('',1,(#7127,#7128),.UNSPECIFIED.,.F.,.F.,
(2,2),(9.32334284728998,9.99554973049683),.UNSPECIFIED.);
#2835=B_SPLINE_CURVE_WITH_KNOTS('',1,(#7129,#7130),.UNSPECIFIED.,.F.,.F.,
(2,2),(-5.3,0.),.UNSPECIFIED.);
#2836=B_SPLINE_CURVE_WITH_KNOTS('',1,(#7131,#7132),.UNSPECIFIED.,.F.,.F.,
(2,2),(0.,5.3),.UNSPECIFIED.);
#2837=B_SPLINE_CURVE_WITH_KNOTS('',5,(#7133,#7134,#7135,#7136,#7137,#7138),
 .UNSPECIFIED.,.F.,.F.,(6,6),(518.735875097661,521.318024109696),
 .UNSPECIFIED.);
#2838=B_SPLINE_CURVE_WITH_KNOTS('',5,(#7139,#7140,#7141,#7142,#7143,#7144),
 .UNSPECIFIED.,.F.,.F.,(6,6),(0.,2.58214901765395),.UNSPECIFIED.);
#2839=B_SPLINE_CURVE_WITH_KNOTS('',1,(#7145,#7146),.UNSPECIFIED.,.F.,.F.,
(2,2),(17.2938768412304,22.5938768412304),.UNSPECIFIED.);
#2840=B_SPLINE_CURVE_WITH_KNOTS('',1,(#7147,#7148),.UNSPECIFIED.,.F.,.F.,
(2,2),(0.,5.29999999999998),.UNSPECIFIED.);
#2841=B_SPLINE_CURVE_WITH_KNOTS('',5,(#7149,#7150,#7151,#7152,#7153,#7154),
 .UNSPECIFIED.,.F.,.F.,(6,6),(432.94152663683,435.267606079109),
 .UNSPECIFIED.);
#2842=B_SPLINE_CURVE_WITH_KNOTS('',5,(#7155,#7156,#7157,#7158,#7159,#7160),
 .UNSPECIFIED.,.F.,.F.,(6,6),(0.,2.32607944734098),.UNSPECIFIED.);
#2843=B_SPLINE_CURVE_WITH_KNOTS('',1,(#7161,#7162),.UNSPECIFIED.,.F.,.F.,
(2,2),(-6.4000000029759,-3.),.UNSPECIFIED.);
#2844=B_SPLINE_CURVE_WITH_KNOTS('',1,(#7163,#7164),.UNSPECIFIED.,.F.,.F.,
(2,2),(5.29999999999998,14.7),.UNSPECIFIED.);
#2845=B_SPLINE_CURVE_WITH_KNOTS('',1,(#7165,#7166),.UNSPECIFIED.,.F.,.F.,
(2,2),(3.03025075352627,9.73358171861701),.UNSPECIFIED.);
#2846=B_SPLINE_CURVE_WITH_KNOTS('',1,(#7167,#7168),.UNSPECIFIED.,.F.,.F.,
(2,2),(-9.73358171847103,-3.03025075336157),.UNSPECIFIED.);
#2847=B_SPLINE_CURVE_WITH_KNOTS('',1,(#7169,#7170),.UNSPECIFIED.,.F.,.F.,
(2,2),(3.03025075352696,5.03112489674144),.UNSPECIFIED.);
#2848=B_SPLINE_CURVE_WITH_KNOTS('',1,(#7171,#7172),.UNSPECIFIED.,.F.,.F.,
(2,2),(-5.03112489660604,-3.03025075336151),.UNSPECIFIED.);
#2849=B_SPLINE_CURVE_WITH_KNOTS('',1,(#7173,#7174),.UNSPECIFIED.,.F.,.F.,
(2,2),(7.89387684123041,17.2938768412304),.UNSPECIFIED.);
#2850=B_SPLINE_CURVE_WITH_KNOTS('',1,(#7175,#7176),.UNSPECIFIED.,.F.,.F.,
(2,2),(3.,6.40000000595177),.UNSPECIFIED.);
#2851=B_SPLINE_CURVE_WITH_KNOTS('',5,(#7177,#7178,#7179,#7180,#7181,#7182,
#7183),.UNSPECIFIED.,.F.,.F.,(6,1,6),(-518.735875097661,-488.73564760284,
-480.456994536023),.UNSPECIFIED.);
#2852=B_SPLINE_CURVE_WITH_KNOTS('',5,(#7184,#7185,#7186,#7187,#7188,#7189,
#7190),.UNSPECIFIED.,.F.,.F.,(6,1,6),(2.32607944734107,27.2042253799443,
33.9462336963654),.UNSPECIFIED.);
#2853=B_SPLINE_CURVE_WITH_KNOTS('',1,(#7191,#7192),.UNSPECIFIED.,.F.,.F.,
(2,2),(22.5938768412304,27.5938768412304),.UNSPECIFIED.);
#2854=B_SPLINE_CURVE_WITH_KNOTS('',3,(#7193,#7194,#7195,#7196,#7197,#7198,
#7199,#7200,#7201,#7202,#7203,#7204,#7205,#7206,#7207,#7208,#7209,#7210,
#7211,#7212),.UNSPECIFIED.,.F.,.F.,(4,1,1,1,1,1,1,1,1,1,1,1,1,1,1,1,1,4),
(7.10544596529971E-15,0.253715657526012,0.515517210360472,0.78475703278907,
1.06063086997896,1.34218300873521,1.62831874265137,1.91782466575539,2.20939625306575,
2.50167140089921,2.79326789901983,3.08282231771701,3.36902761062493,3.65066689533017,
3.92664134746313,4.19599083458402,4.45790670867939,4.71173692010209),
 .UNSPECIFIED.);
#2855=B_SPLINE_CURVE_WITH_KNOTS('',3,(#7213,#7214,#7215,#7216,#7217,#7218,
#7219,#7220,#7221,#7222,#7223,#7224,#7225,#7226,#7227,#7228,#7229,#7230,
#7231,#7232),.UNSPECIFIED.,.F.,.F.,(4,1,1,1,1,1,1,1,1,1,1,1,1,1,1,1,1,4),
(-4.71173692009125,-4.45790670867956,-4.19599083458402,-3.92664134746324,
-3.65066689533028,-3.36902761062519,-3.08282231771728,-2.79326789902004,
-2.50167140089942,-2.20939625306592,-1.91782466575545,-1.62831874265145,
-1.34218300873524,-1.06063086997898,-0.784757032789076,-0.515517210360434,
-0.253715657525988,0.),.UNSPECIFIED.);
#2856=B_SPLINE_CURVE_WITH_KNOTS('',5,(#7233,#7234,#7235,#7236,#7237,#7238,
#7239),.UNSPECIFIED.,.F.,.F.,(6,1,6),(2.32607944734107,27.2042253799443,
33.9462336963654),.UNSPECIFIED.);
#2857=B_SPLINE_CURVE_WITH_KNOTS('',1,(#7240,#7241),.UNSPECIFIED.,.F.,.F.,
(2,2),(2.00444924374722,2.67665634482112),.UNSPECIFIED.);
#2858=B_SPLINE_CURVE_WITH_KNOTS('',1,(#7242,#7243),.UNSPECIFIED.,.F.,.F.,
(2,2),(9.32334365519974,9.99555075627215),.UNSPECIFIED.);
#2859=B_SPLINE_CURVE_WITH_KNOTS('',1,(#7244,#7245),.UNSPECIFIED.,.F.,.F.,
(2,2),(-5.3,0.),.UNSPECIFIED.);
#2860=B_SPLINE_CURVE_WITH_KNOTS('',1,(#7246,#7247),.UNSPECIFIED.,.F.,.F.,
(2,2),(0.,5.3),.UNSPECIFIED.);
#2861=B_SPLINE_CURVE_WITH_KNOTS('',5,(#7248,#7249,#7250,#7251,#7252,#7253),
 .UNSPECIFIED.,.F.,.F.,(6,6),(475.292703052161,480.456994536023),
 .UNSPECIFIED.);
#2862=B_SPLINE_CURVE_WITH_KNOTS('',1,(#7254,#7255),.UNSPECIFIED.,.F.,.F.,
(2,2),(-11.7,-8.29999999999997),.UNSPECIFIED.);
#2863=B_SPLINE_CURVE_WITH_KNOTS('',1,(#7256,#7257),.UNSPECIFIED.,.F.,.F.,
(2,2),(-6.40000000000007,-3.),.UNSPECIFIED.);
#2864=B_SPLINE_CURVE_WITH_KNOTS('',1,(#7258,#7259),.UNSPECIFIED.,.F.,.F.,
(2,2),(-14.7,-5.29999999999998),.UNSPECIFIED.);
#2865=B_SPLINE_CURVE_WITH_KNOTS('',1,(#7260,#7261),.UNSPECIFIED.,.F.,.F.,
(2,2),(5.30000000000001,14.7),.UNSPECIFIED.);
#2866=B_SPLINE_CURVE_WITH_KNOTS('',1,(#7262,#7263),.UNSPECIFIED.,.F.,.F.,
(2,2),(1.71841773163459,2.67665715257419),.UNSPECIFIED.);
#2867=B_SPLINE_CURVE_WITH_KNOTS('',1,(#7264,#7265),.UNSPECIFIED.,.F.,.F.,
(2,2),(9.32334184072464,10.2815810225015),.UNSPECIFIED.);
#2868=B_SPLINE_CURVE_WITH_KNOTS('',1,(#7266,#7267),.UNSPECIFIED.,.F.,.F.,
(2,2),(1.71841773163461,2.00445026936593),.UNSPECIFIED.);
#2869=B_SPLINE_CURVE_WITH_KNOTS('',1,(#7268,#7269),.UNSPECIFIED.,.F.,.F.,
(2,2),(9.99554874668202,10.2815810225015),.UNSPECIFIED.);
#2870=B_SPLINE_CURVE_WITH_KNOTS('',1,(#7270,#7271),.UNSPECIFIED.,.F.,.F.,
(2,2),(-5.3,0.),.UNSPECIFIED.);
#2871=B_SPLINE_CURVE_WITH_KNOTS('',1,(#7272,#7273),.UNSPECIFIED.,.F.,.F.,
(2,2),(0.,5.29999999999999),.UNSPECIFIED.);
#2872=B_SPLINE_CURVE_WITH_KNOTS('',5,(#7274,#7275,#7276,#7277,#7278,#7279),
 .UNSPECIFIED.,.F.,.F.,(6,6),(396.669221193442,401.321372387467),
 .UNSPECIFIED.);
#2873=B_SPLINE_CURVE_WITH_KNOTS('',5,(#7280,#7281,#7282,#7283,#7284,#7285,
#7286),.UNSPECIFIED.,.F.,.F.,(6,1,6),(401.321372387467,408.063380699165,
432.94152663683),.UNSPECIFIED.);
#2874=B_SPLINE_CURVE_WITH_KNOTS('',5,(#7287,#7288,#7289,#7290,#7291,#7292,
#7293),.UNSPECIFIED.,.F.,.F.,(6,1,6),(401.321372387467,408.063380699165,
432.94152663683),.UNSPECIFIED.);
#2875=B_SPLINE_CURVE_WITH_KNOTS('',5,(#7294,#7295,#7296,#7297,#7298,#7299,
#7300),.UNSPECIFIED.,.F.,.F.,(6,1,6),(-475.292703052161,-456.153271095984,
-437.013836561291),.UNSPECIFIED.);
#2876=B_SPLINE_CURVE_WITH_KNOTS('',3,(#7301,#7302,#7303,#7304,#7305,#7306,
#7307,#7308,#7309,#7310,#7311,#7312,#7313,#7314,#7315,#7316,#7317,#7318,
#7319,#7320),.UNSPECIFIED.,.F.,.F.,(4,1,1,1,1,1,1,1,1,1,1,1,1,1,1,1,1,4),
(-4.71171478034554,-4.45791009284007,-4.19599384469506,-3.9266439850167,
-3.65066916974942,-3.36902953945413,-3.08282392624344,-2.7932692192741,
-2.50167247009027,-2.20939711157321,-1.91782535486759,-1.62831930228923,
-1.34218347538899,-1.06063127505523,-0.784757401493596,-0.515517561162985,
-0.253716002174855,0.),.UNSPECIFIED.);
#2877=B_SPLINE_CURVE_WITH_KNOTS('',3,(#7321,#7322,#7323,#7324,#7325,#7326,
#7327,#7328,#7329,#7330,#7331,#7332,#7333,#7334,#7335,#7336,#7337,#7338,
#7339,#7340),.UNSPECIFIED.,.F.,.F.,(4,1,1,1,1,1,1,1,1,1,1,1,1,1,1,1,1,4),
(-4.71174888600523,-4.45791698501135,-4.19599939575771,-3.92664819969566,
-3.65067208123601,-3.36903121014994,-3.08282444640893,-2.79326870350617,
-2.50167105172777,-2.20939493548764,-1.9178225693389,-1.62831605079765,
-1.34217988916878,-1.06062746711638,-0.784753462570323,-0.515513557761085,
-0.253711976607206,0.),.UNSPECIFIED.);
#2878=B_SPLINE_CURVE_WITH_KNOTS('',1,(#7341,#7342),.UNSPECIFIED.,.F.,.F.,
(2,2),(2.00445026936599,2.67665715257424),.UNSPECIFIED.);
#2879=B_SPLINE_CURVE_WITH_KNOTS('',1,(#7343,#7344),.UNSPECIFIED.,.F.,.F.,
(2,2),(9.32334184072459,9.99554874668201),.UNSPECIFIED.);
#2880=B_SPLINE_CURVE_WITH_KNOTS('',1,(#7345,#7346),.UNSPECIFIED.,.F.,.F.,
(2,2),(-5.3,0.),.UNSPECIFIED.);
#2881=B_SPLINE_CURVE_WITH_KNOTS('',1,(#7347,#7348),.UNSPECIFIED.,.F.,.F.,
(2,2),(0.,5.3),.UNSPECIFIED.);
#2882=B_SPLINE_CURVE_WITH_KNOTS('',5,(#7349,#7350,#7351,#7352,#7353,#7354),
 .UNSPECIFIED.,.F.,.F.,(6,6),(431.849544088565,437.01383656129),
 .UNSPECIFIED.);
#2883=B_SPLINE_CURVE_WITH_KNOTS('',1,(#7355,#7356),.UNSPECIFIED.,.F.,.F.,
(2,2),(-11.7,-8.29999999999993),.UNSPECIFIED.);
#2884=B_SPLINE_CURVE_WITH_KNOTS('',1,(#7357,#7358),.UNSPECIFIED.,.F.,.F.,
(2,2),(-6.40000000185627,-3.),.UNSPECIFIED.);
#2885=B_SPLINE_CURVE_WITH_KNOTS('',1,(#7359,#7360),.UNSPECIFIED.,.F.,.F.,
(2,2),(-14.7,-5.3),.UNSPECIFIED.);
#2886=B_SPLINE_CURVE_WITH_KNOTS('',1,(#7361,#7362),.UNSPECIFIED.,.F.,.F.,
(2,2),(5.29999999999999,14.7),.UNSPECIFIED.);
#2887=B_SPLINE_CURVE_WITH_KNOTS('',1,(#7363,#7364),.UNSPECIFIED.,.F.,.F.,
(2,2),(1.7184189774573,2.67665822198879),.UNSPECIFIED.);
#2888=B_SPLINE_CURVE_WITH_KNOTS('',1,(#7365,#7366),.UNSPECIFIED.,.F.,.F.,
(2,2),(9.32334272239392,10.2815764842334),.UNSPECIFIED.);
#2889=B_SPLINE_CURVE_WITH_KNOTS('',1,(#7367,#7368),.UNSPECIFIED.,.F.,.F.,
(2,2),(1.71841897745727,2.00445128669485),.UNSPECIFIED.);
#2890=B_SPLINE_CURVE_WITH_KNOTS('',1,(#7369,#7370),.UNSPECIFIED.,.F.,.F.,
(2,2),(9.9955496674475,10.2815764842334),.UNSPECIFIED.);
#2891=B_SPLINE_CURVE_WITH_KNOTS('',1,(#7371,#7372),.UNSPECIFIED.,.F.,.F.,
(2,2),(-5.29999999999998,0.),.UNSPECIFIED.);
#2892=B_SPLINE_CURVE_WITH_KNOTS('',1,(#7373,#7374),.UNSPECIFIED.,.F.,.F.,
(2,2),(0.,5.29999999999999),.UNSPECIFIED.);
#2893=B_SPLINE_CURVE_WITH_KNOTS('',5,(#7375,#7376,#7377,#7378,#7379,#7380),
 .UNSPECIFIED.,.F.,.F.,(6,6),(360.396931950475,365.049085006627),
 .UNSPECIFIED.);
#2894=B_SPLINE_CURVE_WITH_KNOTS('',5,(#7381,#7382,#7383,#7384,#7385,#7386,
#7387),.UNSPECIFIED.,.F.,.F.,(6,1,6),(365.049085006627,380.85915531922,
396.669221193442),.UNSPECIFIED.);
#2895=B_SPLINE_CURVE_WITH_KNOTS('',5,(#7388,#7389,#7390,#7391,#7392,#7393,
#7394),.UNSPECIFIED.,.F.,.F.,(6,1,6),(365.049085006627,380.85915531922,
396.669221193441),.UNSPECIFIED.);
#2896=B_SPLINE_CURVE_WITH_KNOTS('',5,(#7395,#7396,#7397,#7398,#7399,#7400,
#7401),.UNSPECIFIED.,.F.,.F.,(6,1,6),(-431.849544088565,-423.570894589128,
-393.570666520344),.UNSPECIFIED.);
#2897=B_SPLINE_CURVE_WITH_KNOTS('',3,(#7402,#7403,#7404,#7405,#7406,#7407,
#7408,#7409,#7410,#7411,#7412,#7413,#7414,#7415,#7416,#7417,#7418,#7419,
#7420,#7421),.UNSPECIFIED.,.F.,.F.,(4,1,1,1,1,1,1,1,1,1,1,1,1,1,1,1,1,4),
(1.42118365001857E-14,0.253723827594887,0.515525342263516,0.784765053662731,
1.06063866527726,1.34219042214036,1.62832557939867,1.91783069956584,2.20940123640163,
2.50167507775688,2.79327001905322,3.0828226502482,3.36902595709681,3.65066309900915,
3.92663529957718,4.19598247674094,4.45789603165859,4.71154981248508),
 .UNSPECIFIED.);
#2898=B_SPLINE_CURVE_WITH_KNOTS('',1,(#7432,#7433),.UNSPECIFIED.,.F.,.F.,
(2,2),(2.00445128669486,2.67665822198877),.UNSPECIFIED.);
#2899=B_SPLINE_CURVE_WITH_KNOTS('',1,(#7434,#7435),.UNSPECIFIED.,.F.,.F.,
(2,2),(9.32334272239392,9.9955496674475),.UNSPECIFIED.);
#2900=B_SPLINE_CURVE_WITH_KNOTS('',3,(#7436,#7437,#7438,#7439,#7440,#7441,
#7442,#7443,#7444,#7445,#7446,#7447,#7448,#7449,#7450,#7451,#7452,#7453,
#7454,#7455),.UNSPECIFIED.,.F.,.F.,(4,1,1,1,1,1,1,1,1,1,1,1,1,1,1,1,1,4),
(0.,0.253715657526014,0.515517210360446,0.784757032789098,1.06063086997901,
1.34218300873521,1.62831874265139,1.9178246657556,2.20939625306615,2.50167140089965,
2.79326789902018,3.08282231771765,3.36902761062561,3.6506668953307,3.92664134746377,
4.195990834585,4.45790670868053,4.71173692010329),.UNSPECIFIED.);
#2901=B_SPLINE_CURVE_WITH_KNOTS('',3,(#7466,#7467,#7468,#7469,#7470,#7471,
#7472,#7473,#7474,#7475,#7476,#7477,#7478,#7479,#7480,#7481,#7482,#7483,
#7484,#7485),.UNSPECIFIED.,.F.,.F.,(4,1,1,1,1,1,1,1,1,1,1,1,1,1,1,1,1,4),
(-4.71154981248499,-4.45789603165785,-4.19598247674031,-3.9266352995765,
-3.65066309900854,-3.36902595709646,-3.08282265024782,-2.79327001905323,
-2.50167507775679,-2.20940123640152,-1.9178306995657,-1.62832557939844,
-1.34219042214027,-1.06063866527724,-0.78476505366267,-0.515525342263471,
-0.253723827594849,0.),.UNSPECIFIED.);
#2902=B_SPLINE_CURVE_WITH_KNOTS('',3,(#7496,#7497,#7498,#7499,#7500,#7501,
#7502,#7503,#7504,#7505,#7506,#7507,#7508,#7509,#7510,#7511,#7512,#7513,
#7514,#7515),.UNSPECIFIED.,.F.,.F.,(4,1,1,1,1,1,1,1,1,1,1,1,1,1,1,1,1,4),
(0.,0.253711976607201,0.515513557761158,0.784753462570359,1.06062746711647,
1.34217988916909,1.628316050798,1.91782256933956,2.20939493548806,2.50167105172843,
2.79326870350707,3.08282444641011,3.36903121015132,3.65067208123716,3.92664819969712,
4.19599939575945,4.4579169850132,4.71174888601313),.UNSPECIFIED.);
#2903=B_SPLINE_CURVE_WITH_KNOTS('',3,(#7526,#7527,#7528,#7529,#7530,#7531,
#7532,#7533,#7534,#7535,#7536,#7537,#7538,#7539,#7540,#7541,#7542,#7543,
#7544,#7545),.UNSPECIFIED.,.F.,.F.,(4,1,1,1,1,1,1,1,1,1,1,1,1,1,1,1,1,4),
(-4.71171478034574,-4.45791009283999,-4.19599384469492,-3.92664398501646,
-3.65066916974948,-3.3690295394541,-3.08282392624339,-2.79326921927403,
-2.50167247009042,-2.20939711157299,-1.91782535486736,-1.62831930228904,
-1.34218347538873,-1.06063127505501,-0.784757401493424,-0.515517561162762,
-0.253716002174601,-1.03040753782681E-17),.UNSPECIFIED.);
#2904=B_SPLINE_CURVE_WITH_KNOTS('',3,(#7556,#7557,#7558,#7559,#7560,#7561,
#7562,#7563,#7564,#7565,#7566,#7567,#7568,#7569,#7570,#7571,#7572,#7573,
#7574,#7575),.UNSPECIFIED.,.F.,.F.,(4,1,1,1,1,1,1,1,1,1,1,1,1,1,1,1,1,4),
(0.,0.253723827594834,0.515525342263479,0.784765053662704,1.06063866527723,
1.34219042214026,1.62832557939862,1.91783069956576,2.20940123640169,2.50167507775677,
2.79327001905339,3.08282265024819,3.36902595709666,3.65066309900904,3.92663529957706,
4.19598247674083,4.4578960316583,4.711549812485),.UNSPECIFIED.);
#2905=B_SPLINE_CURVE_WITH_KNOTS('',3,(#7586,#7587,#7588,#7589,#7590,#7591,
#7592,#7593,#7594,#7595,#7596,#7597,#7598,#7599,#7600,#7601,#7602,#7603,
#7604,#7605),.UNSPECIFIED.,.F.,.F.,(4,1,1,1,1,1,1,1,1,1,1,1,1,1,1,1,1,4),
(-4.71173692010469,-4.45790670868176,-4.19599083458594,-3.92664134746477,
-3.65066689533157,-3.36902761062619,-3.08282231771796,-2.79326789902055,
-2.5016714008998,-2.20939625306617,-1.91782466575562,-1.62831874265151,
-1.34218300873533,-1.06063086997903,-0.784757032789117,-0.515517210360507,
-0.253715657526061,-7.10544596533107E-15),.UNSPECIFIED.);
#2906=B_SPLINE_CURVE_WITH_KNOTS('',3,(#7616,#7617,#7618,#7619,#7620,#7621,
#7622,#7623,#7624,#7625,#7626,#7627,#7628,#7629,#7630,#7631,#7632,#7633,
#7634,#7635),.UNSPECIFIED.,.F.,.F.,(4,1,1,1,1,1,1,1,1,1,1,1,1,1,1,1,1,4),
(0.,0.25371565752623,0.515517210360668,0.784757032789299,1.06063086997915,
1.34218300873544,1.62831874265161,1.91782466575563,2.20939625306606,2.50167140089958,
2.79326789902019,3.08282231771737,3.36902761062536,3.65066689533058,3.92664134746365,
4.19599083458455,4.45790670868009,4.71173692010273),.UNSPECIFIED.);
#2907=B_SPLINE_CURVE_WITH_KNOTS('',3,(#7646,#7647,#7648,#7649,#7650,#7651,
#7652,#7653,#7654,#7655,#7656,#7657,#7658,#7659,#7660,#7661,#7662,#7663,
#7664,#7665),.UNSPECIFIED.,.F.,.F.,(4,1,1,1,1,1,1,1,1,1,1,1,1,1,1,1,1,4),
(-4.71154981248721,-4.45789603166024,-4.19598247674239,-3.92663529957819,
-3.6506630990102,-3.36902595709748,-3.08282265024887,-2.79327001905373,
-2.50167507775724,-2.20940123640195,-1.91783069956587,-1.62832557939865,
-1.34219042214032,-1.06063866527725,-0.784765053662713,-0.515525342263481,
-0.253723827594849,0.),.UNSPECIFIED.);
#2908=B_SPLINE_CURVE_WITH_KNOTS('',3,(#7676,#7677,#7678,#7679,#7680,#7681,
#7682,#7683,#7684,#7685,#7686,#7687,#7688,#7689,#7690,#7691,#7692,#7693,
#7694,#7695),.UNSPECIFIED.,.F.,.F.,(4,1,1,1,1,1,1,1,1,1,1,1,1,1,1,1,1,4),
(0.,0.253711976607216,0.515513557761172,0.784753462570383,1.06062746711638,
1.34217988916892,1.62831605079779,1.91782256933928,2.2093949354879,2.50167105172796,
2.79326870350662,3.0828244464094,3.36903121015065,3.65067208123648,3.92664819969628,
4.19599939575854,4.45791698501211,4.71174888601172),.UNSPECIFIED.);
#2909=B_SPLINE_CURVE_WITH_KNOTS('',3,(#7706,#7707,#7708,#7709,#7710,#7711,
#7712,#7713,#7714,#7715,#7716,#7717,#7718,#7719,#7720,#7721,#7722,#7723,
#7724,#7725),.UNSPECIFIED.,.F.,.F.,(4,1,1,1,1,1,1,1,1,1,1,1,1,1,1,1,1,4),
(-4.71171478034763,-4.45791009284175,-4.19599384469649,-3.92664398501786,
-3.65066916975056,-3.36902953945497,-3.0828239262441,-2.79326921927455,
-2.50167247009076,-2.20939711157315,-1.91782535486754,-1.62831930228903,
-1.34218347538871,-1.06063127505507,-0.784757401493431,-0.515517561162732,
-0.253716002174615,0.),.UNSPECIFIED.);
#2910=B_SPLINE_CURVE_WITH_KNOTS('',3,(#7736,#7737,#7738,#7739,#7740,#7741,
#7742,#7743,#7744,#7745,#7746,#7747,#7748,#7749,#7750,#7751,#7752,#7753,
#7754,#7755),.UNSPECIFIED.,.F.,.F.,(4,1,1,1,1,1,1,1,1,1,1,1,1,1,1,1,1,4),
(0.,0.253716905734964,0.515518442765039,0.784758219222089,1.06063196303028,
1.34218394373424,1.62831943907023,1.91782503010894,2.20939618318711,2.50167079125716,
2.79326664657471,3.08282032771343,3.36902480171829,3.65066320356079,3.92663672874555,
4.19598526564447,4.45790018650196,4.71168894679941),.UNSPECIFIED.);
#2911=B_SPLINE_CURVE_WITH_KNOTS('',3,(#7766,#7767,#7768,#7769,#7770,#7771,
#7772,#7773,#7774,#7775,#7776,#7777,#7778,#7779,#7780,#7781,#7782,#7783,
#7784,#7785),.UNSPECIFIED.,.F.,.F.,(4,1,1,1,1,1,1,1,1,1,1,1,1,1,1,1,1,4),
(-4.71173438344985,-4.45790324230594,-4.19598643277937,-3.92663602002373,
-3.65066067156716,-3.36902053940254,-3.08281446600253,-2.79325934913116,
-2.50166224644231,-2.20938659396872,-1.91781460286596,-1.62830837244052,
-1.34217241861967,-1.06062013467219,-0.784746211925578,-0.515506347458898,
-0.253704780190456,-7.94521314248117E-15),.UNSPECIFIED.);
#2912=B_SPLINE_CURVE_WITH_KNOTS('',3,(#7796,#7797,#7798,#7799,#7800,#7801,
#7802,#7803,#7804,#7805,#7806,#7807,#7808,#7809,#7810,#7811,#7812,#7813,
#7814,#7815),.UNSPECIFIED.,.F.,.F.,(4,1,1,1,1,1,1,1,1,1,1,1,1,1,1,1,1,4),
(1.83237066079004E-14,0.253704780177619,0.515506347434749,0.784746211891578,
1.06062013462994,1.34217241857053,1.62830837238562,1.91781460280622,2.2093865939047,
2.50166224637442,2.79325934905897,3.08281446592554,3.36902053932033,3.65066067147785,
3.92663601992655,4.19598643267272,4.45790324218885,4.71173438332078),
 .UNSPECIFIED.);
#2913=B_SPLINE_CURVE_WITH_KNOTS('',3,(#7826,#7827,#7828,#7829,#7830,#7831,
#7832,#7833,#7834,#7835,#7836,#7837,#7838,#7839,#7840,#7841,#7842,#7843,
#7844,#7845),.UNSPECIFIED.,.F.,.F.,(4,1,1,1,1,1,1,1,1,1,1,1,1,1,1,1,1,4),
(-4.711688946788,-4.45790018650694,-4.19598526565109,-3.92663672875334,
-3.65066320356953,-3.36902480172802,-3.08282032772336,-2.79326664658533,
-2.50167079126734,-2.20939618319675,-1.9178250301177,-1.62831943907801,
-1.34218394374081,-1.06063196303548,-0.784758219225976,-0.51551844276753,
-0.253716905736137,-3.43148920770334E-15),.UNSPECIFIED.);
#2914=B_SPLINE_CURVE_WITH_KNOTS('',3,(#7856,#7857,#7858,#7859,#7860,#7861,
#7862,#7863,#7864,#7865,#7866,#7867,#7868,#7869,#7870,#7871,#7872,#7873,
#7874,#7875),.UNSPECIFIED.,.F.,.F.,(4,1,1,1,1,1,1,1,1,1,1,1,1,1,1,1,1,4),
(2.1334686327738E-14,0.253711976607769,0.5155135577617,0.784753462570921,
1.0606274671169,1.34217988916946,1.62831605079831,1.9178225693397,2.20939493548815,
2.50167105172839,2.79326870350671,3.08282444640945,3.36903121015082,3.65067208123665,
3.92664819969636,4.19599939575854,4.45791698501218,4.71174888601179),
 .UNSPECIFIED.);
#2915=B_SPLINE_CURVE_WITH_KNOTS('',3,(#7882,#7883,#7884,#7885,#7886,#7887,
#7888,#7889,#7890,#7891,#7892,#7893,#7894,#7895,#7896,#7897,#7898,#7899,
#7900,#7901),.UNSPECIFIED.,.F.,.F.,(4,1,1,1,1,1,1,1,1,1,1,1,1,1,1,1,1,4),
(-4.71171478034713,-4.45791009284145,-4.19599384469634,-3.92664398501753,
-3.6506691697504,-3.36902953945479,-3.08282392624423,-2.79326921927457,
-2.50167247009087,-2.20939711157337,-1.91782535486757,-1.62831930228913,
-1.34218347538888,-1.06063127505505,-0.784757401493456,-0.515517561162789,
-0.253716002174634,0.),.UNSPECIFIED.);
#2916=B_SPLINE_CURVE_WITH_KNOTS('',3,(#7908,#7909,#7910,#7911,#7912,#7913,
#7914,#7915,#7916,#7917,#7918,#7919,#7920,#7921,#7922,#7923,#7924,#7925,
#7926,#7927),.UNSPECIFIED.,.F.,.F.,(4,1,1,1,1,1,1,1,1,1,1,1,1,1,1,1,1,4),
(-4.71173692009368,-4.4579067086818,-4.19599083458615,-3.92664134746481,
-3.65066689533153,-3.36902761062623,-3.08282231771806,-2.7932678990206,
-2.50167140089985,-2.20939625306618,-1.9178246657557,-1.62831874265156,
-1.34218300873538,-1.06063086997909,-0.784757032789163,-0.515517210360554,
-0.253715657526108,0.),.UNSPECIFIED.);
#2917=B_SPLINE_CURVE_WITH_KNOTS('',3,(#7938,#7939,#7940,#7941,#7942,#7943,
#7944,#7945,#7946,#7947,#7948,#7949,#7950,#7951,#7952,#7953,#7954,#7955,
#7956,#7957),.UNSPECIFIED.,.F.,.F.,(4,1,1,1,1,1,1,1,1,1,1,1,1,1,1,1,1,4),
(2.51525706582436E-16,0.253723827594854,0.515525342263497,0.784765053662736,
1.06063866527719,1.3421904221403,1.62832557939851,1.91783069956556,2.20940123640154,
2.50167507775669,2.79327001905296,3.08282265024776,3.36902595709609,3.65066309900823,
3.92663529957595,4.19598247673958,4.45789603165702,4.71154981248346),
 .UNSPECIFIED.);
#2918=B_SPLINE_CURVE_WITH_KNOTS('',3,(#7968,#7969,#7970,#7971,#7972,#7973,
#7974,#7975,#7976,#7977,#7978,#7979,#7980,#7981,#7982,#7983,#7984,#7985,
#7986,#7987),.UNSPECIFIED.,.F.,.F.,(4,1,1,1,1,1,1,1,1,1,1,1,1,1,1,1,1,4),
(-4.7116889467961,-4.45790018650194,-4.19598526564465,-3.9266367287459,
-3.6506632035609,-3.36902480171858,-3.0828203277138,-2.79326664657555,-2.50167079125755,
-2.20939618318769,-1.91782503010954,-1.62831943907068,-1.34218394373477,
-1.06063196303077,-0.784758219222662,-0.51551844276557,-0.253716905735506,
0.),.UNSPECIFIED.);
#2919=B_SPLINE_CURVE_WITH_KNOTS('',3,(#7994,#7995,#7996,#7997,#7998,#7999,
#8000,#8001,#8002,#8003,#8004,#8005,#8006,#8007,#8008,#8009,#8010,#8011,
#8012,#8013),.UNSPECIFIED.,.F.,.F.,(4,1,1,1,1,1,1,1,1,1,1,1,1,1,1,1,1,4),
(0.,0.253704778703784,0.515506345972252,0.784746210438908,1.06062013318556,
1.34217241713299,1.62830837095389,1.91781460137929,2.20938659248188,2.50166224495564,
2.79325934764449,3.08281446451587,3.36902053791588,3.65066067008029,3.92663601853685,
4.19598643129239,4.45790324081919,4.7117343819581),.UNSPECIFIED.);
#2920=B_SPLINE_CURVE_WITH_KNOTS('',3,(#8020,#8021,#8022,#8023,#8024,#8025,
#8026,#8027,#8028,#8029,#8030,#8031,#8032,#8033,#8034,#8035,#8036,#8037,
#8038,#8039),.UNSPECIFIED.,.F.,.F.,(4,1,1,1,1,1,1,1,1,1,1,1,1,1,1,1,1,4),
(-4.71173438183412,-4.45790324070208,-4.19598643118595,-3.92663601843967,
-3.6506606699914,-3.36902053783357,-3.08281446443897,-2.79325934757212,
-2.50166224488757,-2.20938659241803,-1.91781460131948,-1.62830837089888,
-1.34217241708389,-1.06062013314322,-0.784746210404818,-0.515506345948097,
-0.253704778690928,0.),.UNSPECIFIED.);
#2921=B_SPLINE_CURVE_WITH_KNOTS('',3,(#8050,#8051,#8052,#8053,#8054,#8055,
#8056,#8057,#8058,#8059,#8060,#8061,#8062,#8063,#8064,#8065,#8066,#8067,
#8068,#8069),.UNSPECIFIED.,.F.,.F.,(4,1,1,1,1,1,1,1,1,1,1,1,1,1,1,1,1,4),
(0.,0.25371690573669,0.51551844276809,0.784758219226556,1.06063196303617,
1.34218394374151,1.62831943907859,1.91782503011835,2.20939618319759,2.50167079126764,
2.79326664658556,3.08282032772402,3.36902480172852,3.6506632035703,3.92663672875377,
4.19598526565137,4.45790018650728,4.71168894678802),.UNSPECIFIED.);
#2922=B_SPLINE_CURVE_WITH_KNOTS('',3,(#8080,#8081,#8082,#8083,#8084,#8085,
#8086,#8087,#8088,#8089,#8090,#8091,#8092,#8093,#8094,#8095,#8096,#8097,
#8098,#8099),.UNSPECIFIED.,.F.,.F.,(4,1,1,1,1,1,1,1,1,1,1,1,1,1,1,1,1,4),
(0.,0.253715657526013,0.515517210360448,0.784757032789047,1.06063086997895,
1.34218300873524,1.62831874265145,1.91782466575554,2.20939625306604,2.50167140089963,
2.79326789902047,3.08282231771779,3.36902761062606,3.65066689533146,3.92664134746458,
4.19599083458581,4.45790670868152,4.71173692010432),.UNSPECIFIED.);
#2923=B_SPLINE_CURVE_WITH_KNOTS('',3,(#8110,#8111,#8112,#8113,#8114,#8115,
#8116,#8117,#8118,#8119,#8120,#8121,#8122,#8123,#8124,#8125,#8126,#8127,
#8128,#8129),.UNSPECIFIED.,.F.,.F.,(4,1,1,1,1,1,1,1,1,1,1,1,1,1,1,1,1,4),
(-4.71154981155634,-4.45789603072989,-4.19598247581241,-3.9266352986489,
-3.65066309808098,-3.36902595616864,-3.0828226493204,-2.79327001812585,
-2.50167507682936,-2.20940123547426,-1.91783069863839,-1.62832557847134,
-1.34219042121311,-1.06063866435014,-0.784765052735629,-0.515525341336374,
-0.253723826667761,0.),.UNSPECIFIED.);
#2924=B_SPLINE_CURVE_WITH_KNOTS('',3,(#8150,#8151,#8152,#8153,#8154,#8155,
#8156,#8157,#8158,#8159,#8160,#8161,#8162,#8163,#8164,#8165,#8166,#8167,
#8168,#8169),.UNSPECIFIED.,.F.,.F.,(4,1,1,1,1,1,1,1,1,1,1,1,1,1,1,1,1,4),
(1.06475326589249E-14,0.253716002174612,0.515517561162798,0.78475740149344,
1.060631275055,1.34218347538882,1.62831930228912,1.91782535486748,2.20939711157305,
2.50167247009067,2.79326921927437,3.08282392624405,3.36902953945478,3.65066916975045,
3.92664398501777,4.19599384469644,4.4579100928416,4.71171478034691),
 .UNSPECIFIED.);
#2925=B_SPLINE_CURVE_WITH_KNOTS('',3,(#8190,#8191,#8192,#8193,#8194,#8195,
#8196,#8197,#8198,#8199,#8200,#8201,#8202,#8203,#8204,#8205,#8206,#8207,
#8208,#8209),.UNSPECIFIED.,.F.,.F.,(4,1,1,1,1,1,1,1,1,1,1,1,1,1,1,1,1,4),
(-4.71173692010423,-4.45790670868113,-4.19599083458537,-3.92664134746426,
-3.65066689533097,-3.36902761062557,-3.0828223177174,-2.79326789902031,
-2.50167140089943,-2.20939625306593,-1.91782466575525,-1.62831874265116,
-1.34218300873518,-1.0606308699789,-0.784757032788996,-0.515517210360444,
-0.25371565752602,0.),.UNSPECIFIED.);
#2926=B_SPLINE_CURVE_WITH_KNOTS('',3,(#8220,#8221,#8222,#8223,#8224,#8225,
#8226,#8227,#8228,#8229,#8230,#8231,#8232,#8233,#8234,#8235,#8236,#8237,
#8238,#8239),.UNSPECIFIED.,.F.,.F.,(4,1,1,1,1,1,1,1,1,1,1,1,1,1,1,1,1,4),
(0.,0.253723826667734,0.515525341336371,0.784765052735533,1.06063866435014,
1.34219042121314,1.62832557847138,1.91783069863852,2.20940123547435,2.50167507682977,
2.79327001812618,3.08282264932117,3.36902595616963,3.65066309808223,3.92663529865024,
4.19598247581415,4.45789603073205,4.71154981155905),.UNSPECIFIED.);
#2927=B_SPLINE_CURVE_WITH_KNOTS('',3,(#8250,#8251,#8252,#8253,#8254,#8255,
#8256,#8257,#8258,#8259,#8260,#8261,#8262,#8263,#8264,#8265,#8266,#8267,
#8268,#8269),.UNSPECIFIED.,.F.,.F.,(4,1,1,1,1,1,1,1,1,1,1,1,1,1,1,1,1,4),
(-4.71174888586122,-4.45791698486571,-4.19599939561185,-3.92664819954938,
-3.65067208108939,-3.36903121000341,-3.08282444626196,-2.79326870335911,
-2.50167105158045,-2.20939493534024,-1.91782256919156,-1.62831605065009,
-1.34217988902126,-1.06062746696863,-0.784753462422643,-0.515513557613411,
-0.253711976459475,0.),.UNSPECIFIED.);
#2928=B_SPLINE_CURVE_WITH_KNOTS('',3,(#8280,#8281,#8282,#8283,#8284,#8285,
#8286,#8287,#8288,#8289,#8290,#8291,#8292,#8293,#8294,#8295,#8296,#8297,
#8298,#8299),.UNSPECIFIED.,.F.,.F.,(4,1,1,1,1,1,1,1,1,1,1,1,1,1,1,1,1,4),
(0.,0.253716002174584,0.515517561162729,0.784757401493425,1.06063127505499,
1.34218347538877,1.62831930228898,1.91782535486743,2.20939711157304,2.50167247009057,
2.79326921927406,3.08282392624365,3.36902953945441,3.65066916974981,3.92664398501689,
4.1959938446956,4.45791009284054,4.71171478034596),.UNSPECIFIED.);
#2929=B_SPLINE_CURVE_WITH_KNOTS('',3,(#8310,#8311,#8312,#8313,#8314,#8315,
#8316,#8317,#8318,#8319,#8320,#8321,#8322,#8323,#8324,#8325,#8326,#8327,
#8328,#8329),.UNSPECIFIED.,.F.,.F.,(4,1,1,1,1,1,1,1,1,1,1,1,1,1,1,1,1,4),
(-4.71154981248456,-4.45789603165778,-4.1959824767403,-3.92663529957658,
-3.65066309900863,-3.36902595709615,-3.08282265024773,-2.79327001905285,
-2.50167507775642,-2.20940123640119,-1.91783069956531,-1.62832557939827,
-1.34219042213997,-1.06063866527689,-0.784765053662354,-0.515525342263174,
-0.253723827594525,0.),.UNSPECIFIED.);
#2930=B_SPLINE_CURVE_WITH_KNOTS('',3,(#8340,#8341,#8342,#8343,#8344,#8345,
#8346,#8347,#8348,#8349,#8350,#8351,#8352,#8353,#8354,#8355,#8356,#8357,
#8358,#8359),.UNSPECIFIED.,.F.,.F.,(4,1,1,1,1,1,1,1,1,1,1,1,1,1,1,1,1,4),
(0.,0.253715657525204,0.515517210359646,0.784757032788254,1.06063086997815,
1.34218300873447,1.62831874265071,1.9178246657548,2.20939625306537,2.50167140089895,
2.79326789901979,3.08282231771716,3.36902761062533,3.65066689533069,3.92664134746391,
4.19599083458509,4.45790670868085,4.71173692010378),.UNSPECIFIED.);
#2931=B_SPLINE_CURVE_WITH_KNOTS('',3,(#8370,#8371,#8372,#8373,#8374,#8375,
#8376,#8377,#8378,#8379,#8380,#8381,#8382,#8383,#8384,#8385,#8386,#8387,
#8388,#8389),.UNSPECIFIED.,.F.,.F.,(4,1,1,1,1,1,1,1,1,1,1,1,1,1,1,1,1,4),
(-4.71173692010167,-4.45790670867904,-4.19599083458344,-3.92664134746255,
-3.65066689532953,-3.36902761062444,-3.08282231771642,-2.79326789901917,
-2.50167140089856,-2.20939625306511,-1.91782466575464,-1.62831874265064,
-1.34218300873447,-1.06063086997821,-0.78475703278833,-0.515517210359736,
-0.253715657525297,0.),.UNSPECIFIED.);
#2932=B_SPLINE_CURVE_WITH_KNOTS('',3,(#8400,#8401,#8402,#8403,#8404,#8405,
#8406,#8407,#8408,#8409,#8410,#8411,#8412,#8413,#8414,#8415,#8416,#8417,
#8418,#8419),.UNSPECIFIED.,.F.,.F.,(4,1,1,1,1,1,1,1,1,1,1,1,1,1,1,1,1,4),
(0.,0.25372382666769,0.515525341336349,0.784765052735594,1.06063866435015,
1.34219042121322,1.6283255784716,1.91783069863878,2.20940123547484,2.50167507683018,
2.79327001812671,3.0828226493218,3.36902595617046,3.65066309808326,3.92663529865157,
4.19598247581552,4.4578960307334,4.71154981156075),.UNSPECIFIED.);
#2933=B_SPLINE_CURVE_WITH_KNOTS('',3,(#8430,#8431,#8432,#8433,#8434,#8435,
#8436,#8437,#8438,#8439,#8440,#8441,#8442,#8443,#8444,#8445,#8446,#8447,
#8448,#8449),.UNSPECIFIED.,.F.,.F.,(4,1,1,1,1,1,1,1,1,1,1,1,1,1,1,1,1,4),
(-4.71174888601141,-4.45791698501185,-4.19599939575817,-3.92664819969616,
-3.65067208123636,-3.3690312101507,-3.08282444640962,-2.7932687035068,-2.50167105172825,
-2.2093949354882,-1.91782256933966,-1.62831605079822,-1.34217988916933,
-1.0606274671168,-0.784753462570821,-0.515513557761611,-0.25371197660765,
0.),.UNSPECIFIED.);
#2934=B_SPLINE_CURVE_WITH_KNOTS('',3,(#8460,#8461,#8462,#8463,#8464,#8465,
#8466,#8467,#8468,#8469,#8470,#8471,#8472,#8473,#8474,#8475,#8476,#8477,
#8478,#8479),.UNSPECIFIED.,.F.,.F.,(4,1,1,1,1,1,1,1,1,1,1,1,1,1,1,1,1,4),
(0.,0.25371600217454,0.51551756116271,0.78475740149344,1.060631275055,1.3421834753889,
1.62831930228917,1.91782535486753,2.20939711157317,2.50167247009072,2.79326921927429,
3.0828239262439,3.36902953945453,3.65066916974984,3.92664398501724,4.19599384469562,
4.4579100928407,4.71171478034668),.UNSPECIFIED.);
#2935=B_SPLINE_CURVE_WITH_KNOTS('',1,(#8490,#8491),.UNSPECIFIED.,.F.,.F.,
(2,2),(-256.215450261335,-188.879397478187),.UNSPECIFIED.);
#2936=B_SPLINE_CURVE_WITH_KNOTS('',1,(#8492,#8493),.UNSPECIFIED.,.F.,.F.,
(2,2),(-260.978051991238,-256.215450261335),.UNSPECIFIED.);
#2937=B_SPLINE_CURVE_WITH_KNOTS('',1,(#8494,#8495),.UNSPECIFIED.,.F.,.F.,
(2,2),(-65.0128948980235,-28.5946711995551),.UNSPECIFIED.);
#2938=B_SPLINE_CURVE_WITH_KNOTS('',1,(#8496,#8497),.UNSPECIFIED.,.F.,.F.,
(2,2),(-69.7754967024413,-65.0128948980235),.UNSPECIFIED.);
#2939=B_SPLINE_CURVE_WITH_KNOTS('',5,(#8498,#8499,#8500,#8501,#8502,#8503,
#8504),.UNSPECIFIED.,.F.,.F.,(6,1,6),(208.455565948283,228.076635547992,
260.659012054847),.UNSPECIFIED.);
#2940=B_SPLINE_CURVE_WITH_KNOTS('',5,(#8505,#8506,#8507,#8508,#8509,#8510,
#8511),.UNSPECIFIED.,.F.,.F.,(6,1,6),(182.532952907209,195.494259041136,
208.455565948283),.UNSPECIFIED.);
#2941=B_SPLINE_CURVE_WITH_KNOTS('',5,(#8512,#8513,#8514,#8515,#8516,#8517,
#8518,#8519,#8520,#8521,#8522),.UNSPECIFIED.,.F.,.F.,(6,1,1,1,1,1,6),(-151.541840984112,
-136.021126899722,-108.816901519777,-81.6126761398329,-54.4084507598886,
-27.2042253799443,0.),.UNSPECIFIED.);
#2942=B_SPLINE_CURVE_WITH_KNOTS('',5,(#8523,#8524,#8525,#8526,#8527,#8528,
#8529),.UNSPECIFIED.,.F.,.F.,(6,1,6),(-174.908864258164,-163.225352279666,
-151.541840984112),.UNSPECIFIED.);
#2943=B_SPLINE_CURVE_WITH_KNOTS('',5,(#8530,#8531,#8532,#8533,#8534,#8535,
#8536,#8537,#8538,#8539,#8540,#8541,#8542),.UNSPECIFIED.,.F.,.F.,(6,1,1,
1,1,1,1,1,6),(-198.307669201603,-185.913439876503,-173.519210551403,-161.124981226302,
-148.730751901202,-136.336522576102,-123.942293251002,-111.548063925902,
-99.1538346008018),.UNSPECIFIED.);
#2944=B_SPLINE_CURVE_WITH_KNOTS('',3,(#8543,#8544,#8545,#8546),
 .UNSPECIFIED.,.F.,.F.,(4,4),(-28.,0.),.UNSPECIFIED.);
#2945=B_SPLINE_CURVE_WITH_KNOTS('',5,(#8547,#8548,#8549,#8550,#8551,#8552,
#8553),.UNSPECIFIED.,.F.,.F.,(6,1,6),(185.008987673879,185.913439876503,
198.307669201603),.UNSPECIFIED.);
#2946=B_SPLINE_CURVE_WITH_KNOTS('',5,(#8554,#8555,#8556,#8557,#8558,#8559,
#8560),.UNSPECIFIED.,.F.,.F.,(6,1,6),(0.,12.3942293251002,13.298679078568),
 .UNSPECIFIED.);
#2947=B_SPLINE_CURVE_WITH_KNOTS('',1,(#8561,#8562),.UNSPECIFIED.,.F.,.F.,
(2,2),(-71.939975222383,-60.),.UNSPECIFIED.);
#2948=B_SPLINE_CURVE_WITH_KNOTS('',1,(#8563,#8564),.UNSPECIFIED.,.F.,.F.,
(2,2),(-40.,-28.060024777617),.UNSPECIFIED.);
#2949=B_SPLINE_CURVE_WITH_KNOTS('',1,(#8565,#8566),.UNSPECIFIED.,.F.,.F.,
(2,2),(-71.939975222383,-60.),.UNSPECIFIED.);
#2950=B_SPLINE_CURVE_WITH_KNOTS('',3,(#8567,#8568,#8569,#8570),
 .UNSPECIFIED.,.F.,.F.,(4,4),(28.,33.),.UNSPECIFIED.);
#2951=B_SPLINE_CURVE_WITH_KNOTS('',5,(#8571,#8572,#8573,#8574,#8575,#8576,
#8577,#8578,#8579,#8580,#8581,#8582),.UNSPECIFIED.,.F.,.F.,(6,1,1,1,1,1,
1,6),(13.2986790785681,24.7884586502004,37.1826879753006,49.5769173004008,
61.9711466255009,74.3653759506011,86.7596052757013,99.1538343744376),
 .UNSPECIFIED.);
#2952=B_SPLINE_CURVE_WITH_KNOTS('',5,(#8583,#8584,#8585,#8586,#8587,#8588,
#8589,#8590,#8591,#8592,#8593,#8594,#8595,#8596,#8597,#8598,#8599,#8600,
#8601),.UNSPECIFIED.,.F.,.F.,(6,1,1,1,1,1,1,1,1,1,1,1,1,1,6),(-140.42077376163,
-134.42087834796,-124.819387037391,-115.217895726823,-105.616404416254,
-96.0149131056855,-86.4134217951169,-76.8119304845484,-67.2104391739799,
-57.6089478634113,-48.0074565528427,-38.4059652422742,-28.8044739317056,
-19.2029826211371,-13.2030846699711),.UNSPECIFIED.);
#2953=B_SPLINE_CURVE_WITH_KNOTS('',5,(#8602,#8603,#8604,#8605,#8606,#8607,
#8608,#8609,#8610,#8611,#8612,#8613,#8614,#8615,#8616,#8617,#8618,#8619,
#8620),.UNSPECIFIED.,.F.,.F.,(6,1,1,1,1,1,1,1,1,1,1,1,1,1,6),(-140.42077376163,
-134.42087834796,-124.819387037391,-115.217895726823,-105.616404416254,
-96.0149131056855,-86.4134217951169,-76.8119304845484,-67.2104391739799,
-57.6089478634113,-48.0074565528427,-38.4059652422742,-28.8044739317056,
-19.2029826211371,-13.2030846699712),.UNSPECIFIED.);
#2954=B_SPLINE_CURVE_WITH_KNOTS('',1,(#8621,#8622),.UNSPECIFIED.,.F.,.F.,
(2,2),(9.96452947088771,15.5936207082941),.UNSPECIFIED.);
#2955=B_SPLINE_CURVE_WITH_KNOTS('',1,(#8623,#8624),.UNSPECIFIED.,.F.,.F.,
(2,2),(9.96452843305264,15.5936199323007),.UNSPECIFIED.);
#2956=B_SPLINE_CURVE_WITH_KNOTS('',5,(#8625,#8626,#8627,#8628,#8629,#8630,
#8631,#8632,#8633,#8634,#8635,#8636,#8637),.UNSPECIFIED.,.F.,.F.,(6,1,5,
1,6),(-13.2030846699711,-9.60149131056855,0.,9.60149131056855,13.2030872074665),
 .UNSPECIFIED.);
#2957=B_SPLINE_CURVE_WITH_KNOTS('',1,(#8646,#8647),.UNSPECIFIED.,.F.,.F.,
(2,2),(-297.396274755079,-260.978051991238),.UNSPECIFIED.);
#2958=B_SPLINE_CURVE_WITH_KNOTS('',1,(#8648,#8649),.UNSPECIFIED.,.F.,.F.,
(2,2),(-303.025365992492,-297.396274755079),.UNSPECIFIED.);
#2959=B_SPLINE_CURVE_WITH_KNOTS('',1,(#8650,#8651),.UNSPECIFIED.,.F.,.F.,
(2,2),(-22.9655796734446,-6.28318549450409),.UNSPECIFIED.);
#2960=B_SPLINE_CURVE_WITH_KNOTS('',1,(#8652,#8653),.UNSPECIFIED.,.F.,.F.,
(2,2),(-28.5946711995551,-22.9655796734446),.UNSPECIFIED.);
#2961=B_SPLINE_CURVE_WITH_KNOTS('',3,(#8654,#8655,#8656,#8657),
 .UNSPECIFIED.,.F.,.F.,(4,4),(0.,2.88462553063655),.UNSPECIFIED.);
#2962=B_SPLINE_CURVE_WITH_KNOTS('',5,(#8658,#8659,#8660,#8661,#8662,#8663,
#8664,#8665,#8666,#8667,#8668,#8669,#8670,#8671),.UNSPECIFIED.,.F.,.F.,
(6,1,1,1,1,1,1,1,1,6),(0.,3.51438836841759,7.02877673683519,10.5431651052528,
14.0575534736704,17.571941842088,21.0863302105056,24.6007185789232,28.1151069473408,
30.2222127339459),.UNSPECIFIED.);
#2963=B_SPLINE_CURVE_WITH_KNOTS('',5,(#8672,#8673,#8674,#8675,#8676,#8677,
#8678,#8679,#8680),.UNSPECIFIED.,.F.,.F.,(6,1,1,1,6),(-56.2302138946815,
-52.7158255262639,-49.2014371578463,-45.6870487894287,-43.2749515080734),
 .UNSPECIFIED.);
#2964=B_SPLINE_CURVE_WITH_KNOTS('',1,(#8681,#8682),.UNSPECIFIED.,.F.,.F.,
(2,2),(0.,10.),.UNSPECIFIED.);
#2965=B_SPLINE_CURVE_WITH_KNOTS('',5,(#8683,#8684,#8685,#8686,#8687,#8688,
#8689,#8690,#8691,#8692),.UNSPECIFIED.,.F.,.F.,(6,1,1,1,1,6),(-43.5601033303326,
-40.8375968721868,-38.115090414041,-35.3925839558952,-32.6700774977495,
-31.0867350902826),.UNSPECIFIED.);
#2966=B_SPLINE_CURVE_WITH_KNOTS('',3,(#8693,#8694,#8695,#8696),
 .UNSPECIFIED.,.F.,.F.,(4,4),(0.,2.88462553063648),.UNSPECIFIED.);
#2967=B_SPLINE_CURVE_WITH_KNOTS('',5,(#8697,#8698,#8699,#8700,#8701,#8702,
#8703,#8704,#8705,#8706,#8707,#8708,#8709,#8710),.UNSPECIFIED.,.F.,.F.,
(6,1,1,1,1,1,1,1,1,6),(0.,3.51794118256173,7.03588236512346,10.5538235476852,
14.0717647302469,17.5897059128087,21.1076470953704,24.6255882779321,28.1435294604938,
28.1678192840608),.UNSPECIFIED.);
#2968=B_SPLINE_CURVE_WITH_KNOTS('',5,(#8711,#8712,#8713,#8714,#8715,#8716,
#8717,#8718,#8719,#8720),.UNSPECIFIED.,.F.,.F.,(6,1,1,1,1,6),(-56.2870589209877,
-52.769117738426,-49.2511765558642,-45.7332353733025,-42.2152941907408,
-41.5256614262774),.UNSPECIFIED.);
#2969=B_SPLINE_CURVE_WITH_KNOTS('',1,(#8721,#8722),.UNSPECIFIED.,.F.,.F.,
(2,2),(0.,10.),.UNSPECIFIED.);
#2970=B_SPLINE_CURVE_WITH_KNOTS('',5,(#8723,#8724,#8725,#8726,#8727,#8728,
#8729,#8730,#8731,#8732),.UNSPECIFIED.,.F.,.F.,(6,1,1,1,1,6),(-43.6041397130565,
-40.8788809809905,-38.1536222489245,-35.4283635168584,-32.7031047847924,
-32.1688639843519),.UNSPECIFIED.);
#2971=B_SPLINE_CURVE_WITH_KNOTS('',3,(#8733,#8734,#8735,#8736),
 .UNSPECIFIED.,.F.,.F.,(4,4),(0.,2.88462553063655),.UNSPECIFIED.);
#2972=B_SPLINE_CURVE_WITH_KNOTS('',5,(#8737,#8738,#8739,#8740,#8741,#8742,
#8743,#8744,#8745,#8746,#8747,#8748,#8749,#8750),.UNSPECIFIED.,.F.,.F.,
(6,1,1,1,1,1,1,1,1,6),(0.,3.51438836841759,7.02877673683519,10.5431651052528,
14.0575534736704,17.571941842088,21.0863302105056,24.6007185789232,28.1151069473408,
30.2219408604171),.UNSPECIFIED.);
#2973=B_SPLINE_CURVE_WITH_KNOTS('',5,(#8751,#8752,#8753,#8754,#8755,#8756,
#8757,#8758,#8759),.UNSPECIFIED.,.F.,.F.,(6,1,1,1,6),(-56.2302138946815,
-52.7158255262639,-49.2014371578463,-45.6870487894287,-43.2750914755079),
 .UNSPECIFIED.);
#2974=B_SPLINE_CURVE_WITH_KNOTS('',1,(#8760,#8761),.UNSPECIFIED.,.F.,.F.,
(2,2),(0.,10.),.UNSPECIFIED.);
#2975=B_SPLINE_CURVE_WITH_KNOTS('',5,(#8762,#8763,#8764,#8765,#8766,#8767,
#8768,#8769,#8770,#8771),.UNSPECIFIED.,.F.,.F.,(6,1,1,1,1,6),(-43.5601033303326,
-40.8375968721868,-38.115090414041,-35.3925839558952,-32.6700774977495,
-31.0869500319636),.UNSPECIFIED.);
#2976=B_SPLINE_CURVE_WITH_KNOTS('',3,(#8772,#8773,#8774,#8775),
 .UNSPECIFIED.,.F.,.F.,(4,4),(0.,1.24943515805017),.UNSPECIFIED.);
#2977=B_SPLINE_CURVE_WITH_KNOTS('',5,(#8776,#8777,#8778,#8779,#8780,#8781,
#8782,#8783,#8784,#8785),.UNSPECIFIED.,.F.,.F.,(6,1,1,1,1,6),(-56.2870589209877,
-52.769117738426,-49.2511765558642,-45.7332353733025,-42.2152941907408,
-41.525983718962),.UNSPECIFIED.);
#2978=B_SPLINE_CURVE_WITH_KNOTS('',1,(#8786,#8787),.UNSPECIFIED.,.F.,.F.,
(2,2),(0.,10.),.UNSPECIFIED.);
#2979=B_SPLINE_CURVE_WITH_KNOTS('',5,(#8788,#8789,#8790,#8791,#8792,#8793,
#8794,#8795,#8796,#8797),.UNSPECIFIED.,.F.,.F.,(6,1,1,1,1,6),(-43.6041397130565,
-40.8788809809905,-38.1536222489245,-35.4283635168584,-32.7031047847924,
-32.1691136562229),.UNSPECIFIED.);
#2980=B_SPLINE_CURVE_WITH_KNOTS('',1,(#8798,#8799),.UNSPECIFIED.,.F.,.F.,
(2,2),(163.554087383064,405.974087383132),.UNSPECIFIED.);
#2981=B_SPLINE_CURVE_WITH_KNOTS('',1,(#8800,#8801),.UNSPECIFIED.,.F.,.F.,
(2,2),(425.974072405645,521.993813292522),.UNSPECIFIED.);
#2982=B_SPLINE_CURVE_WITH_KNOTS('',5,(#8805,#8806,#8807,#8808,#8809,#8810,
#8811,#8812,#8813,#8814,#8815,#8816,#8817),.UNSPECIFIED.,.F.,.F.,(6,1,1,
1,1,1,1,1,6),(-4.41224542560067,-4.31968989868597,-3.92699081698724,-3.53429173528852,
-3.14159265358979,-2.74889357189107,-2.35619449019234,-1.96349540849362,
-1.87095036413576),.UNSPECIFIED.);
#2983=B_SPLINE_CURVE_WITH_KNOTS('',1,(#8818,#8819),.UNSPECIFIED.,.F.,.F.,
(2,2),(47.5341491924156,143.554072382398),.UNSPECIFIED.);
#2984=B_SPLINE_CURVE_WITH_KNOTS('',1,(#8820,#8821),.UNSPECIFIED.,.F.,.F.,
(2,2),(0.,60.),.UNSPECIFIED.);
#2985=B_SPLINE_CURVE_WITH_KNOTS('',1,(#8822,#8823),.UNSPECIFIED.,.F.,.F.,
(2,2),(-60.,0.),.UNSPECIFIED.);
#2986=B_SPLINE_CURVE_WITH_KNOTS('',1,(#8824,#8825),.UNSPECIFIED.,.F.,.F.,
(2,2),(0.,60.),.UNSPECIFIED.);
#2987=B_SPLINE_CURVE_WITH_KNOTS('',1,(#8826,#8827),.UNSPECIFIED.,.F.,.F.,
(2,2),(0.,60.),.UNSPECIFIED.);
#2988=B_SPLINE_CURVE_WITH_KNOTS('',1,(#8828,#8829),.UNSPECIFIED.,.F.,.F.,
(2,2),(-60.,0.),.UNSPECIFIED.);
#2989=B_SPLINE_CURVE_WITH_KNOTS('',1,(#8833,#8834),.UNSPECIFIED.,.F.,.F.,
(2,2),(-60.,0.),.UNSPECIFIED.);
#2990=B_SPLINE_CURVE_WITH_KNOTS('',5,(#8835,#8836,#8837,#8838,#8839,#8840,
#8841,#8842,#8843,#8844,#8845),.UNSPECIFIED.,.F.,.F.,(6,1,1,1,1,1,6),(-4.41224542560067,
-4.31968989868597,-3.92699081698724,-3.53429173528852,-3.14159265358979,
-2.74889357189107,-2.43248222186996),.UNSPECIFIED.);
#2991=B_SPLINE_CURVE_WITH_KNOTS('',1,(#8851,#8852),.UNSPECIFIED.,.F.,.F.,
(2,2),(-1754.51435718138,-1349.72804503152),.UNSPECIFIED.);
#2992=B_SPLINE_CURVE_WITH_KNOTS('',1,(#8853,#8854),.UNSPECIFIED.,.F.,.F.,
(2,2),(-1326.3511602792,-1166.02084457208),.UNSPECIFIED.);
#2993=B_SPLINE_CURVE_WITH_KNOTS('',3,(#8855,#8856,#8857,#8858,#8859,#8860,
#8861,#8862,#8863),.UNSPECIFIED.,.F.,.F.,(4,1,1,1,1,1,4),(-1166.02084457208,
-1155.92851558084,-1145.3646516788,-1134.65912574055,-1123.95360035474,
-1113.24807455429,-1110.90481947665),.UNSPECIFIED.);
#2994=B_SPLINE_CURVE_WITH_KNOTS('',1,(#8864,#8865),.UNSPECIFIED.,.F.,.F.,
(2,2),(-2.69480919357079E-7,96.0197408861992),.UNSPECIFIED.);
#2995=B_SPLINE_CURVE_WITH_KNOTS('',1,(#8866,#8867),.UNSPECIFIED.,.F.,.F.,
(2,2),(-1754.51435718138,-1349.72804503152),.UNSPECIFIED.);
#2996=B_SPLINE_CURVE_WITH_KNOTS('',1,(#8868,#8869),.UNSPECIFIED.,.F.,.F.,
(2,2),(-1326.3511602792,-1166.02084457208),.UNSPECIFIED.);
#2997=B_SPLINE_CURVE_WITH_KNOTS('',3,(#8870,#8871,#8872,#8873,#8874,#8875,
#8876,#8877,#8878,#8879),.UNSPECIFIED.,.F.,.F.,(4,1,1,1,1,1,1,4),(-1166.02084457208,
-1155.92851558084,-1145.3646516788,-1134.65912574055,-1123.95360035474,
-1113.24807455429,-1102.54254744584,-1098.36930582884),.UNSPECIFIED.);
#2998=B_SPLINE_CURVE_WITH_KNOTS('',1,(#8880,#8881),.UNSPECIFIED.,.F.,.F.,
(2,2),(-5.32907051820075E-15,60.),.UNSPECIFIED.);
#2999=B_SPLINE_CURVE_WITH_KNOTS('',1,(#8882,#8883),.UNSPECIFIED.,.F.,.F.,
(2,2),(13.4000995761627,73.4000995761627),.UNSPECIFIED.);
#3000=B_SPLINE_CURVE_WITH_KNOTS('',1,(#8884,#8885),.UNSPECIFIED.,.F.,.F.,
(2,2),(1.77635683940025E-15,60.),.UNSPECIFIED.);
#3001=B_SPLINE_CURVE_WITH_KNOTS('',1,(#8886,#8887),.UNSPECIFIED.,.F.,.F.,
(2,2),(13.4000995761627,73.4000995761627),.UNSPECIFIED.);
#3002=B_SPLINE_CURVE_WITH_KNOTS('',1,(#8888,#8889),.UNSPECIFIED.,.F.,.F.,
(2,2),(-8.88178419700125E-15,60.),.UNSPECIFIED.);
#3003=B_SPLINE_CURVE_WITH_KNOTS('',1,(#8890,#8891),.UNSPECIFIED.,.F.,.F.,
(2,2),(-5.32907051820075E-15,60.),.UNSPECIFIED.);
#3004=B_SPLINE_CURVE_WITH_KNOTS('',1,(#8892,#8893),.UNSPECIFIED.,.F.,.F.,
(2,2),(0.,60.),.UNSPECIFIED.);
#3005=B_SPLINE_CURVE_WITH_KNOTS('',1,(#8897,#8898),.UNSPECIFIED.,.F.,.F.,
(2,2),(0.,60.),.UNSPECIFIED.);
#3006=B_SPLINE_CURVE_WITH_KNOTS('',1,(#8899,#8900),.UNSPECIFIED.,.F.,.F.,
(2,2),(-60.,-50.0000000000001),.UNSPECIFIED.);
#3007=B_SPLINE_CURVE_WITH_KNOTS('',1,(#8901,#8902),.UNSPECIFIED.,.F.,.F.,
(2,2),(50.0000000000001,60.),.UNSPECIFIED.);
#3008=B_SPLINE_CURVE_WITH_KNOTS('',5,(#8903,#8904,#8905,#8906,#8907,#8908,
#8909),.UNSPECIFIED.,.F.,.F.,(6,1,6),(2.27990676449555,2.35619449019234,
2.43248222186996),.UNSPECIFIED.);
#3009=B_SPLINE_CURVE_WITH_KNOTS('',1,(#8910,#8911),.UNSPECIFIED.,.F.,.F.,
(2,2),(-2.30769230769229,0.),.UNSPECIFIED.);
#3010=B_SPLINE_CURVE_WITH_KNOTS('',1,(#8912,#8913),.UNSPECIFIED.,.F.,.F.,
(2,2),(0.,2.3076923076923),.UNSPECIFIED.);
#3011=B_SPLINE_CURVE_WITH_KNOTS('',3,(#8914,#8915,#8916,#8917,#8918),
 .UNSPECIFIED.,.F.,.F.,(4,1,4),(-1110.90481947665,-1102.54254744584,-1098.36930582884),
 .UNSPECIFIED.);
#3012=B_SPLINE_CURVE_WITH_KNOTS('',5,(#8919,#8920,#8921,#8922,#8923,#8924,
#8925),.UNSPECIFIED.,.F.,.F.,(6,1,6),(-2.27990676449555,-1.96349540849362,
-1.87095036413576),.UNSPECIFIED.);
#3013=B_SPLINE_CURVE_WITH_KNOTS('',3,(#8926,#8927,#8928,#8929,#8930,#8931,
#8932,#8933,#8934,#8935,#8936,#8937,#8938,#8939,#8940,#8941,#8942,#8943,
#8944,#8945,#8946,#8947,#8948,#8949,#8950,#8951,#8952,#8953),
 .UNSPECIFIED.,.F.,.F.,(4,1,1,1,1,1,1,1,1,1,1,1,1,1,1,1,1,1,1,1,1,1,1,1,
1,4),(-1090.88626636765,-1081.13149384626,-1070.42596854626,-1059.72044269709,
-1049.01491546371,-1038.30938780317,-1027.60386195342,-1016.89833670141,
-1006.19281084926,-995.487283389779,-984.781755930297,-974.076230078153,
-963.370704826143,-952.66517897639,-941.95965131585,-931.254124082469,-920.548598233295,
-909.843072933301,-899.137547061353,-888.432019333719,-877.726492225271,
-867.020966424821,-856.315441039003,-845.609915100758,-835.045792035246,
-824.953018664773),.UNSPECIFIED.);
#3014=B_SPLINE_CURVE_WITH_KNOTS('',1,(#8954,#8955),.UNSPECIFIED.,.F.,.F.,
(2,2),(-188.87939747819,-185.87085750774),.UNSPECIFIED.);
#3015=B_SPLINE_CURVE_WITH_KNOTS('',1,(#8956,#8957),.UNSPECIFIED.,.F.,.F.,
(2,2),(-140.120086198413,-137.111549829976),.UNSPECIFIED.);
#3016=B_SPLINE_CURVE_WITH_KNOTS('',3,(#8958,#8959,#8960,#8961,#8962,#8963,
#8964),.UNSPECIFIED.,.F.,.F.,(4,3,4),(0.,2.89308189316054,3.4588050794461),
 .UNSPECIFIED.);
#3017=B_SPLINE_CURVE_WITH_KNOTS('',3,(#8965,#8966,#8967,#8968),
 .UNSPECIFIED.,.F.,.F.,(4,4),(0.,3.46185131879406),.UNSPECIFIED.);
#3018=B_SPLINE_CURVE_WITH_KNOTS('',1,(#8969,#8970),.UNSPECIFIED.,.F.,.F.,
(2,2),(-10.,0.),.UNSPECIFIED.);
#3019=B_SPLINE_CURVE_WITH_KNOTS('',1,(#8971,#8972),.UNSPECIFIED.,.F.,.F.,
(2,2),(0.,10.),.UNSPECIFIED.);
#3020=B_SPLINE_CURVE_WITH_KNOTS('',3,(#8973,#8974,#8975,#8976,#8977),
 .UNSPECIFIED.,.F.,.F.,(4,1,4),(1080.39149103335,1081.13149384626,1085.77068686893),
 .UNSPECIFIED.);
#3021=B_SPLINE_CURVE_WITH_KNOTS('',5,(#8978,#8979,#8980,#8981,#8982,#8983,
#8984,#8985),.UNSPECIFIED.,.F.,.F.,(6,1,1,6),(44.5693659657103,45.7332353733025,
49.2511765558642,51.0940175073222),.UNSPECIFIED.);
#3022=B_SPLINE_CURVE_WITH_KNOTS('',5,(#8986,#8987,#8988,#8989,#8990,#8991,
#8992,#8993,#8994,#8995,#8996,#8997,#8998,#8999),.UNSPECIFIED.,.F.,.F.,
(6,1,1,1,1,1,1,1,1,6),(-31.2110073613331,-28.1435294604938,-24.6255882779321,
-21.1076470953704,-17.5897059128087,-14.0717647302469,-10.5538235476852,
-7.03588236512346,-3.51794118256173,0.),.UNSPECIFIED.);
#3023=B_SPLINE_CURVE_WITH_KNOTS('',5,(#9000,#9001,#9002,#9003,#9004,#9005,
#9006,#9007,#9008,#9009,#9010,#9011,#9012,#9013),.UNSPECIFIED.,.F.,.F.,
(6,1,1,1,1,1,1,1,1,6),(-24.1783662471912,-21.8020698565283,-19.0768111244622,
-16.3515523923962,-13.6262936603302,-10.9010349282641,-8.1757761961981,
-5.45051746413207,-2.72525873206603,0.),.UNSPECIFIED.);
#3024=B_SPLINE_CURVE_WITH_KNOTS('',3,(#9014,#9015,#9016,#9017),
 .UNSPECIFIED.,.F.,.F.,(4,4),(-1077.57745413915,-1074.01129469694),
 .UNSPECIFIED.);
#3025=B_SPLINE_CURVE_WITH_KNOTS('',3,(#9018,#9019,#9020,#9021,#9022,#9023,
#9024),.UNSPECIFIED.,.F.,.F.,(4,3,4),(0.,1.49757457302082,3.49702268492444),
 .UNSPECIFIED.);
#3026=B_SPLINE_CURVE_WITH_KNOTS('',3,(#9025,#9026,#9027,#9028,#9029,#9030,
#9031),.UNSPECIFIED.,.F.,.F.,(4,3,4),(0.,1.92274456552058,3.49688936445439),
 .UNSPECIFIED.);
#3027=B_SPLINE_CURVE_WITH_KNOTS('',1,(#9032,#9033),.UNSPECIFIED.,.F.,.F.,
(2,2),(-10.,0.),.UNSPECIFIED.);
#3028=B_SPLINE_CURVE_WITH_KNOTS('',1,(#9034,#9035),.UNSPECIFIED.,.F.,.F.,
(2,2),(0.,10.),.UNSPECIFIED.);
#3029=B_SPLINE_CURVE_WITH_KNOTS('',3,(#9036,#9037,#9038,#9039,#9040),
 .UNSPECIFIED.,.F.,.F.,(4,1,4),(1065.96420952524,1070.42596854626,1071.15067104697),
 .UNSPECIFIED.);
#3030=B_SPLINE_CURVE_WITH_KNOTS('',5,(#9041,#9042,#9043,#9044,#9045,#9046,
#9047,#9048,#9049,#9050),.UNSPECIFIED.,.F.,.F.,(6,1,1,1,1,6),(40.1290565445769,
42.1726604210111,45.6870487894287,49.2014371578463,52.7158255262639,56.2302138946815),
 .UNSPECIFIED.);
#3031=B_SPLINE_CURVE_WITH_KNOTS('',5,(#9051,#9052,#9053,#9054,#9055,#9056,
#9057,#9058,#9059,#9060,#9061,#9062,#9063),.UNSPECIFIED.,.F.,.F.,(6,1,1,
1,1,1,1,1,6),(-27.0758671199823,-24.6007185789232,-21.0863302105056,-17.571941842088,
-14.0575534736704,-10.5431651052528,-7.02877673683519,-3.51438836841759,
0.),.UNSPECIFIED.);
#3032=B_SPLINE_CURVE_WITH_KNOTS('',5,(#9064,#9065,#9066,#9067,#9068,#9069,
#9070,#9071,#9072,#9073,#9074,#9075,#9076,#9077),.UNSPECIFIED.,.F.,.F.,
(6,1,1,1,1,1,1,1,1,6),(-23.4121618172867,-21.7800516651663,-19.0575452070205,
-16.3350387488747,-13.6125322907289,-10.8900258325832,-8.16751937443736,
-5.44501291629158,-2.72250645814579,0.),.UNSPECIFIED.);
#3033=B_SPLINE_CURVE_WITH_KNOTS('',3,(#9078,#9079,#9080,#9081,#9082,#9083,
#9084,#9085,#9086,#9087,#9088,#9089,#9090,#9091,#9092,#9093,#9094),
 .UNSPECIFIED.,.F.,.F.,(4,1,1,1,1,1,1,1,1,1,1,1,1,1,4),(-1063.10356809384,
-1059.72044269709,-1049.01491546371,-1038.30938780317,-1027.60386195342,
-1016.89833670141,-1006.19281084926,-995.487283389779,-984.781755930297,
-974.076230078153,-963.370704826143,-952.66517897639,-941.95965131585,-931.254124082469,
-927.870797547241),.UNSPECIFIED.);
#3034=B_SPLINE_CURVE_WITH_KNOTS('',3,(#9095,#9096,#9097,#9098),
 .UNSPECIFIED.,.F.,.F.,(4,4),(0.,3.46191703649659),.UNSPECIFIED.);
#3035=B_SPLINE_CURVE_WITH_KNOTS('',3,(#9099,#9100,#9101,#9102,#9103,#9104,
#9105),.UNSPECIFIED.,.F.,.F.,(4,3,4),(0.,2.89288441996659,3.45886757432392),
 .UNSPECIFIED.);
#3036=B_SPLINE_CURVE_WITH_KNOTS('',1,(#9106,#9107),.UNSPECIFIED.,.F.,.F.,
(2,2),(0.,10.),.UNSPECIFIED.);
#3037=B_SPLINE_CURVE_WITH_KNOTS('',1,(#9108,#9109),.UNSPECIFIED.,.F.,.F.,
(2,2),(-10.,0.),.UNSPECIFIED.);
#3038=B_SPLINE_CURVE_WITH_KNOTS('',3,(#9110,#9111,#9112,#9113,#9114),
 .UNSPECIFIED.,.F.,.F.,(4,1,4),(-910.582797515847,-909.843072933301,-905.203900408795),
 .UNSPECIFIED.);
#3039=B_SPLINE_CURVE_WITH_KNOTS('',5,(#9115,#9116,#9117,#9118,#9119,#9120,
#9121,#9122,#9123),.UNSPECIFIED.,.F.,.F.,(6,1,1,1,6),(44.5692112958561,
45.7332353733025,49.2511765558642,52.769117738426,56.2870589209877),
 .UNSPECIFIED.);
#3040=B_SPLINE_CURVE_WITH_KNOTS('',5,(#9124,#9125,#9126,#9127,#9128,#9129,
#9130,#9131,#9132,#9133,#9134,#9135,#9136,#9137),.UNSPECIFIED.,.F.,.F.,
(6,1,1,1,1,1,1,1,1,6),(-31.2113305715433,-28.1435294604938,-24.6255882779321,
-21.1076470953704,-17.5897059128087,-14.0717647302469,-10.5538235476852,
-7.03588236512346,-3.51794118256173,0.),.UNSPECIFIED.);
#3041=B_SPLINE_CURVE_WITH_KNOTS('',5,(#9138,#9139,#9140,#9141,#9142,#9143,
#9144,#9145,#9146,#9147,#9148,#9149,#9150,#9151),.UNSPECIFIED.,.F.,.F.,
(6,1,1,1,1,1,1,1,1,6),(-24.1786166298424,-21.8020698565283,-19.0768111244622,
-16.3515523923962,-13.6262936603302,-10.9010349282641,-8.1757761961981,
-5.45051746413207,-2.72525873206603,0.),.UNSPECIFIED.);
#3042=B_SPLINE_CURVE_WITH_KNOTS('',3,(#9152,#9153,#9154,#9155,#9156,#9157,
#9158,#9159,#9160,#9161,#9162),.UNSPECIFIED.,.F.,.F.,(4,1,1,1,1,1,1,1,4),
(-902.389769344977,-899.137547061353,-888.432019333719,-877.726492225271,
-867.020966424821,-856.315441039003,-845.609915100758,-835.045792035246,
-824.953018664773),.UNSPECIFIED.);
#3043=B_SPLINE_CURVE_WITH_KNOTS('',3,(#9163,#9164,#9165,#9166,#9167,#9168,
#9169),.UNSPECIFIED.,.F.,.F.,(4,3,4),(0.,1.49738421969633,3.49707744431755),
 .UNSPECIFIED.);
#3044=B_SPLINE_CURVE_WITH_KNOTS('',3,(#9170,#9171,#9172,#9173,#9174,#9175,
#9176),.UNSPECIFIED.,.F.,.F.,(4,3,4),(0.,1.92299640103735,3.49694268220998),
 .UNSPECIFIED.);
#3045=B_SPLINE_CURVE_WITH_KNOTS('',1,(#9177,#9178),.UNSPECIFIED.,.F.,.F.,
(2,2),(-10.,0.),.UNSPECIFIED.);
#3046=B_SPLINE_CURVE_WITH_KNOTS('',1,(#9179,#9180),.UNSPECIFIED.,.F.,.F.,
(2,2),(0.,10.),.UNSPECIFIED.);
#3047=B_SPLINE_CURVE_WITH_KNOTS('',3,(#9181,#9182,#9183,#9184,#9185),
 .UNSPECIFIED.,.F.,.F.,(4,1,4),(-925.01009126606,-920.548598233295,-919.823887146251),
 .UNSPECIFIED.);
#3048=B_SPLINE_CURVE_WITH_KNOTS('',5,(#9186,#9187,#9188,#9189,#9190,#9191,
#9192,#9193,#9194,#9195),.UNSPECIFIED.,.F.,.F.,(6,1,1,1,1,6),(40.1287790838806,
42.1726604210111,45.6870487894287,49.2014371578463,52.7158255262639,56.2302138946815),
 .UNSPECIFIED.);
#3049=B_SPLINE_CURVE_WITH_KNOTS('',5,(#9196,#9197,#9198,#9199,#9200,#9201,
#9202,#9203,#9204,#9205,#9206,#9207,#9208),.UNSPECIFIED.,.F.,.F.,(6,1,1,
1,1,1,1,1,6),(-27.075997777244,-24.6007185789232,-21.0863302105056,-17.571941842088,
-14.0575534736704,-10.5431651052528,-7.02877673683519,-3.51438836841759,
0.),.UNSPECIFIED.);
#3050=B_SPLINE_CURVE_WITH_KNOTS('',5,(#9209,#9210,#9211,#9212,#9213,#9214,
#9215,#9216,#9217,#9218,#9219,#9220,#9221,#9222),.UNSPECIFIED.,.F.,.F.,
(6,1,1,1,1,1,1,1,1,6),(-23.4123724307306,-21.7800516651663,-19.0575452070205,
-16.3350387488747,-13.6125322907289,-10.8900258325832,-8.16751937443736,
-5.44501291629158,-2.72250645814579,0.),.UNSPECIFIED.);
#3051=B_SPLINE_CURVE_WITH_KNOTS('',3,(#9223,#9224,#9225,#9226),
 .UNSPECIFIED.,.F.,.F.,(4,4),(-916.963200107352,-913.3969122913),
 .UNSPECIFIED.);
#3052=B_SPLINE_CURVE_WITH_KNOTS('',3,(#9227,#9228,#9229,#9230,#9231,#9232,
#9233),.UNSPECIFIED.,.F.,.F.,(4,3,4),(0.,1.54494243156479,4.02526678256093),
 .UNSPECIFIED.);
#3053=B_SPLINE_CURVE_WITH_KNOTS('',3,(#9234,#9235,#9236,#9237,#9238,#9239,
#9240),.UNSPECIFIED.,.F.,.F.,(4,3,4),(0.,2.4803243509893,4.02526678258955),
 .UNSPECIFIED.);
#3054=B_SPLINE_CURVE_WITH_KNOTS('',1,(#9241,#9242),.UNSPECIFIED.,.F.,.F.,
(2,2),(0.,50.),.UNSPECIFIED.);
#3055=B_SPLINE_CURVE_WITH_KNOTS('',1,(#9248,#9249),.UNSPECIFIED.,.F.,.F.,
(2,2),(-1938.22231665149,-1777.89115963021),.UNSPECIFIED.);
#3056=B_SPLINE_CURVE_WITH_KNOTS('',1,(#9256,#9257),.UNSPECIFIED.,.F.,.F.,
(2,2),(-50.,0.),.UNSPECIFIED.);
#3057=B_SPLINE_CURVE_WITH_KNOTS('',1,(#9258,#9259),.UNSPECIFIED.,.F.,.F.,
(2,2),(-3.9725872909287,0.),.UNSPECIFIED.);
#3058=B_SPLINE_CURVE_WITH_KNOTS('',1,(#9260,#9261),.UNSPECIFIED.,.F.,.F.,
(2,2),(-17.9402292381756,-11.5753136029184),.UNSPECIFIED.);
#3059=B_SPLINE_CURVE_WITH_KNOTS('',1,(#9262,#9263),.UNSPECIFIED.,.F.,.F.,
(2,2),(521.993813292522,561.673981636106),.UNSPECIFIED.);
#3060=B_SPLINE_CURVE_WITH_KNOTS('',1,(#9264,#9265),.UNSPECIFIED.,.F.,.F.,
(2,2),(47.5341491924155,143.554072382398),.UNSPECIFIED.);
#3061=B_SPLINE_CURVE_WITH_KNOTS('',1,(#9266,#9267),.UNSPECIFIED.,.F.,.F.,
(2,2),(-17.9402292381761,-13.7157287912112),.UNSPECIFIED.);
#3062=B_SPLINE_CURVE_WITH_KNOTS('',1,(#9268,#9269),.UNSPECIFIED.,.F.,.F.,
(2,2),(-137.111549829982,-69.7754967024413),.UNSPECIFIED.);
#3063=B_SPLINE_CURVE_WITH_KNOTS('',1,(#9270,#9271),.UNSPECIFIED.,.F.,.F.,
(2,2),(-140.120086198418,-137.111549829982),.UNSPECIFIED.);
#3064=B_SPLINE_CURVE_WITH_KNOTS('',1,(#9272,#9273),.UNSPECIFIED.,.F.,.F.,
(2,2),(-185.870857507739,-182.693958499258),.UNSPECIFIED.);
#3065=B_SPLINE_CURVE_WITH_KNOTS('',1,(#9274,#9275),.UNSPECIFIED.,.F.,.F.,
(2,2),(-188.879397478187,-185.870857507739),.UNSPECIFIED.);
#3066=B_SPLINE_CURVE_WITH_KNOTS('',5,(#9276,#9277,#9278,#9279,#9280,#9281,
#9282,#9283,#9284,#9285,#9286,#9287,#9288),.UNSPECIFIED.,.F.,.F.,(6,1,1,
1,1,1,1,1,6),(5.19304141362595,7.03588236512346,10.5538235476852,14.0717647302469,
17.5897059128087,21.1076470953704,24.6255882779321,28.1435294604938,28.1676683270191),
 .UNSPECIFIED.);
#3067=B_SPLINE_CURVE_WITH_KNOTS('',3,(#9289,#9290,#9291,#9292,#9293),
 .UNSPECIFIED.,.F.,.F.,(4,1,4),(-1093.87952055527,-1091.8370197182,-1088.58474171666),
 .UNSPECIFIED.);
#3068=B_SPLINE_CURVE_WITH_KNOTS('',3,(#9294,#9295,#9296,#9297,#9298),
 .UNSPECIFIED.,.F.,.F.,(4,1,4),(-1093.87952055527,-1091.8370197182,-1090.88626636765),
 .UNSPECIFIED.);
#3069=B_SPLINE_CURVE_WITH_KNOTS('',3,(#9299,#9300,#9301,#9302),
 .UNSPECIFIED.,.F.,.F.,(4,4),(-1098.36930582884,-1093.87952055527),
 .UNSPECIFIED.);
#3070=B_SPLINE_CURVE_WITH_KNOTS('',1,(#9315,#9316),.UNSPECIFIED.,.F.,.F.,
(2,2),(0.,7.00000000000003),.UNSPECIFIED.);
#3071=B_SPLINE_CURVE_WITH_KNOTS('',5,(#9317,#9318,#9319,#9320,#9321,#9322,
#9323,#9324,#9325,#9326,#9327,#9328,#9329),.UNSPECIFIED.,.F.,.F.,(6,1,1,
1,1,1,1,1,6),(3.14159265358979,3.53429173528852,3.92699081698724,4.31968989868597,
4.71238898038469,5.10508806208341,5.49778714378214,5.89048622548086,6.28318530717959),
 .UNSPECIFIED.);
#3072=B_SPLINE_CURVE_WITH_KNOTS('',3,(#9330,#9331,#9332,#9333,#9334,#9335,
#9336,#9337,#9338,#9339,#9340),.UNSPECIFIED.,.F.,.F.,(4,1,1,1,1,1,1,1,4),
(9.11060420832667,10.2494290718426,11.3882545242689,12.5270799766956,13.6659054291205,
14.8047308815455,15.943556333971,17.0823817863984,18.2212072388184),
 .UNSPECIFIED.);
#3073=B_SPLINE_CURVE_WITH_KNOTS('',1,(#9341,#9342),.UNSPECIFIED.,.F.,.F.,
(2,2),(0.,1.),.UNSPECIFIED.);
#3074=B_SPLINE_CURVE_WITH_KNOTS('',3,(#9343,#9344,#9345,#9346,#9347,#9348,
#9349,#9350,#9351,#9352,#9353),.UNSPECIFIED.,.F.,.F.,(4,1,1,1,1,1,1,1,4),
(9.11060361941095,10.2494290718426,11.3882545242689,12.5270799766956,13.6659054291205,
14.8047308815455,15.943556333971,17.0823817863984,18.2212072388184),
 .UNSPECIFIED.);
#3075=B_SPLINE_CURVE_WITH_KNOTS('',1,(#9354,#9355),.UNSPECIFIED.,.F.,.F.,
(2,2),(0.,7.00000000000001),.UNSPECIFIED.);
#3076=B_SPLINE_CURVE_WITH_KNOTS('',5,(#9356,#9357,#9358,#9359,#9360,#9361,
#9362,#9363,#9364,#9365,#9366,#9367,#9368),.UNSPECIFIED.,.F.,.F.,(6,1,1,
1,1,1,1,1,6),(3.14159265358979,3.53429173528852,3.92699081698724,4.31968989868597,
4.71238898038469,5.10508806208341,5.49778714378214,5.89048622548086,6.28318530717959),
 .UNSPECIFIED.);
#3077=B_SPLINE_CURVE_WITH_KNOTS('',3,(#9369,#9370,#9371,#9372,#9373,#9374,
#9375,#9376,#9377,#9378,#9379),.UNSPECIFIED.,.F.,.F.,(4,1,1,1,1,1,1,1,4),
(9.1106042083236,10.2494290718419,11.3882545242681,12.5270799766939,13.6659054291203,
14.8047308815469,15.9435563339721,17.0823817863987,18.2212072388178),
 .UNSPECIFIED.);
#3078=B_SPLINE_CURVE_WITH_KNOTS('',1,(#9380,#9381),.UNSPECIFIED.,.F.,.F.,
(2,2),(0.,1.),.UNSPECIFIED.);
#3079=B_SPLINE_CURVE_WITH_KNOTS('',3,(#9382,#9383,#9384,#9385,#9386,#9387,
#9388,#9389,#9390,#9391,#9392),.UNSPECIFIED.,.F.,.F.,(4,1,1,1,1,1,1,1,4),
(9.11060361940779,10.2494290718419,11.3882545242681,12.5270799766939,13.6659054291203,
14.8047308815469,15.9435563339721,17.0823817863987,18.2212072388178),
 .UNSPECIFIED.);
#3080=B_SPLINE_CURVE_WITH_KNOTS('',1,(#9393,#9394),.UNSPECIFIED.,.F.,.F.,
(2,2),(0.,7.00000000000003),.UNSPECIFIED.);
#3081=B_SPLINE_CURVE_WITH_KNOTS('',5,(#9395,#9396,#9397,#9398,#9399,#9400,
#9401,#9402,#9403,#9404,#9405,#9406,#9407),.UNSPECIFIED.,.F.,.F.,(6,1,1,
1,1,1,1,1,6),(3.14159265358979,3.53429173528852,3.92699081698724,4.31968989868597,
4.71238898038469,5.10508806208341,5.49778714378214,5.89048622548086,6.28318530717959),
 .UNSPECIFIED.);
#3082=B_SPLINE_CURVE_WITH_KNOTS('',3,(#9408,#9409,#9410,#9411,#9412,#9413,
#9414,#9415,#9416,#9417,#9418),.UNSPECIFIED.,.F.,.F.,(4,1,1,1,1,1,1,1,4),
(9.1106042083267,10.2494290718426,11.3882545242689,12.5270799766956,13.6659054291205,
14.8047308815455,15.943556333971,17.0823817863984,18.2212072388184),
 .UNSPECIFIED.);
#3083=B_SPLINE_CURVE_WITH_KNOTS('',1,(#9419,#9420),.UNSPECIFIED.,.F.,.F.,
(2,2),(0.,1.),.UNSPECIFIED.);
#3084=B_SPLINE_CURVE_WITH_KNOTS('',3,(#9421,#9422,#9423,#9424,#9425,#9426,
#9427,#9428,#9429,#9430,#9431),.UNSPECIFIED.,.F.,.F.,(4,1,1,1,1,1,1,1,4),
(9.11060361941095,10.2494290718426,11.3882545242689,12.5270799766956,13.6659054291205,
14.8047308815455,15.943556333971,17.0823817863984,18.2212072388184),
 .UNSPECIFIED.);
#3085=B_SPLINE_CURVE_WITH_KNOTS('',1,(#9432,#9433),.UNSPECIFIED.,.F.,.F.,
(2,2),(0.,7.00000000000001),.UNSPECIFIED.);
#3086=B_SPLINE_CURVE_WITH_KNOTS('',5,(#9434,#9435,#9436,#9437,#9438,#9439,
#9440,#9441,#9442,#9443,#9444,#9445,#9446),.UNSPECIFIED.,.F.,.F.,(6,1,1,
1,1,1,1,1,6),(3.14159265358979,3.53429173528852,3.92699081698724,4.31968989868597,
4.71238898038469,5.10508806208341,5.49778714378214,5.89048622548086,6.28318530717959),
 .UNSPECIFIED.);
#3087=B_SPLINE_CURVE_WITH_KNOTS('',3,(#9447,#9448,#9449,#9450,#9451,#9452,
#9453,#9454,#9455,#9456,#9457),.UNSPECIFIED.,.F.,.F.,(4,1,1,1,1,1,1,1,4),
(9.11060420832345,10.2494290718419,11.3882545242681,12.5270799766939,13.6659054291203,
14.8047308815469,15.9435563339721,17.0823817863987,18.2212072388178),
 .UNSPECIFIED.);
#3088=B_SPLINE_CURVE_WITH_KNOTS('',1,(#9458,#9459),.UNSPECIFIED.,.F.,.F.,
(2,2),(0.,1.),.UNSPECIFIED.);
#3089=B_SPLINE_CURVE_WITH_KNOTS('',3,(#9460,#9461,#9462,#9463,#9464,#9465,
#9466,#9467,#9468,#9469,#9470),.UNSPECIFIED.,.F.,.F.,(4,1,1,1,1,1,1,1,4),
(9.11060361940779,10.2494290718419,11.3882545242681,12.5270799766939,13.6659054291203,
14.8047308815469,15.9435563339721,17.0823817863987,18.2212072388178),
 .UNSPECIFIED.);
#3090=B_SPLINE_CURVE_WITH_KNOTS('',3,(#9471,#9472,#9473,#9474),
 .UNSPECIFIED.,.F.,.F.,(4,4),(0.,4.99999999999998),.UNSPECIFIED.);
#3091=B_SPLINE_CURVE_WITH_KNOTS('',5,(#9475,#9476,#9477,#9478,#9479,#9480),
 .UNSPECIFIED.,.F.,.F.,(6,6),(260.659012054848,263.241160530592),
 .UNSPECIFIED.);
#3092=B_SPLINE_CURVE_WITH_KNOTS('',5,(#9481,#9482,#9483,#9484,#9485,#9486,
#9487,#9488,#9489,#9490,#9491,#9492,#9493),.UNSPECIFIED.,.F.,.F.,(6,1,1,
1,1,1,1,1,6),(260.659012054847,293.241388561704,325.82376506856,358.406141575416,
390.988518082272,423.570894589128,456.153271095984,488.73564760284,521.318024109696),
 .UNSPECIFIED.);
#3093=B_SPLINE_CURVE_WITH_KNOTS('',1,(#9494,#9495),.UNSPECIFIED.,.F.,.F.,
(2,2),(22.5938768412304,27.5938768412304),.UNSPECIFIED.);
#3094=B_SPLINE_CURVE_WITH_KNOTS('',5,(#9496,#9497,#9498,#9499,#9500,#9501,
#9502),.UNSPECIFIED.,.F.,.F.,(6,1,6),(-217.63380303958,-190.42957765961,
-174.908864258164),.UNSPECIFIED.);
#3095=B_SPLINE_CURVE_WITH_KNOTS('',5,(#9503,#9504,#9505,#9506,#9507,#9508),
 .UNSPECIFIED.,.F.,.F.,(6,6),(217.633803039555,219.95988146836),
 .UNSPECIFIED.);
#3096=B_SPLINE_CURVE_WITH_KNOTS('',3,(#9509,#9510,#9511,#9512),
 .UNSPECIFIED.,.F.,.F.,(4,4),(0.,33.),.UNSPECIFIED.);
#3097=B_SPLINE_CURVE_WITH_KNOTS('',5,(#9513,#9514,#9515,#9516,#9517,#9518,
#9519,#9520,#9521,#9522,#9523,#9524,#9525),.UNSPECIFIED.,.F.,.F.,(6,1,1,
1,1,1,1,1,6),(-99.1538346008018,-86.7596052757013,-74.3653759506011,-61.9711466255009,
-49.5769173004008,-37.1826879753006,-24.7884586502004,-12.3942293251002,
0.),.UNSPECIFIED.);
#3098=B_SPLINE_CURVE_WITH_KNOTS('',5,(#9526,#9527,#9528,#9529,#9530,#9531,
#9532,#9533,#9534,#9535,#9536,#9537),.UNSPECIFIED.,.F.,.F.,(6,1,1,1,1,1,
1,6),(99.1538343744376,111.548063732216,123.942293089995,136.336522447773,
148.730751805552,161.12498116333,173.519210521109,185.008987673879),
 .UNSPECIFIED.);
#3099=VERTEX_POINT('',#5514);
#3100=VERTEX_POINT('',#5515);
#3101=VERTEX_POINT('',#5516);
#3102=VERTEX_POINT('',#5517);
#3103=VERTEX_POINT('',#5518);
#3104=VERTEX_POINT('',#5519);
#3105=VERTEX_POINT('',#5520);
#3106=VERTEX_POINT('',#5521);
#3107=VERTEX_POINT('',#5522);
#3108=VERTEX_POINT('',#5523);
#3109=VERTEX_POINT('',#5524);
#3110=VERTEX_POINT('',#5525);
#3111=VERTEX_POINT('',#5526);
#3112=VERTEX_POINT('',#5527);
#3113=VERTEX_POINT('',#5528);
#3114=VERTEX_POINT('',#5529);
#3115=VERTEX_POINT('',#5530);
#3116=VERTEX_POINT('',#5531);
#3117=VERTEX_POINT('',#5532);
#3118=VERTEX_POINT('',#5533);
#3119=VERTEX_POINT('',#5534);
#3120=VERTEX_POINT('',#5535);
#3121=VERTEX_POINT('',#5536);
#3122=VERTEX_POINT('',#5537);
#3123=VERTEX_POINT('',#5538);
#3124=VERTEX_POINT('',#5539);
#3125=VERTEX_POINT('',#5540);
#3126=VERTEX_POINT('',#5541);
#3127=VERTEX_POINT('',#5542);
#3128=VERTEX_POINT('',#5543);
#3129=VERTEX_POINT('',#5544);
#3130=VERTEX_POINT('',#5545);
#3131=VERTEX_POINT('',#5546);
#3132=VERTEX_POINT('',#5547);
#3133=VERTEX_POINT('',#5548);
#3134=VERTEX_POINT('',#5549);
#3135=VERTEX_POINT('',#5550);
#3136=VERTEX_POINT('',#5551);
#3137=VERTEX_POINT('',#5552);
#3138=VERTEX_POINT('',#5553);
#3139=VERTEX_POINT('',#5554);
#3140=VERTEX_POINT('',#5555);
#3141=VERTEX_POINT('',#5556);
#3142=VERTEX_POINT('',#5557);
#3143=VERTEX_POINT('',#5558);
#3144=VERTEX_POINT('',#5559);
#3145=VERTEX_POINT('',#5560);
#3146=VERTEX_POINT('',#5561);
#3147=VERTEX_POINT('',#5562);
#3148=VERTEX_POINT('',#5563);
#3149=VERTEX_POINT('',#5564);
#3150=VERTEX_POINT('',#5565);
#3151=VERTEX_POINT('',#5566);
#3152=VERTEX_POINT('',#5567);
#3153=VERTEX_POINT('',#5568);
#3154=VERTEX_POINT('',#5569);
#3155=VERTEX_POINT('',#5570);
#3156=VERTEX_POINT('',#5571);
#3157=VERTEX_POINT('',#5572);
#3158=VERTEX_POINT('',#5573);
#3159=VERTEX_POINT('',#5574);
#3160=VERTEX_POINT('',#5575);
#3161=VERTEX_POINT('',#5576);
#3162=VERTEX_POINT('',#5577);
#3163=VERTEX_POINT('',#5578);
#3164=VERTEX_POINT('',#5579);
#3165=VERTEX_POINT('',#5580);
#3166=VERTEX_POINT('',#5581);
#3167=VERTEX_POINT('',#5582);
#3168=VERTEX_POINT('',#5583);
#3169=VERTEX_POINT('',#5584);
#3170=VERTEX_POINT('',#5585);
#3171=VERTEX_POINT('',#5586);
#3172=VERTEX_POINT('',#5587);
#3173=VERTEX_POINT('',#5588);
#3174=VERTEX_POINT('',#5589);
#3175=VERTEX_POINT('',#5590);
#3176=VERTEX_POINT('',#5591);
#3177=VERTEX_POINT('',#5592);
#3178=VERTEX_POINT('',#5593);
#3179=VERTEX_POINT('',#5594);
#3180=VERTEX_POINT('',#5595);
#3181=VERTEX_POINT('',#5596);
#3182=VERTEX_POINT('',#5597);
#3183=VERTEX_POINT('',#5598);
#3184=VERTEX_POINT('',#5599);
#3185=VERTEX_POINT('',#5600);
#3186=VERTEX_POINT('',#5601);
#3187=VERTEX_POINT('',#5602);
#3188=VERTEX_POINT('',#5603);
#3189=VERTEX_POINT('',#5604);
#3190=VERTEX_POINT('',#5605);
#3191=VERTEX_POINT('',#5606);
#3192=VERTEX_POINT('',#5607);
#3193=VERTEX_POINT('',#5608);
#3194=VERTEX_POINT('',#5609);
#3195=VERTEX_POINT('',#5610);
#3196=VERTEX_POINT('',#5611);
#3197=VERTEX_POINT('',#5612);
#3198=VERTEX_POINT('',#5613);
#3199=VERTEX_POINT('',#5614);
#3200=VERTEX_POINT('',#5615);
#3201=VERTEX_POINT('',#5616);
#3202=VERTEX_POINT('',#5617);
#3203=VERTEX_POINT('',#5618);
#3204=VERTEX_POINT('',#5619);
#3205=VERTEX_POINT('',#5620);
#3206=VERTEX_POINT('',#5621);
#3207=VERTEX_POINT('',#5622);
#3208=VERTEX_POINT('',#5623);
#3209=VERTEX_POINT('',#5624);
#3210=VERTEX_POINT('',#5625);
#3211=VERTEX_POINT('',#5626);
#3212=VERTEX_POINT('',#5627);
#3213=VERTEX_POINT('',#5628);
#3214=VERTEX_POINT('',#5629);
#3215=VERTEX_POINT('',#5630);
#3216=VERTEX_POINT('',#5631);
#3217=VERTEX_POINT('',#5632);
#3218=VERTEX_POINT('',#5633);
#3219=VERTEX_POINT('',#5634);
#3220=VERTEX_POINT('',#5635);
#3221=VERTEX_POINT('',#5636);
#3222=VERTEX_POINT('',#5637);
#3223=VERTEX_POINT('',#5638);
#3224=VERTEX_POINT('',#5639);
#3225=VERTEX_POINT('',#5640);
#3226=VERTEX_POINT('',#5641);
#3227=VERTEX_POINT('',#5642);
#3228=VERTEX_POINT('',#5643);
#3229=VERTEX_POINT('',#5644);
#3230=VERTEX_POINT('',#5645);
#3231=VERTEX_POINT('',#5646);
#3232=VERTEX_POINT('',#5647);
#3233=VERTEX_POINT('',#5648);
#3234=VERTEX_POINT('',#5649);
#3235=VERTEX_POINT('',#5650);
#3236=VERTEX_POINT('',#5651);
#3237=VERTEX_POINT('',#5652);
#3238=VERTEX_POINT('',#5653);
#3239=VERTEX_POINT('',#5654);
#3240=VERTEX_POINT('',#5655);
#3241=VERTEX_POINT('',#5656);
#3242=VERTEX_POINT('',#5657);
#3243=VERTEX_POINT('',#5658);
#3244=VERTEX_POINT('',#5659);
#3245=VERTEX_POINT('',#5660);
#3246=VERTEX_POINT('',#5661);
#3247=VERTEX_POINT('',#5662);
#3248=VERTEX_POINT('',#5663);
#3249=VERTEX_POINT('',#5664);
#3250=VERTEX_POINT('',#5665);
#3251=VERTEX_POINT('',#5666);
#3252=VERTEX_POINT('',#5667);
#3253=VERTEX_POINT('',#5668);
#3254=VERTEX_POINT('',#5669);
#3255=VERTEX_POINT('',#5670);
#3256=VERTEX_POINT('',#5671);
#3257=VERTEX_POINT('',#5672);
#3258=VERTEX_POINT('',#5673);
#3259=VERTEX_POINT('',#5674);
#3260=VERTEX_POINT('',#5675);
#3261=VERTEX_POINT('',#5676);
#3262=VERTEX_POINT('',#5677);
#3263=VERTEX_POINT('',#5678);
#3264=VERTEX_POINT('',#5679);
#3265=VERTEX_POINT('',#5680);
#3266=VERTEX_POINT('',#5681);
#3267=VERTEX_POINT('',#5682);
#3268=VERTEX_POINT('',#5683);
#3269=VERTEX_POINT('',#5684);
#3270=VERTEX_POINT('',#5685);
#3271=VERTEX_POINT('',#5686);
#3272=VERTEX_POINT('',#5687);
#3273=VERTEX_POINT('',#5688);
#3274=VERTEX_POINT('',#5689);
#3275=VERTEX_POINT('',#5690);
#3276=VERTEX_POINT('',#5691);
#3277=VERTEX_POINT('',#5692);
#3278=VERTEX_POINT('',#5693);
#3279=VERTEX_POINT('',#5694);
#3280=VERTEX_POINT('',#5695);
#3281=VERTEX_POINT('',#5696);
#3282=VERTEX_POINT('',#5697);
#3283=VERTEX_POINT('',#5698);
#3284=VERTEX_POINT('',#5699);
#3285=VERTEX_POINT('',#5700);
#3286=VERTEX_POINT('',#5701);
#3287=VERTEX_POINT('',#5702);
#3288=VERTEX_POINT('',#5703);
#3289=VERTEX_POINT('',#5704);
#3290=VERTEX_POINT('',#5705);
#3291=VERTEX_POINT('',#5706);
#3292=VERTEX_POINT('',#5707);
#3293=VERTEX_POINT('',#5708);
#3294=VERTEX_POINT('',#5709);
#3295=VERTEX_POINT('',#5710);
#3296=VERTEX_POINT('',#5711);
#3297=VERTEX_POINT('',#5712);
#3298=VERTEX_POINT('',#5713);
#3299=VERTEX_POINT('',#5714);
#3300=VERTEX_POINT('',#5715);
#3301=VERTEX_POINT('',#5716);
#3302=VERTEX_POINT('',#5717);
#3303=VERTEX_POINT('',#5718);
#3304=VERTEX_POINT('',#5719);
#3305=VERTEX_POINT('',#5720);
#3306=VERTEX_POINT('',#5721);
#3307=VERTEX_POINT('',#5722);
#3308=VERTEX_POINT('',#5723);
#3309=VERTEX_POINT('',#5724);
#3310=VERTEX_POINT('',#5725);
#3311=VERTEX_POINT('',#5726);
#3312=VERTEX_POINT('',#5727);
#3313=VERTEX_POINT('',#5728);
#3314=VERTEX_POINT('',#5729);
#3315=VERTEX_POINT('',#5730);
#3316=VERTEX_POINT('',#5731);
#3317=VERTEX_POINT('',#5732);
#3318=VERTEX_POINT('',#5733);
#3319=VERTEX_POINT('',#5734);
#3320=VERTEX_POINT('',#5735);
#3321=VERTEX_POINT('',#5736);
#3322=VERTEX_POINT('',#5737);
#3323=VERTEX_POINT('',#5738);
#3324=VERTEX_POINT('',#5739);
#3325=VERTEX_POINT('',#5740);
#3326=VERTEX_POINT('',#5741);
#3327=VERTEX_POINT('',#5742);
#3328=VERTEX_POINT('',#5743);
#3329=VERTEX_POINT('',#5744);
#3330=VERTEX_POINT('',#5745);
#3331=VERTEX_POINT('',#5746);
#3332=VERTEX_POINT('',#5747);
#3333=VERTEX_POINT('',#5748);
#3334=VERTEX_POINT('',#5749);
#3335=VERTEX_POINT('',#5750);
#3336=VERTEX_POINT('',#5751);
#3337=VERTEX_POINT('',#5752);
#3338=VERTEX_POINT('',#5753);
#3339=VERTEX_POINT('',#5754);
#3340=VERTEX_POINT('',#5755);
#3341=VERTEX_POINT('',#5756);
#3342=VERTEX_POINT('',#5757);
#3343=VERTEX_POINT('',#5758);
#3344=VERTEX_POINT('',#5759);
#3345=VERTEX_POINT('',#5760);
#3346=VERTEX_POINT('',#5761);
#3347=VERTEX_POINT('',#5762);
#3348=VERTEX_POINT('',#5763);
#3349=VERTEX_POINT('',#5764);
#3350=VERTEX_POINT('',#5765);
#3351=VERTEX_POINT('',#5766);
#3352=VERTEX_POINT('',#5767);
#3353=VERTEX_POINT('',#5768);
#3354=VERTEX_POINT('',#5769);
#3355=VERTEX_POINT('',#5770);
#3356=VERTEX_POINT('',#5771);
#3357=VERTEX_POINT('',#5772);
#3358=VERTEX_POINT('',#5773);
#3359=VERTEX_POINT('',#5774);
#3360=VERTEX_POINT('',#5775);
#3361=VERTEX_POINT('',#5776);
#3362=VERTEX_POINT('',#5777);
#3363=VERTEX_POINT('',#5778);
#3364=VERTEX_POINT('',#5779);
#3365=VERTEX_POINT('',#5780);
#3366=VERTEX_POINT('',#5781);
#3367=VERTEX_POINT('',#5782);
#3368=VERTEX_POINT('',#5783);
#3369=VERTEX_POINT('',#5784);
#3370=VERTEX_POINT('',#5785);
#3371=VERTEX_POINT('',#5786);
#3372=VERTEX_POINT('',#5787);
#3373=VERTEX_POINT('',#5788);
#3374=VERTEX_POINT('',#5789);
#3375=VERTEX_POINT('',#5790);
#3376=VERTEX_POINT('',#5791);
#3377=VERTEX_POINT('',#5792);
#3378=VERTEX_POINT('',#5793);
#3379=VERTEX_POINT('',#5794);
#3380=VERTEX_POINT('',#5795);
#3381=VERTEX_POINT('',#5796);
#3382=VERTEX_POINT('',#5797);
#3383=VERTEX_POINT('',#5798);
#3384=VERTEX_POINT('',#5799);
#3385=VERTEX_POINT('',#5800);
#3386=VERTEX_POINT('',#5801);
#3387=VERTEX_POINT('',#5802);
#3388=VERTEX_POINT('',#5803);
#3389=VERTEX_POINT('',#5804);
#3390=VERTEX_POINT('',#5805);
#3391=VERTEX_POINT('',#5806);
#3392=VERTEX_POINT('',#5807);
#3393=VERTEX_POINT('',#5808);
#3394=VERTEX_POINT('',#5809);
#3395=VERTEX_POINT('',#5810);
#3396=VERTEX_POINT('',#5811);
#3397=VERTEX_POINT('',#5812);
#3398=VERTEX_POINT('',#5813);
#3399=VERTEX_POINT('',#5814);
#3400=VERTEX_POINT('',#5815);
#3401=VERTEX_POINT('',#5816);
#3402=VERTEX_POINT('',#5817);
#3403=VERTEX_POINT('',#5818);
#3404=VERTEX_POINT('',#5819);
#3405=VERTEX_POINT('',#5820);
#3406=VERTEX_POINT('',#5821);
#3407=VERTEX_POINT('',#5822);
#3408=VERTEX_POINT('',#5823);
#3409=VERTEX_POINT('',#5824);
#3410=VERTEX_POINT('',#5825);
#3411=VERTEX_POINT('',#5826);
#3412=VERTEX_POINT('',#5827);
#3413=VERTEX_POINT('',#5828);
#3414=VERTEX_POINT('',#5829);
#3415=VERTEX_POINT('',#5830);
#3416=VERTEX_POINT('',#5831);
#3417=VERTEX_POINT('',#5832);
#3418=VERTEX_POINT('',#5833);
#3419=VERTEX_POINT('',#5834);
#3420=VERTEX_POINT('',#5835);
#3421=VERTEX_POINT('',#5836);
#3422=VERTEX_POINT('',#5837);
#3423=VERTEX_POINT('',#5838);
#3424=VERTEX_POINT('',#5839);
#3425=VERTEX_POINT('',#5840);
#3426=VERTEX_POINT('',#5841);
#3427=VERTEX_POINT('',#5842);
#3428=VERTEX_POINT('',#5843);
#3429=VERTEX_POINT('',#5844);
#3430=VERTEX_POINT('',#5845);
#3431=VERTEX_POINT('',#5846);
#3432=VERTEX_POINT('',#5847);
#3433=VERTEX_POINT('',#5848);
#3434=VERTEX_POINT('',#5849);
#3435=VERTEX_POINT('',#5850);
#3436=VERTEX_POINT('',#5851);
#3437=VERTEX_POINT('',#5852);
#3438=VERTEX_POINT('',#5853);
#3439=VERTEX_POINT('',#5854);
#3440=VERTEX_POINT('',#5855);
#3441=VERTEX_POINT('',#5856);
#3442=VERTEX_POINT('',#5857);
#3443=VERTEX_POINT('',#5858);
#3444=VERTEX_POINT('',#5859);
#3445=VERTEX_POINT('',#5860);
#3446=VERTEX_POINT('',#5861);
#3447=VERTEX_POINT('',#5862);
#3448=VERTEX_POINT('',#5863);
#3449=VERTEX_POINT('',#5864);
#3450=VERTEX_POINT('',#5865);
#3451=VERTEX_POINT('',#5866);
#3452=VERTEX_POINT('',#5867);
#3453=VERTEX_POINT('',#5868);
#3454=VERTEX_POINT('',#5869);
#3455=VERTEX_POINT('',#5870);
#3456=VERTEX_POINT('',#5871);
#3457=VERTEX_POINT('',#5872);
#3458=VERTEX_POINT('',#5873);
#3459=VERTEX_POINT('',#5874);
#3460=VERTEX_POINT('',#5875);
#3461=VERTEX_POINT('',#5876);
#3462=VERTEX_POINT('',#5877);
#3463=VERTEX_POINT('',#5878);
#3464=VERTEX_POINT('',#5879);
#3465=VERTEX_POINT('',#5880);
#3466=VERTEX_POINT('',#5881);
#3467=VERTEX_POINT('',#5882);
#3468=VERTEX_POINT('',#5883);
#3469=VERTEX_POINT('',#5884);
#3470=VERTEX_POINT('',#5885);
#3471=VERTEX_POINT('',#5886);
#3472=VERTEX_POINT('',#5887);
#3473=VERTEX_POINT('',#5888);
#3474=VERTEX_POINT('',#5889);
#3475=VERTEX_POINT('',#5890);
#3476=VERTEX_POINT('',#5891);
#3477=VERTEX_POINT('',#5892);
#3478=VERTEX_POINT('',#5893);
#3479=VERTEX_POINT('',#5894);
#3480=VERTEX_POINT('',#5895);
#3481=VERTEX_POINT('',#5896);
#3482=VERTEX_POINT('',#5897);
#3483=VERTEX_POINT('',#5898);
#3484=VERTEX_POINT('',#5899);
#3485=VERTEX_POINT('',#5900);
#3486=B_SPLINE_SURFACE_WITH_KNOTS('',5,3,((#4726,#4727,#4728,#4729),(#4730,
#4731,#4732,#4733),(#4734,#4735,#4736,#4737),(#4738,#4739,#4740,#4741),
(#4742,#4743,#4744,#4745),(#4746,#4747,#4748,#4749),(#4750,#4751,#4752,
#4753),(#4754,#4755,#4756,#4757),(#4758,#4759,#4760,#4761),(#4762,#4763,
#4764,#4765),(#4766,#4767,#4768,#4769),(#4770,#4771,#4772,#4773),(#4774,
#4775,#4776,#4777),(#4778,#4779,#4780,#4781),(#4782,#4783,#4784,#4785),
(#4786,#4787,#4788,#4789),(#4790,#4791,#4792,#4793),(#4794,#4795,#4796,
#4797),(#4798,#4799,#4800,#4801),(#4802,#4803,#4804,#4805),(#4806,#4807,
#4808,#4809)),.UNSPECIFIED.,.T.,.F.,.F.,(1,1,1,1,1,1,1,1,1,1,1,1,1,1,1,
1,1,1,1,1,1,1,1,1,1,1,1),(4,4),(-17.571941842088,-14.0575534736704,-10.5431651052528,
-7.02877673683519,-3.51438836841759,0.,3.51438836841759,7.02877673683519,
10.5431651052528,14.0575534736704,17.571941842088,21.0863302105056,24.6007185789232,
28.1151069473408,31.6294953157584,35.1438836841759,38.6582720525935,42.1726604210111,
45.6870487894287,49.2014371578463,52.7158255262639,56.2302138946815,59.7446022630991,
63.2589906315167,66.7733789999343,70.2877673683519,73.8021557367695),(0.,
2.88462553063655),.UNSPECIFIED.);
#3487=B_SPLINE_SURFACE_WITH_KNOTS('',3,5,((#4811,#4812,#4813,#4814,#4815,
#4816,#4817,#4818,#4819,#4820,#4821,#4822,#4823,#4824,#4825,#4826,#4827,
#4828,#4829,#4830,#4831),(#4832,#4833,#4834,#4835,#4836,#4837,#4838,#4839,
#4840,#4841,#4842,#4843,#4844,#4845,#4846,#4847,#4848,#4849,#4850,#4851,
#4852),(#4853,#4854,#4855,#4856,#4857,#4858,#4859,#4860,#4861,#4862,#4863,
#4864,#4865,#4866,#4867,#4868,#4869,#4870,#4871,#4872,#4873),(#4874,#4875,
#4876,#4877,#4878,#4879,#4880,#4881,#4882,#4883,#4884,#4885,#4886,#4887,
#4888,#4889,#4890,#4891,#4892,#4893,#4894)),.UNSPECIFIED.,.F.,.F.,.F.,(4,
4),(1,1,1,1,1,1,1,1,1,1,1,1,1,1,1,1,1,1,1,1,1,1,1,1,1,1,1),(0.,2.88462553063648),
(-17.5897059128087,-14.0717647302469,-10.5538235476852,-7.03588236512346,
-3.51794118256174,0.,3.51794118256173,7.03588236512346,10.5538235476852,
14.0717647302469,17.5897059128087,21.1076470953704,24.6255882779321,28.1435294604938,
31.6614706430556,35.1794118256173,38.697353008179,42.2152941907408,45.7332353733025,
49.2511765558642,52.769117738426,56.2870589209877,59.8050001035494,63.3229412861111,
66.8408824686729,70.3588236512346,73.8767648337963),.UNSPECIFIED.);
#3488=B_SPLINE_SURFACE_WITH_KNOTS('',3,5,((#4896,#4897,#4898,#4899,#4900,
#4901,#4902,#4903,#4904,#4905,#4906,#4907,#4908,#4909,#4910,#4911,#4912,
#4913,#4914,#4915,#4916),(#4917,#4918,#4919,#4920,#4921,#4922,#4923,#4924,
#4925,#4926,#4927,#4928,#4929,#4930,#4931,#4932,#4933,#4934,#4935,#4936,
#4937),(#4938,#4939,#4940,#4941,#4942,#4943,#4944,#4945,#4946,#4947,#4948,
#4949,#4950,#4951,#4952,#4953,#4954,#4955,#4956,#4957,#4958),(#4959,#4960,
#4961,#4962,#4963,#4964,#4965,#4966,#4967,#4968,#4969,#4970,#4971,#4972,
#4973,#4974,#4975,#4976,#4977,#4978,#4979)),.UNSPECIFIED.,.F.,.F.,.F.,(4,
4),(1,1,1,1,1,1,1,1,1,1,1,1,1,1,1,1,1,1,1,1,1,1,1,1,1,1,1),(0.,2.88462553063655),
(-17.571941842088,-14.0575534736704,-10.5431651052528,-7.02877673683519,
-3.51438836841759,0.,3.51438836841759,7.02877673683519,10.5431651052528,
14.0575534736704,17.571941842088,21.0863302105056,24.6007185789232,28.1151069473408,
31.6294953157584,35.1438836841759,38.6582720525935,42.1726604210111,45.6870487894287,
49.2014371578463,52.7158255262639,56.2302138946815,59.7446022630991,63.2589906315167,
66.7733789999343,70.2877673683519,73.8021557367695),.UNSPECIFIED.);
#3489=B_SPLINE_SURFACE_WITH_KNOTS('',5,3,((#4981,#4982,#4983,#4984),(#4985,
#4986,#4987,#4988),(#4989,#4990,#4991,#4992),(#4993,#4994,#4995,#4996),
(#4997,#4998,#4999,#5000),(#5001,#5002,#5003,#5004),(#5005,#5006,#5007,
#5008),(#5009,#5010,#5011,#5012),(#5013,#5014,#5015,#5016),(#5017,#5018,
#5019,#5020),(#5021,#5022,#5023,#5024),(#5025,#5026,#5027,#5028),(#5029,
#5030,#5031,#5032),(#5033,#5034,#5035,#5036),(#5037,#5038,#5039,#5040),
(#5041,#5042,#5043,#5044),(#5045,#5046,#5047,#5048),(#5049,#5050,#5051,
#5052),(#5053,#5054,#5055,#5056),(#5057,#5058,#5059,#5060),(#5061,#5062,
#5063,#5064)),.UNSPECIFIED.,.T.,.F.,.F.,(1,1,1,1,1,1,1,1,1,1,1,1,1,1,1,
1,1,1,1,1,1,1,1,1,1,1,1),(4,4),(-17.5897059128087,-14.0717647302469,-10.5538235476852,
-7.03588236512346,-3.51794118256174,0.,3.51794118256173,7.03588236512346,
10.5538235476852,14.0717647302469,17.5897059128087,21.1076470953704,24.6255882779321,
28.1435294604938,31.6614706430556,35.1794118256173,38.697353008179,42.2152941907408,
45.7332353733025,49.2511765558642,52.769117738426,56.2870589209877,59.8050001035494,
63.3229412861111,66.8408824686729,70.3588236512346,73.8767648337963),(0.,
2.88462553063648),.UNSPECIFIED.);
#3490=B_SPLINE_SURFACE_WITH_KNOTS('',1,3,((#5078,#5079,#5080,#5081,#5082,
#5083,#5084,#5085,#5086,#5087,#5088),(#5089,#5090,#5091,#5092,#5093,#5094,
#5095,#5096,#5097,#5098,#5099)),.UNSPECIFIED.,.F.,.F.,.F.,(2,2),(4,1,1,
1,1,1,1,1,4),(0.,1.),(0.,1.13882545242006,2.27765090484631,3.41647635727139,
4.55530180969864,5.69412726212508,6.83295271455086,7.97177816697705,9.11060361941095),
 .UNSPECIFIED.);
#3491=B_SPLINE_SURFACE_WITH_KNOTS('',1,3,((#5100,#5101,#5102,#5103,#5104,
#5105,#5106,#5107,#5108,#5109,#5110),(#5111,#5112,#5113,#5114,#5115,#5116,
#5117,#5118,#5119,#5120,#5121)),.UNSPECIFIED.,.F.,.F.,.F.,(2,2),(4,1,1,
1,1,1,1,1,4),(0.,1.),(9.11060361941095,10.2494290718426,11.3882545242689,
12.5270799766956,13.6659054291205,14.8047308815455,15.943556333971,17.0823817863984,
18.2212072388184),.UNSPECIFIED.);
#3492=B_SPLINE_SURFACE_WITH_KNOTS('',3,1,((#5124,#5125),(#5126,#5127),(#5128,
#5129),(#5130,#5131),(#5132,#5133),(#5134,#5135),(#5136,#5137),(#5138,#5139),
(#5140,#5141),(#5142,#5143),(#5144,#5145)),.UNSPECIFIED.,.F.,.F.,.F.,(4,
1,1,1,1,1,1,1,4),(2,2),(0.,1.13882545241993,2.27765090484792,3.41647635727253,
4.55530180969791,5.69412726212317,6.83295271454987,7.97177816697589,9.11060361940779),
(0.,1.),.UNSPECIFIED.);
#3493=B_SPLINE_SURFACE_WITH_KNOTS('',3,1,((#5146,#5147),(#5148,#5149),(#5150,
#5151),(#5152,#5153),(#5154,#5155),(#5156,#5157),(#5158,#5159),(#5160,#5161),
(#5162,#5163),(#5164,#5165),(#5166,#5167)),.UNSPECIFIED.,.F.,.F.,.F.,(4,
1,1,1,1,1,1,1,4),(2,2),(9.11060361940779,10.2494290718419,11.3882545242681,
12.5270799766939,13.6659054291203,14.8047308815469,15.9435563339721,17.0823817863987,
18.2212072388178),(0.,1.),.UNSPECIFIED.);
#3494=B_SPLINE_SURFACE_WITH_KNOTS('',3,1,((#5170,#5171),(#5172,#5173),(#5174,
#5175),(#5176,#5177),(#5178,#5179),(#5180,#5181),(#5182,#5183),(#5184,#5185),
(#5186,#5187),(#5188,#5189),(#5190,#5191)),.UNSPECIFIED.,.F.,.F.,.F.,(4,
1,1,1,1,1,1,1,4),(2,2),(0.,1.13882545242006,2.27765090484631,3.41647635727139,
4.55530180969864,5.69412726212508,6.83295271455086,7.97177816697705,9.11060361941095),
(0.,1.),.UNSPECIFIED.);
#3495=B_SPLINE_SURFACE_WITH_KNOTS('',3,1,((#5192,#5193),(#5194,#5195),(#5196,
#5197),(#5198,#5199),(#5200,#5201),(#5202,#5203),(#5204,#5205),(#5206,#5207),
(#5208,#5209),(#5210,#5211),(#5212,#5213)),.UNSPECIFIED.,.F.,.F.,.F.,(4,
1,1,1,1,1,1,1,4),(2,2),(9.11060361941095,10.2494290718426,11.3882545242689,
12.5270799766956,13.6659054291205,14.8047308815455,15.943556333971,17.0823817863984,
18.2212072388184),(0.,1.),.UNSPECIFIED.);
#3496=B_SPLINE_SURFACE_WITH_KNOTS('',1,3,((#5216,#5217,#5218,#5219,#5220,
#5221,#5222,#5223,#5224,#5225,#5226),(#5227,#5228,#5229,#5230,#5231,#5232,
#5233,#5234,#5235,#5236,#5237)),.UNSPECIFIED.,.F.,.F.,.F.,(2,2),(4,1,1,
1,1,1,1,1,4),(0.,1.),(0.,1.13882545241993,2.27765090484792,3.41647635727253,
4.55530180969791,5.69412726212317,6.83295271454987,7.97177816697589,9.11060361940779),
 .UNSPECIFIED.);
#3497=B_SPLINE_SURFACE_WITH_KNOTS('',1,3,((#5238,#5239,#5240,#5241,#5242,
#5243,#5244,#5245,#5246,#5247,#5248),(#5249,#5250,#5251,#5252,#5253,#5254,
#5255,#5256,#5257,#5258,#5259)),.UNSPECIFIED.,.F.,.F.,.F.,(2,2),(4,1,1,
1,1,1,1,1,4),(0.,1.),(9.11060361940779,10.2494290718419,11.3882545242681,
12.5270799766939,13.6659054291203,14.8047308815469,15.9435563339721,17.0823817863987,
18.2212072388178),.UNSPECIFIED.);
#3498=B_SPLINE_SURFACE_WITH_KNOTS('',5,3,((#5344,#5345,#5346,#5347),(#5348,
#5349,#5350,#5351),(#5352,#5353,#5354,#5355),(#5356,#5357,#5358,#5359),
(#5360,#5361,#5362,#5363),(#5364,#5365,#5366,#5367),(#5368,#5369,#5370,
#5371),(#5372,#5373,#5374,#5375),(#5376,#5377,#5378,#5379),(#5380,#5381,
#5382,#5383),(#5384,#5385,#5386,#5387),(#5388,#5389,#5390,#5391),(#5392,
#5393,#5394,#5395),(#5396,#5397,#5398,#5399),(#5400,#5401,#5402,#5403),
(#5404,#5405,#5406,#5407),(#5408,#5409,#5410,#5411),(#5412,#5413,#5414,
#5415),(#5416,#5417,#5418,#5419),(#5420,#5421,#5422,#5423),(#5424,#5425,
#5426,#5427)),.UNSPECIFIED.,.T.,.F.,.F.,(1,1,1,1,1,1,1,1,1,1,1,1,1,1,1,
1,1,1,1,1,1,1,1,1,1,1,1),(4,4),(-17.571941842088,-14.0575534736704,-10.5431651052528,
-7.02877673683519,-3.51438836841759,0.,3.51438836841759,7.02877673683519,
10.5431651052528,14.0575534736704,17.571941842088,21.0863302105056,24.6007185789232,
28.1151069473408,31.6294953157584,35.1438836841759,38.6582720525935,42.1726604210111,
45.6870487894287,49.2014371578463,52.7158255262639,56.2302138946815,59.7446022630991,
63.2589906315167,66.7733789999343,70.2877673683519,73.8021557367695),(0.,
2.88462553063655),.UNSPECIFIED.);
#3499=B_SPLINE_SURFACE_WITH_KNOTS('',5,3,((#5429,#5430,#5431,#5432),(#5433,
#5434,#5435,#5436),(#5437,#5438,#5439,#5440),(#5441,#5442,#5443,#5444),
(#5445,#5446,#5447,#5448),(#5449,#5450,#5451,#5452),(#5453,#5454,#5455,
#5456),(#5457,#5458,#5459,#5460),(#5461,#5462,#5463,#5464),(#5465,#5466,
#5467,#5468),(#5469,#5470,#5471,#5472),(#5473,#5474,#5475,#5476),(#5477,
#5478,#5479,#5480),(#5481,#5482,#5483,#5484),(#5485,#5486,#5487,#5488),
(#5489,#5490,#5491,#5492),(#5493,#5494,#5495,#5496),(#5497,#5498,#5499,
#5500),(#5501,#5502,#5503,#5504),(#5505,#5506,#5507,#5508),(#5509,#5510,
#5511,#5512)),.UNSPECIFIED.,.T.,.F.,.F.,(1,1,1,1,1,1,1,1,1,1,1,1,1,1,1,
1,1,1,1,1,1,1,1,1,1,1,1),(4,4),(-17.5897059128087,-14.0717647302469,-10.5538235476852,
-7.03588236512346,-3.51794118256174,0.,3.51794118256173,7.03588236512346,
10.5538235476852,14.0717647302469,17.5897059128087,21.1076470953704,24.6255882779321,
28.1435294604938,31.6614706430556,35.1794118256173,38.697353008179,42.2152941907408,
45.7332353733025,49.2511765558642,52.769117738426,56.2870589209877,59.8050001035494,
63.3229412861111,66.8408824686729,70.3588236512346,73.8767648337963),(0.,
2.88462553063648),.UNSPECIFIED.);
#3500=(
BOUNDED_SURFACE()
B_SPLINE_SURFACE(2,3,((#4170,#4171,#4172,#4173,#4174,#4175,#4176),(#4177,
#4178,#4179,#4180,#4181,#4182,#4183),(#4184,#4185,#4186,#4187,#4188,#4189,
#4190)),.UNSPECIFIED.,.F.,.F.,.F.)
B_SPLINE_SURFACE_WITH_KNOTS((3,3),(4,1,1,1,4),(0.,4.71238898038666),(-3.0000048623934,
-2.65482212711052,8.66540749078471,24.1124439523623,33.8742055851925),
 .UNSPECIFIED.)
GEOMETRIC_REPRESENTATION_ITEM()
RATIONAL_B_SPLINE_SURFACE(((1.,1.,1.,1.,1.,1.,1.),(0.707106781186529,0.707106781186528,
0.70710678118648,0.707106781186159,0.707106781186524,0.70710678118655,0.707106781186552),
(1.,1.,1.,1.,1.,1.,1.)))
REPRESENTATION_ITEM('')
SURFACE()
);
#3501=(
BOUNDED_SURFACE()
B_SPLINE_SURFACE(2,3,((#4191,#4192,#4193,#4194,#4195,#4196,#4197,#4198),
(#4199,#4200,#4201,#4202,#4203,#4204,#4205,#4206),(#4207,#4208,#4209,#4210,
#4211,#4212,#4213,#4214)),.UNSPECIFIED.,.F.,.F.,.F.)
B_SPLINE_SURFACE_WITH_KNOTS((3,3),(4,1,1,1,1,4),(0.,4.71238898038571),(-3.00000690581647,
-2.65482864826171,15.4370917339846,25.3264698633256,33.5290121155687,33.8741604951996),
 .UNSPECIFIED.)
GEOMETRIC_REPRESENTATION_ITEM()
RATIONAL_B_SPLINE_SURFACE(((0.999999999999999,0.999999999999999,0.999999999999999,
1.,0.999999999999999,1.,1.,1.),(0.707106781186539,0.707106781186539,0.707106781186531,
0.707106781186536,0.707106781186531,0.707106781186534,0.707106781186543,
0.707106781186544),(0.999999999999999,0.999999999999999,0.999999999999999,
1.,0.999999999999999,1.,1.,1.)))
REPRESENTATION_ITEM('')
SURFACE()
);
#3502=(
BOUNDED_SURFACE()
B_SPLINE_SURFACE(2,3,((#4215,#4216,#4217,#4218,#4219,#4220,#4221),(#4222,
#4223,#4224,#4225,#4226,#4227,#4228),(#4229,#4230,#4231,#4232,#4233,#4234,
#4235)),.UNSPECIFIED.,.F.,.F.,.F.)
B_SPLINE_SURFACE_WITH_KNOTS((3,3),(4,1,1,1,4),(0.,4.71238898038725),(-3.00004649506855,
6.76171513842561,22.2087515993347,33.5289812168544,33.8741639521371),
 .UNSPECIFIED.)
GEOMETRIC_REPRESENTATION_ITEM()
RATIONAL_B_SPLINE_SURFACE(((0.999999999999999,0.999999999999999,0.999999999999999,
1.,0.999999999999999,0.999999999999999,0.999999999999999),(0.707106781186549,
0.707106781186547,0.707106781186529,0.707106781186136,0.707106781186488,
0.70710678118653,0.707106781186531),(0.999999999999999,0.999999999999999,
0.999999999999999,1.,0.999999999999999,0.999999999999999,0.999999999999999)))
REPRESENTATION_ITEM('')
SURFACE()
);
#3503=(
BOUNDED_SURFACE()
B_SPLINE_SURFACE(2,3,((#4236,#4237,#4238,#4239,#4240,#4241,#4242),(#4243,
#4244,#4245,#4246,#4247,#4248,#4249),(#4250,#4251,#4252,#4253,#4254,#4255,
#4256)),.UNSPECIFIED.,.F.,.F.,.F.)
B_SPLINE_SURFACE_WITH_KNOTS((3,3),(4,1,1,1,4),(0.,4.71238898038729),(-3.00000486245346,
-2.65482212711034,8.66540749040967,24.112443951319,33.8742055845327),
 .UNSPECIFIED.)
GEOMETRIC_REPRESENTATION_ITEM()
RATIONAL_B_SPLINE_SURFACE(((1.,1.,0.999999999999999,1.,0.999999999999999,
1.,1.),(0.707106781186525,0.707106781186524,0.707106781186468,0.707106781186161,
0.707106781186527,0.707106781186546,0.707106781186546),(1.,1.,0.999999999999999,
1.,0.999999999999999,1.,1.)))
REPRESENTATION_ITEM('')
SURFACE()
);
#3504=(
BOUNDED_SURFACE()
B_SPLINE_SURFACE(2,3,((#4257,#4258,#4259,#4260,#4261,#4262,#4263,#4264),
(#4265,#4266,#4267,#4268,#4269,#4270,#4271,#4272),(#4273,#4274,#4275,#4276,
#4277,#4278,#4279,#4280)),.UNSPECIFIED.,.F.,.F.,.F.)
B_SPLINE_SURFACE_WITH_KNOTS((3,3),(4,1,1,1,1,4),(0.,4.71238898038552),(-3.00000690581683,
-2.65482864826184,15.4370917336027,25.3264698627003,33.5290121148076,33.87416049406),
 .UNSPECIFIED.)
GEOMETRIC_REPRESENTATION_ITEM()
RATIONAL_B_SPLINE_SURFACE(((1.,1.,1.,0.999999999999999,1.,1.,1.,1.),(0.707106781186544,
0.707106781186544,0.707106781186554,0.707106781186529,0.707106781186533,
0.707106781186551,0.70710678118655,0.70710678118655),(1.,1.,1.,0.999999999999999,
1.,1.,1.,1.)))
REPRESENTATION_ITEM('')
SURFACE()
);
#3505=(
BOUNDED_SURFACE()
B_SPLINE_SURFACE(2,3,((#4281,#4282,#4283,#4284,#4285,#4286,#4287),(#4288,
#4289,#4290,#4291,#4292,#4293,#4294),(#4295,#4296,#4297,#4298,#4299,#4300,
#4301)),.UNSPECIFIED.,.F.,.F.,.F.)
B_SPLINE_SURFACE_WITH_KNOTS((3,3),(4,1,1,1,4),(0.,4.71238898038674),(-3.00004649506845,
6.76171513880532,22.2087515990481,33.5289812161932,33.8741639515502),
 .UNSPECIFIED.)
GEOMETRIC_REPRESENTATION_ITEM()
RATIONAL_B_SPLINE_SURFACE(((1.,1.,0.999999999999999,1.,1.,1.,1.),(0.707106781186559,
0.707106781186555,0.707106781186503,0.70710678118617,0.707106781186484,
0.707106781186531,0.707106781186532),(1.,1.,0.999999999999999,1.,1.,1.,
1.)))
REPRESENTATION_ITEM('')
SURFACE()
);
#3506=(
BOUNDED_SURFACE()
B_SPLINE_SURFACE(2,3,((#4302,#4303,#4304,#4305,#4306,#4307,#4308),(#4309,
#4310,#4311,#4312,#4313,#4314,#4315),(#4316,#4317,#4318,#4319,#4320,#4321,
#4322)),.UNSPECIFIED.,.F.,.F.,.F.)
B_SPLINE_SURFACE_WITH_KNOTS((3,3),(4,1,1,1,4),(0.,4.71238898038657),(-3.00000486271136,
-2.65482212710995,8.66540749078346,24.1124439523579,33.8742055841525),
 .UNSPECIFIED.)
GEOMETRIC_REPRESENTATION_ITEM()
RATIONAL_B_SPLINE_SURFACE(((1.,1.,1.,1.,1.,1.,1.),(0.707106781186534,0.707106781186533,
0.707106781186491,0.707106781186163,0.707106781186517,0.707106781186543,
0.707106781186547),(1.,1.,1.,1.,1.,1.,1.)))
REPRESENTATION_ITEM('')
SURFACE()
);
#3507=(
BOUNDED_SURFACE()
B_SPLINE_SURFACE(2,3,((#4323,#4324,#4325,#4326,#4327,#4328,#4329,#4330),
(#4331,#4332,#4333,#4334,#4335,#4336,#4337,#4338),(#4339,#4340,#4341,#4342,
#4343,#4344,#4345,#4346)),.UNSPECIFIED.,.F.,.F.,.F.)
B_SPLINE_SURFACE_WITH_KNOTS((3,3),(4,1,1,1,1,4),(0.,4.71238898038567),(-3.00000690581689,
-2.65482864826158,15.4370917350224,25.3264698632097,33.5290121148061,33.8741604940584),
 .UNSPECIFIED.)
GEOMETRIC_REPRESENTATION_ITEM()
RATIONAL_B_SPLINE_SURFACE(((1.,1.,0.999999999999999,1.,0.999999999999999,
1.,1.,1.),(0.707106781186547,0.707106781186547,0.707106781186535,0.707106781186519,
0.707106781186541,0.707106781186555,0.707106781186548,0.707106781186548),
(1.,1.,0.999999999999999,1.,0.999999999999999,1.,1.,1.)))
REPRESENTATION_ITEM('')
SURFACE()
);
#3508=(
BOUNDED_SURFACE()
B_SPLINE_SURFACE(2,3,((#4347,#4348,#4349,#4350,#4351,#4352,#4353,#4354,
#4355),(#4356,#4357,#4358,#4359,#4360,#4361,#4362,#4363,#4364),(#4365,#4366,
#4367,#4368,#4369,#4370,#4371,#4372,#4373)),.UNSPECIFIED.,.F.,.F.,.F.)
B_SPLINE_SURFACE_WITH_KNOTS((3,3),(4,1,1,3,4),(0.,4.71238898039299),(-2.99997991223807,
2.16586395394358,13.3549517434868,32.7878103739757,33.8742307921384),
 .UNSPECIFIED.)
GEOMETRIC_REPRESENTATION_ITEM()
RATIONAL_B_SPLINE_SURFACE(((0.999999999999999,0.999999999999999,0.999999999999999,
1.,1.,1.,1.,1.,1.),(0.707106781186581,0.707106781186599,0.707106781186616,
0.707106781185788,0.707106781187175,0.707106781185569,0.707106781185773,
0.707106781185943,0.707106781186084),(0.999999999999999,0.999999999999999,
0.999999999999999,1.,1.,1.,1.,1.,1.)))
REPRESENTATION_ITEM('')
SURFACE()
);
#3509=(
BOUNDED_SURFACE()
B_SPLINE_SURFACE(2,3,((#4374,#4375,#4376,#4377,#4378,#4379,#4380,#4381,
#4382),(#4383,#4384,#4385,#4386,#4387,#4388,#4389,#4390,#4391),(#4392,#4393,
#4394,#4395,#4396,#4397,#4398,#4399,#4400)),.UNSPECIFIED.,.F.,.F.,.F.)
B_SPLINE_SURFACE_WITH_KNOTS((3,3),(4,3,1,1,4),(0.,4.71238898103073),(-3.00007170267455,
-1.91365128034765,17.5192073490026,28.7082951370434,33.8741390019132),
 .UNSPECIFIED.)
GEOMETRIC_REPRESENTATION_ITEM()
RATIONAL_B_SPLINE_SURFACE(((1.,1.,1.,1.,1.,1.,1.,1.,1.),(0.7071067811494,
0.707106781138635,0.707106781125753,0.707106781110411,0.707106781256092,
0.707106781149832,0.707106781191485,0.707106781189967,0.707106781188823),
(1.,1.,1.,1.,1.,1.,1.,1.,1.)))
REPRESENTATION_ITEM('')
SURFACE()
);
#3510=(
BOUNDED_SURFACE()
B_SPLINE_SURFACE(2,3,((#4401,#4402,#4403,#4404,#4405,#4406,#4407,#4408),
(#4409,#4410,#4411,#4412,#4413,#4414,#4415,#4416),(#4417,#4418,#4419,#4420,
#4421,#4422,#4423,#4424)),.UNSPECIFIED.,.F.,.F.,.F.)
B_SPLINE_SURFACE_WITH_KNOTS((3,3),(4,1,1,1,1,4),(0.,4.71238898038593),(-3.00000690664895,
-2.65482864826174,15.4370917354064,25.3264698638363,33.5290121155683,33.8741604948209),
 .UNSPECIFIED.)
GEOMETRIC_REPRESENTATION_ITEM()
RATIONAL_B_SPLINE_SURFACE(((1.,1.,1.,0.999999999999998,1.,1.,1.,1.),(0.707106781186535,
0.707106781186536,0.707106781186547,0.707106781186519,0.707106781186556,
0.70710678118655,0.707106781186549,0.707106781186549),(1.,1.,1.,0.999999999999998,
1.,1.,1.,1.)))
REPRESENTATION_ITEM('')
SURFACE()
);
#3511=(
BOUNDED_SURFACE()
B_SPLINE_SURFACE(2,3,((#4425,#4426,#4427,#4428,#4429,#4430,#4431),(#4432,
#4433,#4434,#4435,#4436,#4437,#4438),(#4439,#4440,#4441,#4442,#4443,#4444,
#4445)),.UNSPECIFIED.,.F.,.F.,.F.)
B_SPLINE_SURFACE_WITH_KNOTS((3,3),(4,1,1,1,4),(0.,4.71238898038694),(-3.00004649506809,
6.76171513984785,22.2087516000885,33.5289812172337,33.8741639526595),
 .UNSPECIFIED.)
GEOMETRIC_REPRESENTATION_ITEM()
RATIONAL_B_SPLINE_SURFACE(((0.999999999999999,0.999999999999999,1.,1.,1.,
1.,1.),(0.707106781186553,0.707106781186549,0.70710678118651,0.707106781186182,
0.707106781186473,0.707106781186527,0.707106781186529),(0.999999999999999,
0.999999999999999,1.,1.,1.,1.,1.)))
REPRESENTATION_ITEM('')
SURFACE()
);
#3512=(
BOUNDED_SURFACE()
B_SPLINE_SURFACE(3,2,((#4446,#4447,#4448),(#4449,#4450,#4451),(#4452,#4453,
#4454),(#4455,#4456,#4457),(#4458,#4459,#4460),(#4461,#4462,#4463),(#4464,
#4465,#4466)),.UNSPECIFIED.,.F.,.F.,.F.)
B_SPLINE_SURFACE_WITH_KNOTS((4,1,1,1,4),(3,3),(-3.00000486239243,-2.65482212711052,
8.66540749078483,24.1124439523619,33.8742055851926),(0.,4.71238898038671),
 .UNSPECIFIED.)
GEOMETRIC_REPRESENTATION_ITEM()
RATIONAL_B_SPLINE_SURFACE(((0.999999999999997,0.707106781186526,0.999999999999997),
(0.999999999999997,0.707106781186525,0.999999999999997),(0.999999999999997,
0.707106781186476,0.999999999999997),(0.999999999999998,0.707106781186155,
0.999999999999998),(1.,0.707106781186529,1.),(1.,0.707106781186547,1.),
(1.,0.707106781186547,1.)))
REPRESENTATION_ITEM('')
SURFACE()
);
#3513=(
BOUNDED_SURFACE()
B_SPLINE_SURFACE(3,2,((#4467,#4468,#4469),(#4470,#4471,#4472),(#4473,#4474,
#4475),(#4476,#4477,#4478),(#4479,#4480,#4481),(#4482,#4483,#4484),(#4485,
#4486,#4487),(#4488,#4489,#4490),(#4491,#4492,#4493)),.UNSPECIFIED.,.F.,
 .F.,.F.)
B_SPLINE_SURFACE_WITH_KNOTS((4,1,1,3,4),(3,3),(-2.9999799130491,2.1658639539433,
13.3549517434869,32.7878103739755,33.8742307921386),(0.,4.71238898039299),
 .UNSPECIFIED.)
GEOMETRIC_REPRESENTATION_ITEM()
RATIONAL_B_SPLINE_SURFACE(((1.,0.707106781186587,1.),(1.,0.707106781186604,
1.),(1.,0.707106781186619,1.),(1.,0.707106781185828,1.),(1.,0.707106781187163,
1.),(1.,0.707106781185569,1.),(1.,0.707106781185781,1.),(1.,0.707106781185956,
1.),(1.,0.707106781186101,1.)))
REPRESENTATION_ITEM('')
SURFACE()
);
#3514=(
BOUNDED_SURFACE()
B_SPLINE_SURFACE(3,2,((#4494,#4495,#4496),(#4497,#4498,#4499),(#4500,#4501,
#4502),(#4503,#4504,#4505),(#4506,#4507,#4508),(#4509,#4510,#4511),(#4512,
#4513,#4514),(#4515,#4516,#4517),(#4518,#4519,#4520)),.UNSPECIFIED.,.F.,
 .F.,.F.)
B_SPLINE_SURFACE_WITH_KNOTS((4,3,1,1,4),(3,3),(-3.00007170267463,-1.91365128034782,
17.5192073490025,28.7082951370433,33.8741390027914),(0.,4.71238898103018),
 .UNSPECIFIED.)
GEOMETRIC_REPRESENTATION_ITEM()
RATIONAL_B_SPLINE_SURFACE(((1.,0.707106781149432,1.),(1.,0.707106781138676,
1.),(1.,0.707106781125805,1.),(1.,0.707106781110476,1.),(1.,0.70710678125602,
1.),(0.999999999999999,0.707106781149866,0.999999999999999),(1.,0.707106781191472,
1.),(1.,0.707106781189983,1.),(1.,0.707106781188845,1.)))
REPRESENTATION_ITEM('')
SURFACE()
);
#3515=(
BOUNDED_SURFACE()
B_SPLINE_SURFACE(3,2,((#4521,#4522,#4523),(#4524,#4525,#4526),(#4527,#4528,
#4529),(#4530,#4531,#4532),(#4533,#4534,#4535),(#4536,#4537,#4538),(#4539,
#4540,#4541)),.UNSPECIFIED.,.F.,.F.,.F.)
B_SPLINE_SURFACE_WITH_KNOTS((4,1,1,1,4),(3,3),(-3.00004649506791,6.76171513984746,
22.2087516000884,33.5289812172344,33.8741639525169),(0.,4.71238898038698),
 .UNSPECIFIED.)
GEOMETRIC_REPRESENTATION_ITEM()
RATIONAL_B_SPLINE_SURFACE(((1.,0.707106781186559,1.),(1.,0.707106781186555,
1.),(1.,0.707106781186502,1.),(0.999999999999999,0.707106781186162,0.999999999999999),
(1.,0.707106781186478,1.),(1.,0.707106781186529,1.),(1.,0.70710678118653,
1.)))
REPRESENTATION_ITEM('')
SURFACE()
);
#3516=(
BOUNDED_SURFACE()
B_SPLINE_SURFACE(3,2,((#4542,#4543,#4544),(#4545,#4546,#4547),(#4548,#4549,
#4550),(#4551,#4552,#4553),(#4554,#4555,#4556),(#4557,#4558,#4559),(#4560,
#4561,#4562),(#4563,#4564,#4565)),.UNSPECIFIED.,.F.,.F.,.F.)
B_SPLINE_SURFACE_WITH_KNOTS((4,1,1,1,1,4),(3,3),(-3.00000690581728,-2.65482864826175,
15.4370917354066,25.3264698638366,33.5290121155688,33.8741604948206),(0.,
4.71238898038577),.UNSPECIFIED.)
GEOMETRIC_REPRESENTATION_ITEM()
RATIONAL_B_SPLINE_SURFACE(((1.,0.707106781186553,1.),(1.,0.707106781186553,
1.),(1.,0.707106781186543,1.),(1.,0.707106781186523,1.),(1.,0.707106781186531,
1.),(1.,0.707106781186552,1.),(1.,0.707106781186551,1.),(1.,0.707106781186551,
1.)))
REPRESENTATION_ITEM('')
SURFACE()
);
#3517=(
BOUNDED_SURFACE()
B_SPLINE_SURFACE(3,2,((#4566,#4567,#4568),(#4569,#4570,#4571),(#4572,#4573,
#4574),(#4575,#4576,#4577),(#4578,#4579,#4580),(#4581,#4582,#4583),(#4584,
#4585,#4586),(#4587,#4588,#4589)),.UNSPECIFIED.,.F.,.F.,.F.)
B_SPLINE_SURFACE_WITH_KNOTS((4,1,1,1,1,4),(3,3),(-3.00000690581747,-2.65482864826142,
15.437091733985,25.3264698633262,33.5290121155697,33.8741604948212),(0.,
4.71238898038544),.UNSPECIFIED.)
GEOMETRIC_REPRESENTATION_ITEM()
RATIONAL_B_SPLINE_SURFACE(((1.,0.707106781186544,1.),(1.,0.707106781186543,
1.),(1.,0.707106781186533,1.),(1.,0.707106781186536,1.),(1.,0.707106781186529,
1.),(1.,0.707106781186536,1.),(1.,0.707106781186544,1.),(1.,0.707106781186545,
1.)))
REPRESENTATION_ITEM('')
SURFACE()
);
#3518=(
BOUNDED_SURFACE()
B_SPLINE_SURFACE(3,2,((#4590,#4591,#4592),(#4593,#4594,#4595),(#4596,#4597,
#4598),(#4599,#4600,#4601),(#4602,#4603,#4604),(#4605,#4606,#4607),(#4608,
#4609,#4610)),.UNSPECIFIED.,.F.,.F.,.F.)
B_SPLINE_SURFACE_WITH_KNOTS((4,1,1,1,4),(3,3),(-3.00004649506817,6.76171513842641,
22.2087515993351,33.5289812168548,33.8741639521372),(0.,4.71238898038748),
 .UNSPECIFIED.)
GEOMETRIC_REPRESENTATION_ITEM()
RATIONAL_B_SPLINE_SURFACE(((0.999999999999999,0.707106781186556,0.999999999999999),
(0.999999999999999,0.707106781186552,0.999999999999999),(0.999999999999999,
0.707106781186509,0.999999999999999),(1.,0.707106781186154,1.),(1.,0.707106781186484,
1.),(1.,0.707106781186524,1.),(1.,0.707106781186525,1.)))
REPRESENTATION_ITEM('')
SURFACE()
);
#3519=(
BOUNDED_SURFACE()
B_SPLINE_SURFACE(3,2,((#4611,#4612,#4613),(#4614,#4615,#4616),(#4617,#4618,
#4619),(#4620,#4621,#4622),(#4623,#4624,#4625),(#4626,#4627,#4628),(#4629,
#4630,#4631)),.UNSPECIFIED.,.F.,.F.,.F.)
B_SPLINE_SURFACE_WITH_KNOTS((4,1,1,1,4),(3,3),(-3.00000486239308,-2.65482212711038,
8.66540749040953,24.1124439513189,33.8742055845325),(0.,4.71238898038746),
 .UNSPECIFIED.)
GEOMETRIC_REPRESENTATION_ITEM()
RATIONAL_B_SPLINE_SURFACE(((0.999999999999998,0.70710678118652,0.999999999999998),
(0.999999999999998,0.707106781186519,0.999999999999998),(0.999999999999998,
0.707106781186467,0.999999999999998),(0.999999999999999,0.707106781186146,
0.999999999999999),(0.999999999999999,0.707106781186513,0.999999999999999),
(0.999999999999999,0.707106781186555,0.999999999999999),(0.999999999999999,
0.707106781186557,0.999999999999999)))
REPRESENTATION_ITEM('')
SURFACE()
);
#3520=(
BOUNDED_SURFACE()
B_SPLINE_SURFACE(3,2,((#4632,#4633,#4634),(#4635,#4636,#4637),(#4638,#4639,
#4640),(#4641,#4642,#4643),(#4644,#4645,#4646),(#4647,#4648,#4649),(#4650,
#4651,#4652),(#4653,#4654,#4655)),.UNSPECIFIED.,.F.,.F.,.F.)
B_SPLINE_SURFACE_WITH_KNOTS((4,1,1,1,1,4),(3,3),(-3.00000690581704,-2.65482864826165,
15.4370917336027,25.3264698627007,33.5290121148073,33.8741604940599),(0.,
4.71238898038581),.UNSPECIFIED.)
GEOMETRIC_REPRESENTATION_ITEM()
RATIONAL_B_SPLINE_SURFACE(((1.,0.707106781186541,1.),(1.,0.707106781186541,
1.),(1.,0.707106781186539,1.),(1.,0.707106781186554,1.),(0.999999999999999,
0.707106781186504,0.999999999999999),(0.999999999999999,0.707106781186547,
0.999999999999999),(1.,0.707106781186554,1.),(1.,0.707106781186554,1.)))
REPRESENTATION_ITEM('')
SURFACE()
);
#3521=(
BOUNDED_SURFACE()
B_SPLINE_SURFACE(3,2,((#4656,#4657,#4658),(#4659,#4660,#4661),(#4662,#4663,
#4664),(#4665,#4666,#4667),(#4668,#4669,#4670),(#4671,#4672,#4673),(#4674,
#4675,#4676)),.UNSPECIFIED.,.F.,.F.,.F.)
B_SPLINE_SURFACE_WITH_KNOTS((4,1,1,1,4),(3,3),(-3.00004649506865,6.76171513880544,
22.2087515990474,33.5289812161929,33.8741639514751),(0.,4.71238898038665),
 .UNSPECIFIED.)
GEOMETRIC_REPRESENTATION_ITEM()
RATIONAL_B_SPLINE_SURFACE(((1.,0.707106781186548,1.),(1.,0.707106781186545,
1.),(1.,0.707106781186517,1.),(1.,0.707106781186171,1.),(0.999999999999999,
0.707106781186483,0.999999999999999),(0.999999999999999,0.707106781186529,
0.999999999999999),(0.999999999999999,0.707106781186531,0.999999999999999)))
REPRESENTATION_ITEM('')
SURFACE()
);
#3522=(
BOUNDED_SURFACE()
B_SPLINE_SURFACE(3,2,((#4677,#4678,#4679),(#4680,#4681,#4682),(#4683,#4684,
#4685),(#4686,#4687,#4688),(#4689,#4690,#4691),(#4692,#4693,#4694),(#4695,
#4696,#4697)),.UNSPECIFIED.,.F.,.F.,.F.)
B_SPLINE_SURFACE_WITH_KNOTS((4,1,1,1,4),(3,3),(-3.00000486239454,-2.65482212711029,
8.66540749078335,24.1124439523583,33.8742055841495),(0.,4.71238898038658),
 .UNSPECIFIED.)
GEOMETRIC_REPRESENTATION_ITEM()
RATIONAL_B_SPLINE_SURFACE(((1.,0.707106781186532,1.),(1.,0.70710678118653,
1.),(1.,0.707106781186483,1.),(1.,0.707106781186169,1.),(1.,0.707106781186509,
1.),(0.999999999999999,0.707106781186555,0.999999999999999),(0.999999999999999,
0.707106781186558,0.999999999999999)))
REPRESENTATION_ITEM('')
SURFACE()
);
#3523=(
BOUNDED_SURFACE()
B_SPLINE_SURFACE(3,2,((#4698,#4699,#4700),(#4701,#4702,#4703),(#4704,#4705,
#4706),(#4707,#4708,#4709),(#4710,#4711,#4712),(#4713,#4714,#4715),(#4716,
#4717,#4718),(#4719,#4720,#4721)),.UNSPECIFIED.,.F.,.F.,.F.)
B_SPLINE_SURFACE_WITH_KNOTS((4,1,1,1,1,4),(3,3),(-3.00000690665156,-2.65482864826195,
15.4370917350226,25.3264698632101,33.5290121148063,33.8741604940582),(0.,
4.71238898038574),.UNSPECIFIED.)
GEOMETRIC_REPRESENTATION_ITEM()
RATIONAL_B_SPLINE_SURFACE(((1.,0.707106781186544,1.),(1.,0.707106781186544,
1.),(1.,0.707106781186543,1.),(1.,0.707106781186501,1.),(1.,0.70710678118656,
1.),(1.,0.707106781186537,1.),(1.,0.707106781186544,1.),(1.,0.707106781186545,
1.)))
REPRESENTATION_ITEM('')
SURFACE()
);
#3524=PLANE('',#3719);
#3525=PLANE('',#3720);
#3526=PLANE('',#3721);
#3527=PLANE('',#3722);
#3528=PLANE('',#3723);
#3529=PLANE('',#3724);
#3530=PLANE('',#3728);
#3531=PLANE('',#3729);
#3532=PLANE('',#3730);
#3533=PLANE('',#3731);
#3534=PLANE('',#3733);
#3535=PLANE('',#3734);
#3536=PLANE('',#3735);
#3537=PLANE('',#3736);
#3538=PLANE('',#3739);
#3539=PLANE('',#3740);
#3540=PLANE('',#3741);
#3541=PLANE('',#3742);
#3542=PLANE('',#3743);
#3543=PLANE('',#3744);
#3544=PLANE('',#3745);
#3545=PLANE('',#3746);
#3546=PLANE('',#3747);
#3547=PLANE('',#3748);
#3548=PLANE('',#3749);
#3549=PLANE('',#3750);
#3550=PLANE('',#3751);
#3551=PLANE('',#3752);
#3552=PLANE('',#3753);
#3553=PLANE('',#3754);
#3554=PLANE('',#3755);
#3555=PLANE('',#3756);
#3556=PLANE('',#3757);
#3557=PLANE('',#3758);
#3558=PLANE('',#3759);
#3559=PLANE('',#3760);
#3560=PLANE('',#3761);
#3561=PLANE('',#3762);
#3562=PLANE('',#3775);
#3563=PLANE('',#3776);
#3564=PLANE('',#3777);
#3565=PLANE('',#3782);
#3566=PLANE('',#3783);
#3567=PLANE('',#3784);
#3568=PLANE('',#3789);
#3569=PLANE('',#3790);
#3570=PLANE('',#3808);
#3571=PLANE('',#3809);
#3572=PLANE('',#3810);
#3573=PLANE('',#3811);
#3574=PLANE('',#3812);
#3575=PLANE('',#3813);
#3576=PLANE('',#3814);
#3577=PLANE('',#3815);
#3578=PLANE('',#3816);
#3579=PLANE('',#3817);
#3580=PLANE('',#3818);
#3581=PLANE('',#3819);
#3582=PLANE('',#3820);
#3583=PLANE('',#3821);
#3584=PLANE('',#3822);
#3585=PLANE('',#3823);
#3586=PLANE('',#3824);
#3587=PLANE('',#3825);
#3588=PLANE('',#3826);
#3589=PLANE('',#3827);
#3590=PLANE('',#3828);
#3591=PLANE('',#3829);
#3592=PLANE('',#3830);
#3593=PLANE('',#3831);
#3594=PLANE('',#3832);
#3595=PLANE('',#3833);
#3596=PLANE('',#3834);
#3597=PLANE('',#3835);
#3598=PLANE('',#3836);
#3599=PLANE('',#3837);
#3600=PLANE('',#3838);
#3601=PLANE('',#3839);
#3602=PLANE('',#3840);
#3603=PLANE('',#3841);
#3604=PLANE('',#3842);
#3605=PLANE('',#3843);
#3606=PLANE('',#3844);
#3607=PLANE('',#3845);
#3608=PLANE('',#3846);
#3609=PLANE('',#3847);
#3610=PLANE('',#3848);
#3611=PLANE('',#3849);
#3612=PLANE('',#3850);
#3613=PLANE('',#3851);
#3614=PLANE('',#3852);
#3615=PLANE('',#3853);
#3616=PLANE('',#3854);
#3617=PLANE('',#3855);
#3618=PLANE('',#3856);
#3619=PLANE('',#3857);
#3620=PLANE('',#3859);
#3621=PLANE('',#3860);
#3622=PLANE('',#3861);
#3623=PLANE('',#3864);
#3624=PLANE('',#3865);
#3625=PLANE('',#3866);
#3626=PLANE('',#3867);
#3627=PLANE('',#3868);
#3628=PLANE('',#3869);
#3629=PLANE('',#3870);
#3630=PLANE('',#3871);
#3631=CYLINDRICAL_SURFACE('',#3715,97.9499398294278);
#3632=CYLINDRICAL_SURFACE('',#3716,105.94993694755);
#3633=CYLINDRICAL_SURFACE('',#3717,97.949939829433);
#3634=CYLINDRICAL_SURFACE('',#3718,105.949936947543);
#3635=CYLINDRICAL_SURFACE('',#3725,131.21);
#3636=CYLINDRICAL_SURFACE('',#3726,10.);
#3637=CYLINDRICAL_SURFACE('',#3727,10.);
#3638=CYLINDRICAL_SURFACE('',#3732,9.99999979319094);
#3639=CYLINDRICAL_SURFACE('',#3737,69.2750000000003);
#3640=CYLINDRICAL_SURFACE('',#3738,59.5750000000002);
#3641=CYLINDRICAL_SURFACE('',#3763,69.2750000000003);
#3642=CYLINDRICAL_SURFACE('',#3764,69.2750000000003);
#3643=CYLINDRICAL_SURFACE('',#3765,69.2750000000003);
#3644=CYLINDRICAL_SURFACE('',#3766,69.2750000000003);
#3645=CYLINDRICAL_SURFACE('',#3767,69.2750000000003);
#3646=CYLINDRICAL_SURFACE('',#3768,69.2750000000003);
#3647=CYLINDRICAL_SURFACE('',#3769,69.2750000000003);
#3648=CYLINDRICAL_SURFACE('',#3770,69.2750000000003);
#3649=CYLINDRICAL_SURFACE('',#3771,69.2750000000003);
#3650=CYLINDRICAL_SURFACE('',#3772,69.2750000000003);
#3651=CYLINDRICAL_SURFACE('',#3773,69.2750000000003);
#3652=CYLINDRICAL_SURFACE('',#3774,19.4499999999998);
#3653=CYLINDRICAL_SURFACE('',#3778,4.93280665977339);
#3654=CYLINDRICAL_SURFACE('',#3779,4.93981526866287);
#3655=CYLINDRICAL_SURFACE('',#3780,4.93280665977361);
#3656=CYLINDRICAL_SURFACE('',#3781,4.93981526866219);
#3657=CYLINDRICAL_SURFACE('',#3785,7.00000000000091);
#3658=CYLINDRICAL_SURFACE('',#3786,6.9999999999998);
#3659=CYLINDRICAL_SURFACE('',#3787,9.99999999999996);
#3660=CYLINDRICAL_SURFACE('',#3788,9.99999999999955);
#3661=CYLINDRICAL_SURFACE('',#3791,134.20998022963);
#3662=CYLINDRICAL_SURFACE('',#3792,1.89999999999975);
#3663=CYLINDRICAL_SURFACE('',#3793,1.89999999999998);
#3664=CYLINDRICAL_SURFACE('',#3794,1.9000000000002);
#3665=CYLINDRICAL_SURFACE('',#3795,1.89999999999975);
#3666=CYLINDRICAL_SURFACE('',#3796,1.9000000000002);
#3667=CYLINDRICAL_SURFACE('',#3797,1.89999999999986);
#3668=CYLINDRICAL_SURFACE('',#3798,1.89999999999998);
#3669=CYLINDRICAL_SURFACE('',#3799,1.89999999999998);
#3670=CYLINDRICAL_SURFACE('',#3800,64.2750000000004);
#3671=CYLINDRICAL_SURFACE('',#3801,64.2750000000002);
#3672=CYLINDRICAL_SURFACE('',#3802,59.5750000000004);
#3673=CYLINDRICAL_SURFACE('',#3803,59.5749999999999);
#3674=CYLINDRICAL_SURFACE('',#3804,24.4500000000002);
#3675=CYLINDRICAL_SURFACE('',#3805,24.4500000000001);
#3676=CYLINDRICAL_SURFACE('',#3806,6.00000000000013);
#3677=CYLINDRICAL_SURFACE('',#3807,5.99999999999989);
#3678=CYLINDRICAL_SURFACE('',#3858,3.00000019396976);
#3679=CYLINDRICAL_SURFACE('',#3862,2.99999999999977);
#3680=CYLINDRICAL_SURFACE('',#3863,131.209977347101);
#3681=CYLINDRICAL_SURFACE('',#3872,59.5750000000002);
#3682=CYLINDRICAL_SURFACE('',#3873,59.5750000000002);
#3683=CYLINDRICAL_SURFACE('',#3874,59.5750000000002);
#3684=CYLINDRICAL_SURFACE('',#3875,59.5750000000002);
#3685=CYLINDRICAL_SURFACE('',#3876,59.5750000000002);
#3686=CYLINDRICAL_SURFACE('',#3877,59.5750000000002);
#3687=CYLINDRICAL_SURFACE('',#3878,59.5750000000002);
#3688=CYLINDRICAL_SURFACE('',#3879,59.5750000000002);
#3689=CYLINDRICAL_SURFACE('',#3880,59.5750000000002);
#3690=CYLINDRICAL_SURFACE('',#3881,59.5750000000002);
#3691=CYLINDRICAL_SURFACE('',#3882,59.5750000000002);
#3692=CYLINDRICAL_SURFACE('',#3883,4.93981526866287);
#3693=CYLINDRICAL_SURFACE('',#3884,4.93280665977339);
#3694=CYLINDRICAL_SURFACE('',#3885,134.20998022963);
#3695=SHAPE_DEFINITION_REPRESENTATION(#3696,#3713);
#3696=PRODUCT_DEFINITION_SHAPE($,$,#3698);
#3697=PRODUCT_DEFINITION_CONTEXT('3D Mechanical Parts',#3702,'design');
#3698=PRODUCT_DEFINITION('A','First version',#3699,#3697);
#3699=PRODUCT_DEFINITION_FORMATION_WITH_SPECIFIED_SOURCE('A',
'First version',#3704,.MADE.);
#3700=PRODUCT_RELATED_PRODUCT_CATEGORY('tool','tool',(#3704));
#3701=APPLICATION_PROTOCOL_DEFINITION('Draft International Standard',
'automotive_design',1999,#3702);
#3702=APPLICATION_CONTEXT(
'data for automotive mechanical design processes');
#3703=PRODUCT_CONTEXT('3D Mechanical Parts',#3702,'mechanical');
#3704=PRODUCT('Document','Document','',(#3703));
#3705=(
LENGTH_UNIT()
NAMED_UNIT(*)
SI_UNIT(.MILLI.,.METRE.)
);
#3706=(
NAMED_UNIT(*)
PLANE_ANGLE_UNIT()
SI_UNIT($,.RADIAN.)
);
#3707=DIMENSIONAL_EXPONENTS(0.,0.,0.,0.,0.,0.,0.);
#3708=PLANE_ANGLE_MEASURE_WITH_UNIT(PLANE_ANGLE_MEASURE(0.01745329252),
#3706);
#3709=(
CONVERSION_BASED_UNIT('DEGREES',#3708)
NAMED_UNIT(#3707)
PLANE_ANGLE_UNIT()
);
#3710=(
NAMED_UNIT(*)
SI_UNIT($,.STERADIAN.)
SOLID_ANGLE_UNIT()
);
#3711=UNCERTAINTY_MEASURE_WITH_UNIT(LENGTH_MEASURE(0.001),#3705,
'DISTANCE_ACCURACY_VALUE',
'Maximum model space distance between geometric entities at asserted c
onnectivities');
#3712=(
GEOMETRIC_REPRESENTATION_CONTEXT(3)
GLOBAL_UNCERTAINTY_ASSIGNED_CONTEXT((#3711))
GLOBAL_UNIT_ASSIGNED_CONTEXT((#3710,#3709,#3705))
REPRESENTATION_CONTEXT('ID1','3D')
);
#3713=SHAPE_REPRESENTATION('Document',(#3714,#3902),#3712);
#3714=AXIS2_PLACEMENT_3D($,#4110,#3903,#3904);
#3715=AXIS2_PLACEMENT_3D('',#4111,#3905,$);
#3716=AXIS2_PLACEMENT_3D('',#4112,#3906,$);
#3717=AXIS2_PLACEMENT_3D('',#4113,#3907,$);
#3718=AXIS2_PLACEMENT_3D('',#4114,#3908,$);
#3719=AXIS2_PLACEMENT_3D('',#4115,#3909,$);
#3720=AXIS2_PLACEMENT_3D('',#4116,#3910,$);
#3721=AXIS2_PLACEMENT_3D('',#4117,#3911,$);
#3722=AXIS2_PLACEMENT_3D('',#4118,#3912,$);
#3723=AXIS2_PLACEMENT_3D('',#4119,#3913,$);
#3724=AXIS2_PLACEMENT_3D('',#4120,#3914,$);
#3725=AXIS2_PLACEMENT_3D('',#4121,#3915,$);
#3726=AXIS2_PLACEMENT_3D('',#4122,#3916,$);
#3727=AXIS2_PLACEMENT_3D('',#4123,#3917,$);
#3728=AXIS2_PLACEMENT_3D('',#4124,#3918,$);
#3729=AXIS2_PLACEMENT_3D('',#4125,#3919,$);
#3730=AXIS2_PLACEMENT_3D('',#4126,#3920,$);
#3731=AXIS2_PLACEMENT_3D('',#4127,#3921,$);
#3732=AXIS2_PLACEMENT_3D('',#4128,#3922,$);
#3733=AXIS2_PLACEMENT_3D('',#4129,#3923,$);
#3734=AXIS2_PLACEMENT_3D('',#4130,#3924,$);
#3735=AXIS2_PLACEMENT_3D('',#4131,#3925,$);
#3736=AXIS2_PLACEMENT_3D('',#4132,#3926,$);
#3737=AXIS2_PLACEMENT_3D('',#4133,#3927,$);
#3738=AXIS2_PLACEMENT_3D('',#4134,#3928,$);
#3739=AXIS2_PLACEMENT_3D('',#4135,#3929,$);
#3740=AXIS2_PLACEMENT_3D('',#4136,#3930,$);
#3741=AXIS2_PLACEMENT_3D('',#4137,#3931,$);
#3742=AXIS2_PLACEMENT_3D('',#4138,#3932,$);
#3743=AXIS2_PLACEMENT_3D('',#4139,#3933,$);
#3744=AXIS2_PLACEMENT_3D('',#4140,#3934,$);
#3745=AXIS2_PLACEMENT_3D('',#4141,#3935,$);
#3746=AXIS2_PLACEMENT_3D('',#4142,#3936,$);
#3747=AXIS2_PLACEMENT_3D('',#4143,#3937,$);
#3748=AXIS2_PLACEMENT_3D('',#4144,#3938,$);
#3749=AXIS2_PLACEMENT_3D('',#4145,#3939,$);
#3750=AXIS2_PLACEMENT_3D('',#4146,#3940,$);
#3751=AXIS2_PLACEMENT_3D('',#4147,#3941,$);
#3752=AXIS2_PLACEMENT_3D('',#4148,#3942,$);
#3753=AXIS2_PLACEMENT_3D('',#4149,#3943,$);
#3754=AXIS2_PLACEMENT_3D('',#4150,#3944,$);
#3755=AXIS2_PLACEMENT_3D('',#4151,#3945,$);
#3756=AXIS2_PLACEMENT_3D('',#4152,#3946,$);
#3757=AXIS2_PLACEMENT_3D('',#4153,#3947,$);
#3758=AXIS2_PLACEMENT_3D('',#4154,#3948,$);
#3759=AXIS2_PLACEMENT_3D('',#4155,#3949,$);
#3760=AXIS2_PLACEMENT_3D('',#4156,#3950,$);
#3761=AXIS2_PLACEMENT_3D('',#4157,#3951,$);
#3762=AXIS2_PLACEMENT_3D('',#4158,#3952,$);
#3763=AXIS2_PLACEMENT_3D('',#4159,#3953,$);
#3764=AXIS2_PLACEMENT_3D('',#4160,#3954,$);
#3765=AXIS2_PLACEMENT_3D('',#4161,#3955,$);
#3766=AXIS2_PLACEMENT_3D('',#4162,#3956,$);
#3767=AXIS2_PLACEMENT_3D('',#4163,#3957,$);
#3768=AXIS2_PLACEMENT_3D('',#4164,#3958,$);
#3769=AXIS2_PLACEMENT_3D('',#4165,#3959,$);
#3770=AXIS2_PLACEMENT_3D('',#4166,#3960,$);
#3771=AXIS2_PLACEMENT_3D('',#4167,#3961,$);
#3772=AXIS2_PLACEMENT_3D('',#4168,#3962,$);
#3773=AXIS2_PLACEMENT_3D('',#4169,#3963,$);
#3774=AXIS2_PLACEMENT_3D('',#4722,#3964,$);
#3775=AXIS2_PLACEMENT_3D('',#4723,#3965,$);
#3776=AXIS2_PLACEMENT_3D('',#4724,#3966,$);
#3777=AXIS2_PLACEMENT_3D('',#4725,#3967,$);
#3778=AXIS2_PLACEMENT_3D('',#4810,#3968,$);
#3779=AXIS2_PLACEMENT_3D('',#4895,#3969,$);
#3780=AXIS2_PLACEMENT_3D('',#4980,#3970,$);
#3781=AXIS2_PLACEMENT_3D('',#5065,#3971,$);
#3782=AXIS2_PLACEMENT_3D('',#5066,#3972,$);
#3783=AXIS2_PLACEMENT_3D('',#5067,#3973,$);
#3784=AXIS2_PLACEMENT_3D('',#5068,#3974,$);
#3785=AXIS2_PLACEMENT_3D('',#5069,#3975,$);
#3786=AXIS2_PLACEMENT_3D('',#5070,#3976,$);
#3787=AXIS2_PLACEMENT_3D('',#5071,#3977,$);
#3788=AXIS2_PLACEMENT_3D('',#5072,#3978,$);
#3789=AXIS2_PLACEMENT_3D('',#5073,#3979,$);
#3790=AXIS2_PLACEMENT_3D('',#5074,#3980,$);
#3791=AXIS2_PLACEMENT_3D('',#5075,#3981,$);
#3792=AXIS2_PLACEMENT_3D('',#5076,#3982,$);
#3793=AXIS2_PLACEMENT_3D('',#5077,#3983,$);
#3794=AXIS2_PLACEMENT_3D('',#5122,#3984,$);
#3795=AXIS2_PLACEMENT_3D('',#5123,#3985,$);
#3796=AXIS2_PLACEMENT_3D('',#5168,#3986,$);
#3797=AXIS2_PLACEMENT_3D('',#5169,#3987,$);
#3798=AXIS2_PLACEMENT_3D('',#5214,#3988,$);
#3799=AXIS2_PLACEMENT_3D('',#5215,#3989,$);
#3800=AXIS2_PLACEMENT_3D('',#5260,#3990,$);
#3801=AXIS2_PLACEMENT_3D('',#5261,#3991,$);
#3802=AXIS2_PLACEMENT_3D('',#5262,#3992,$);
#3803=AXIS2_PLACEMENT_3D('',#5263,#3993,$);
#3804=AXIS2_PLACEMENT_3D('',#5264,#3994,$);
#3805=AXIS2_PLACEMENT_3D('',#5265,#3995,$);
#3806=AXIS2_PLACEMENT_3D('',#5266,#3996,$);
#3807=AXIS2_PLACEMENT_3D('',#5267,#3997,$);
#3808=AXIS2_PLACEMENT_3D('',#5268,#3998,$);
#3809=AXIS2_PLACEMENT_3D('',#5269,#3999,$);
#3810=AXIS2_PLACEMENT_3D('',#5270,#4000,$);
#3811=AXIS2_PLACEMENT_3D('',#5271,#4001,$);
#3812=AXIS2_PLACEMENT_3D('',#5272,#4002,$);
#3813=AXIS2_PLACEMENT_3D('',#5273,#4003,$);
#3814=AXIS2_PLACEMENT_3D('',#5274,#4004,$);
#3815=AXIS2_PLACEMENT_3D('',#5275,#4005,$);
#3816=AXIS2_PLACEMENT_3D('',#5276,#4006,$);
#3817=AXIS2_PLACEMENT_3D('',#5277,#4007,$);
#3818=AXIS2_PLACEMENT_3D('',#5278,#4008,$);
#3819=AXIS2_PLACEMENT_3D('',#5279,#4009,$);
#3820=AXIS2_PLACEMENT_3D('',#5280,#4010,$);
#3821=AXIS2_PLACEMENT_3D('',#5281,#4011,$);
#3822=AXIS2_PLACEMENT_3D('',#5282,#4012,$);
#3823=AXIS2_PLACEMENT_3D('',#5283,#4013,$);
#3824=AXIS2_PLACEMENT_3D('',#5284,#4014,$);
#3825=AXIS2_PLACEMENT_3D('',#5285,#4015,$);
#3826=AXIS2_PLACEMENT_3D('',#5286,#4016,$);
#3827=AXIS2_PLACEMENT_3D('',#5287,#4017,$);
#3828=AXIS2_PLACEMENT_3D('',#5288,#4018,$);
#3829=AXIS2_PLACEMENT_3D('',#5289,#4019,$);
#3830=AXIS2_PLACEMENT_3D('',#5290,#4020,$);
#3831=AXIS2_PLACEMENT_3D('',#5291,#4021,$);
#3832=AXIS2_PLACEMENT_3D('',#5292,#4022,$);
#3833=AXIS2_PLACEMENT_3D('',#5293,#4023,$);
#3834=AXIS2_PLACEMENT_3D('',#5294,#4024,$);
#3835=AXIS2_PLACEMENT_3D('',#5295,#4025,$);
#3836=AXIS2_PLACEMENT_3D('',#5296,#4026,$);
#3837=AXIS2_PLACEMENT_3D('',#5297,#4027,$);
#3838=AXIS2_PLACEMENT_3D('',#5298,#4028,$);
#3839=AXIS2_PLACEMENT_3D('',#5299,#4029,$);
#3840=AXIS2_PLACEMENT_3D('',#5300,#4030,$);
#3841=AXIS2_PLACEMENT_3D('',#5301,#4031,$);
#3842=AXIS2_PLACEMENT_3D('',#5302,#4032,$);
#3843=AXIS2_PLACEMENT_3D('',#5303,#4033,$);
#3844=AXIS2_PLACEMENT_3D('',#5304,#4034,$);
#3845=AXIS2_PLACEMENT_3D('',#5305,#4035,$);
#3846=AXIS2_PLACEMENT_3D('',#5306,#4036,$);
#3847=AXIS2_PLACEMENT_3D('',#5307,#4037,$);
#3848=AXIS2_PLACEMENT_3D('',#5308,#4038,$);
#3849=AXIS2_PLACEMENT_3D('',#5309,#4039,$);
#3850=AXIS2_PLACEMENT_3D('',#5310,#4040,$);
#3851=AXIS2_PLACEMENT_3D('',#5311,#4041,$);
#3852=AXIS2_PLACEMENT_3D('',#5312,#4042,$);
#3853=AXIS2_PLACEMENT_3D('',#5313,#4043,$);
#3854=AXIS2_PLACEMENT_3D('',#5314,#4044,$);
#3855=AXIS2_PLACEMENT_3D('',#5315,#4045,$);
#3856=AXIS2_PLACEMENT_3D('',#5316,#4046,$);
#3857=AXIS2_PLACEMENT_3D('',#5317,#4047,$);
#3858=AXIS2_PLACEMENT_3D('',#5318,#4048,$);
#3859=AXIS2_PLACEMENT_3D('',#5319,#4049,$);
#3860=AXIS2_PLACEMENT_3D('',#5320,#4050,$);
#3861=AXIS2_PLACEMENT_3D('',#5321,#4051,$);
#3862=AXIS2_PLACEMENT_3D('',#5322,#4052,$);
#3863=AXIS2_PLACEMENT_3D('',#5323,#4053,$);
#3864=AXIS2_PLACEMENT_3D('',#5324,#4054,$);
#3865=AXIS2_PLACEMENT_3D('',#5325,#4055,$);
#3866=AXIS2_PLACEMENT_3D('',#5326,#4056,$);
#3867=AXIS2_PLACEMENT_3D('',#5327,#4057,$);
#3868=AXIS2_PLACEMENT_3D('',#5328,#4058,$);
#3869=AXIS2_PLACEMENT_3D('',#5329,#4059,$);
#3870=AXIS2_PLACEMENT_3D('',#5330,#4060,$);
#3871=AXIS2_PLACEMENT_3D('',#5331,#4061,$);
#3872=AXIS2_PLACEMENT_3D('',#5332,#4062,$);
#3873=AXIS2_PLACEMENT_3D('',#5333,#4063,$);
#3874=AXIS2_PLACEMENT_3D('',#5334,#4064,$);
#3875=AXIS2_PLACEMENT_3D('',#5335,#4065,$);
#3876=AXIS2_PLACEMENT_3D('',#5336,#4066,$);
#3877=AXIS2_PLACEMENT_3D('',#5337,#4067,$);
#3878=AXIS2_PLACEMENT_3D('',#5338,#4068,$);
#3879=AXIS2_PLACEMENT_3D('',#5339,#4069,$);
#3880=AXIS2_PLACEMENT_3D('',#5340,#4070,$);
#3881=AXIS2_PLACEMENT_3D('',#5341,#4071,$);
#3882=AXIS2_PLACEMENT_3D('',#5342,#4072,$);
#3883=AXIS2_PLACEMENT_3D('',#5343,#4073,$);
#3884=AXIS2_PLACEMENT_3D('',#5428,#4074,$);
#3885=AXIS2_PLACEMENT_3D('',#5513,#4075,$);
#3886=AXIS2_PLACEMENT_3D($,#6174,#4076,#4077);
#3887=AXIS2_PLACEMENT_3D($,#6177,#4078,#4079);
#3888=AXIS2_PLACEMENT_3D($,#6180,#4080,#4081);
#3889=AXIS2_PLACEMENT_3D($,#8638,#4082,#4083);
#3890=AXIS2_PLACEMENT_3D($,#8641,#4084,#4085);
#3891=AXIS2_PLACEMENT_3D($,#8802,#4086,#4087);
#3892=AXIS2_PLACEMENT_3D($,#8830,#4088,#4089);
#3893=AXIS2_PLACEMENT_3D($,#8894,#4090,#4091);
#3894=AXIS2_PLACEMENT_3D($,#9250,#4092,#4093);
#3895=AXIS2_PLACEMENT_3D($,#9253,#4094,#4095);
#3896=AXIS2_PLACEMENT_3D($,#9303,#4096,#4097);
#3897=AXIS2_PLACEMENT_3D($,#9306,#4098,#4099);
#3898=AXIS2_PLACEMENT_3D($,#9309,#4100,#4101);
#3899=AXIS2_PLACEMENT_3D($,#9312,#4102,#4103);
#3900=AXIS2_PLACEMENT_3D($,#9540,#4104,#4105);
#3901=AXIS2_PLACEMENT_3D($,#9543,#4106,#4107);
#3902=AXIS2_PLACEMENT_3D($,#9546,#4108,#4109);
#3903=DIRECTION('',(0.,0.,1.));
#3904=DIRECTION('',(1.,0.,0.));
#3905=DIRECTION('',(0.,0.,-1.));
#3906=DIRECTION('',(-4.23425535422099E-16,-1.30316819436988E-15,1.));
#3907=DIRECTION('',(0.,0.,1.));
#3908=DIRECTION('',(1.10854091678631E-15,8.05402733218076E-16,-1.));
#3909=DIRECTION('',(-1.,0.,0.));
#3910=DIRECTION('',(0.,1.,0.));
#3911=DIRECTION('',(0.,-1.,0.));
#3912=DIRECTION('',(0.,-1.,0.));
#3913=DIRECTION('',(0.,1.,0.));
#3914=DIRECTION('',(-0.99999999999972,-7.48878164369416E-7,0.));
#3915=DIRECTION('',(-5.4153093121843E-17,-6.96568036551838E-26,1.));
#3916=DIRECTION('',(3.71106714205442E-13,3.79811147150656E-13,-1.));
#3917=DIRECTION('',(2.13151199008218E-13,-2.17414292605902E-13,1.));
#3918=DIRECTION('',(0.,-1.,0.));
#3919=DIRECTION('',(0.,1.,0.));
#3920=DIRECTION('',(1.,0.,0.));
#3921=DIRECTION('',(-0.707106781186528,-0.707106781186567,0.));
#3922=DIRECTION('',(0.,0.,-1.));
#3923=DIRECTION('',(1.,0.,0.));
#3924=DIRECTION('',(-1.,0.,0.));
#3925=DIRECTION('',(0.707106779193037,0.707106783180058,0.));
#3926=DIRECTION('',(0.707106781186547,-0.707106781186547,0.));
#3927=DIRECTION('',(-2.56421052241113E-17,1.79494736568774E-16,-1.));
#3928=DIRECTION('',(5.96343043021481E-17,2.84500019968098E-31,-1.));
#3929=DIRECTION('',(-1.,0.,0.));
#3930=DIRECTION('',(1.,0.,0.));
#3931=DIRECTION('',(-0.866025403784439,0.499999999999999,1.53837014910685E-15));
#3932=DIRECTION('',(0.866025403784439,-0.499999999999999,3.3147269885071E-15));
#3933=DIRECTION('',(-0.499999999999999,0.866025403784439,8.88178419700124E-16));
#3934=DIRECTION('',(0.499999999999999,-0.866025403784439,-8.88178419700124E-16));
#3935=DIRECTION('',(0.,1.,0.));
#3936=DIRECTION('',(0.,-1.,0.));
#3937=DIRECTION('',(0.500000000000001,0.866025403784438,8.88178419700127E-16));
#3938=DIRECTION('',(-0.500000000000001,-0.866025403784438,0.));
#3939=DIRECTION('',(0.866025403784439,0.499999999999999,0.));
#3940=DIRECTION('',(-0.866025403784439,-0.499999999999999,1.77635683940025E-15));
#3941=DIRECTION('',(1.,0.,0.));
#3942=DIRECTION('',(-1.,0.,0.));
#3943=DIRECTION('',(0.866025403784439,-0.499999999999999,3.3147269885071E-15));
#3944=DIRECTION('',(-0.866025403784439,0.499999999999999,-2.37986690293396E-16));
#3945=DIRECTION('',(0.499999999999999,-0.866025403784439,0.));
#3946=DIRECTION('',(-0.499999999999999,0.866025403784439,0.));
#3947=DIRECTION('',(0.,-1.,0.));
#3948=DIRECTION('',(0.,1.,0.));
#3949=DIRECTION('',(-0.499999999999999,-0.866025403784439,0.));
#3950=DIRECTION('',(0.499999999999999,0.866025403784439,0.));
#3951=DIRECTION('',(-0.866025403784439,-0.499999999999999,3.3147269885071E-15));
#3952=DIRECTION('',(0.866025403784439,0.499999999999999,-2.37986690293396E-16));
#3953=DIRECTION('',(-2.56421052241113E-17,1.79494736568774E-16,-1.));
#3954=DIRECTION('',(-2.56421052241113E-17,1.79494736568774E-16,-1.));
#3955=DIRECTION('',(-2.56421052241113E-17,1.79494736568774E-16,-1.));
#3956=DIRECTION('',(-2.56421052241113E-17,1.79494736568774E-16,-1.));
#3957=DIRECTION('',(-2.56421052241113E-17,1.79494736568774E-16,-1.));
#3958=DIRECTION('',(-2.56421052241113E-17,1.79494736568774E-16,-1.));
#3959=DIRECTION('',(-2.56421052241113E-17,1.79494736568774E-16,-1.));
#3960=DIRECTION('',(-2.56421052241113E-17,1.79494736568774E-16,-1.));
#3961=DIRECTION('',(-2.56421052241113E-17,1.79494736568774E-16,-1.));
#3962=DIRECTION('',(-2.56421052241113E-17,1.79494736568774E-16,-1.));
#3963=DIRECTION('',(-2.56421052241113E-17,1.79494736568774E-16,-1.));
#3964=DIRECTION('',(-6.45796384034476E-17,6.45796384034465E-17,-1.));
#3965=DIRECTION('',(0.,0.,-1.));
#3966=DIRECTION('',(-0.707106781186542,-0.707106781186553,0.));
#3967=DIRECTION('',(0.707106781186549,0.707106781186546,0.));
#3968=DIRECTION('',(-2.80007204859887E-15,6.7757059819742E-16,1.));
#3969=DIRECTION('',(-1.43839940790047E-15,1.43839940790785E-15,1.));
#3970=DIRECTION('',(2.80007204859895E-15,6.77570598197423E-16,-1.));
#3971=DIRECTION('',(1.43839940790047E-15,1.43839940790792E-15,-1.));
#3972=DIRECTION('',(0.,1.,0.));
#3973=DIRECTION('',(0.99999999999972,7.48878156019619E-7,-1.3302748343229E-21));
#3974=DIRECTION('',(-2.02048960356527E-6,-0.999999999997959,-1.79455526311513E-21));
#3975=DIRECTION('',(-2.50973758102738E-13,-2.48943822429081E-13,-1.));
#3976=DIRECTION('',(1.12062568561129E-12,-1.12164217090354E-12,-1.));
#3977=DIRECTION('',(1.71540281768666E-15,1.71540410231482E-15,1.));
#3978=DIRECTION('',(0.,0.,1.));
#3979=DIRECTION('',(0.707106779193037,0.707106783180058,0.));
#3980=DIRECTION('',(-0.707106781186528,-0.707106781186567,0.));
#3981=DIRECTION('',(7.51662515970939E-17,1.96907997003621E-22,1.));
#3982=DIRECTION('',(0.,0.,-1.));
#3983=DIRECTION('',(-4.4753106202001E-28,-7.47939721852567E-15,-1.));
#3984=DIRECTION('',(3.73969860926384E-15,-3.73969860926183E-15,-1.));
#3985=DIRECTION('',(3.73969860926418E-15,-1.12190958277892E-14,-1.));
#3986=DIRECTION('',(0.,0.,1.));
#3987=DIRECTION('',(0.,-7.4793972185297E-15,1.));
#3988=DIRECTION('',(-3.73969860926407E-15,-3.73969860926205E-15,1.));
#3989=DIRECTION('',(-3.73969860926418E-15,-1.12190958277945E-14,1.));
#3990=DIRECTION('',(0.,0.,-1.));
#3991=DIRECTION('',(0.,0.,-1.));
#3992=DIRECTION('',(-3.41400023961719E-31,5.96343043021486E-17,-1.));
#3993=DIRECTION('',(3.41400023961717E-31,-5.96343043021484E-17,-1.));
#3994=DIRECTION('',(2.05492673529171E-16,2.0549267352917E-16,-1.));
#3995=DIRECTION('',(0.,0.,-1.));
#3996=DIRECTION('',(0.,0.,1.));
#3997=DIRECTION('',(0.,0.,1.));
#3998=DIRECTION('',(0.,0.,1.));
#3999=DIRECTION('',(0.,0.,1.));
#4000=DIRECTION('',(0.,0.,1.));
#4001=DIRECTION('',(0.,0.,1.));
#4002=DIRECTION('',(-0.433995759850985,1.32652643714112E-15,0.900914912980891));
#4003=DIRECTION('',(0.134112065280607,-0.412754495450751,0.900914912980891));
#4004=DIRECTION('',(0.,0.,-1.));
#4005=DIRECTION('',(0.,0.,-1.));
#4006=DIRECTION('',(0.,0.,1.));
#4007=DIRECTION('',(0.,0.,1.));
#4008=DIRECTION('',(0.,0.,-1.));
#4009=DIRECTION('',(0.,0.,1.));
#4010=DIRECTION('',(0.,0.,1.));
#4011=DIRECTION('',(0.,0.,-1.));
#4012=DIRECTION('',(0.,0.,1.));
#4013=DIRECTION('',(0.,0.,-1.));
#4014=DIRECTION('',(0.,0.,1.));
#4015=DIRECTION('',(0.,0.,1.));
#4016=DIRECTION('',(0.,0.,1.));
#4017=DIRECTION('',(0.,0.,-1.));
#4018=DIRECTION('',(0.,0.,1.));
#4019=DIRECTION('',(0.,0.,1.));
#4020=DIRECTION('',(0.,0.,-1.));
#4021=DIRECTION('',(0.,0.,1.));
#4022=DIRECTION('',(0.,0.,1.));
#4023=DIRECTION('',(0.,0.,-1.));
#4024=DIRECTION('',(0.,0.,1.));
#4025=DIRECTION('',(0.,0.,-1.));
#4026=DIRECTION('',(0.,0.,1.));
#4027=DIRECTION('',(0.,0.,1.));
#4028=DIRECTION('',(0.,0.,1.));
#4029=DIRECTION('',(0.,0.,-1.));
#4030=DIRECTION('',(0.,0.,1.));
#4031=DIRECTION('',(0.,0.,1.));
#4032=DIRECTION('',(0.,0.,-1.));
#4033=DIRECTION('',(0.,0.,1.));
#4034=DIRECTION('',(0.,0.,1.));
#4035=DIRECTION('',(0.,0.,-1.));
#4036=DIRECTION('',(0.,0.,1.));
#4037=DIRECTION('',(0.,0.,1.));
#4038=DIRECTION('',(0.,0.,-1.));
#4039=DIRECTION('',(0.,0.,1.));
#4040=DIRECTION('',(0.,0.,-1.));
#4041=DIRECTION('',(0.,0.,1.));
#4042=DIRECTION('',(0.,0.,1.));
#4043=DIRECTION('',(0.,0.,-1.));
#4044=DIRECTION('',(0.,0.,1.));
#4045=DIRECTION('',(0.,0.,-1.));
#4046=DIRECTION('',(0.,0.,1.));
#4047=DIRECTION('',(0.,0.,1.));
#4048=DIRECTION('',(7.15152472235714E-16,-4.73695130524152E-15,-1.));
#4049=DIRECTION('',(0.,1.,0.));
#4050=DIRECTION('',(-0.99999999999972,-7.48878164369417E-7,0.));
#4051=DIRECTION('',(0.,-1.,0.));
#4052=DIRECTION('',(7.16263516354525E-16,4.7369514430545E-15,-1.));
#4053=DIRECTION('',(0.,0.,1.));
#4054=DIRECTION('',(0.,0.,-1.));
#4055=DIRECTION('',(0.,0.,-1.));
#4056=DIRECTION('',(0.,0.,-1.));
#4057=DIRECTION('',(0.,0.,-1.));
#4058=DIRECTION('',(0.,0.,-1.));
#4059=DIRECTION('',(0.,0.,1.));
#4060=DIRECTION('',(0.,0.,1.));
#4061=DIRECTION('',(0.,0.,1.));
#4062=DIRECTION('',(5.96343043021481E-17,2.84500019968098E-31,-1.));
#4063=DIRECTION('',(5.96343043021481E-17,2.84500019968098E-31,-1.));
#4064=DIRECTION('',(5.96343043021481E-17,2.84500019968098E-31,-1.));
#4065=DIRECTION('',(5.96343043021481E-17,2.84500019968098E-31,-1.));
#4066=DIRECTION('',(5.96343043021481E-17,2.84500019968098E-31,-1.));
#4067=DIRECTION('',(5.96343043021481E-17,2.84500019968098E-31,-1.));
#4068=DIRECTION('',(5.96343043021481E-17,2.84500019968098E-31,-1.));
#4069=DIRECTION('',(5.96343043021481E-17,2.84500019968098E-31,-1.));
#4070=DIRECTION('',(5.96343043021481E-17,2.84500019968098E-31,-1.));
#4071=DIRECTION('',(5.96343043021481E-17,2.84500019968098E-31,-1.));
#4072=DIRECTION('',(5.96343043021481E-17,2.84500019968098E-31,-1.));
#4073=DIRECTION('',(-1.43839940790047E-15,1.43839940790785E-15,1.));
#4074=DIRECTION('',(-2.80007204859887E-15,6.7757059819742E-16,1.));
#4075=DIRECTION('',(7.51662515970939E-17,1.96907997003621E-22,1.));
#4076=DIRECTION('',(-3.72913550051109E-13,-3.76288909840391E-13,1.));
#4077=DIRECTION('',(-0.99999999999972,-7.48878119338781E-7,-3.73034936274058E-13));
#4078=DIRECTION('',(2.17907955321856E-13,-2.17374885482668E-13,1.));
#4079=DIRECTION('',(-1.13686837721613E-14,1.,2.17426077142586E-13));
#4080=DIRECTION('',(2.14992207358836E-13,-2.19432935128742E-13,1.));
#4081=DIRECTION('',(3.41060513164864E-14,1.,2.19380069665941E-13));
#4082=DIRECTION('',(0.,0.,1.));
#4083=DIRECTION('',(-0.707106781186519,0.707106781186576,0.));
#4084=DIRECTION('',(0.,0.,1.));
#4085=DIRECTION('',(-0.707106781186519,0.707106781186576,0.));
#4086=DIRECTION('',(-2.39539833906913E-15,2.7848306649017E-15,-1.));
#4087=DIRECTION('',(0.295655420747072,0.955294652022543,0.));
#4088=DIRECTION('',(-1.46335300645898E-15,-7.34944226185037E-15,1.));
#4089=DIRECTION('',(-1.79653928474509E-7,-0.999999999999984,-7.10542735760197E-15));
#4090=DIRECTION('',(2.60358190252449E-15,8.27225682614709E-16,1.));
#4091=DIRECTION('',(-0.99999999999972,-7.48878164813465E-7,2.48689957516022E-15));
#4092=DIRECTION('',(-2.41307355955626E-13,-2.42068833023921E-13,-1.));
#4093=DIRECTION('',(-2.11132698625817E-13,-1.,2.42345825946701E-13));
#4094=DIRECTION('',(1.08065535989675E-12,-1.08319438479867E-12,-1.));
#4095=DIRECTION('',(-0.99999999999972,-7.48878132331535E-7,-1.08053248888087E-12));
#4096=DIRECTION('',(0.,0.,1.));
#4097=DIRECTION('',(-0.99999999999972,-7.488782102882E-7,0.));
#4098=DIRECTION('',(-3.4308020018992E-15,3.43079943264744E-15,1.));
#4099=DIRECTION('',(2.27373675443242E-14,1.,-4.2632564145608E-15));
#4100=DIRECTION('',(-2.40156394476116E-13,-2.40156574324061E-13,-1.));
#4101=DIRECTION('',(4.87229304521243E-14,-1.,2.39554408056278E-13));
#4102=DIRECTION('',(1.08171396334839E-12,-1.07968521828722E-12,-1.));
#4103=DIRECTION('',(-0.99999999999972,-7.48878132331523E-7,-1.08205508045748E-12));
#4104=DIRECTION('',(0.,0.,1.));
#4105=DIRECTION('',(0.707106781186567,-0.707106781186529,0.));
#4106=DIRECTION('',(0.,0.,1.));
#4107=DIRECTION('',(0.707106781186567,-0.707106781186529,0.));
#4108=DIRECTION('',(0.,0.,1.));
#4109=DIRECTION('',(1.,0.,0.));
#4110=CARTESIAN_POINT('',(0.,0.,0.));
#4111=CARTESIAN_POINT('',(926.005756631604,-1939.58431790145,30.8669295839049));
#4112=CARTESIAN_POINT('',(926.005754467486,-1939.58431501958,30.8669295839048));
#4113=CARTESIAN_POINT('',(926.005839714541,-1939.58437826475,30.8669295839049));
#4114=CARTESIAN_POINT('',(926.00584312413,-1939.58437943239,30.8669295839048));
#4115=CARTESIAN_POINT('',(808.33558972307,-1849.77205637147,75.8669295839049));
#4116=CARTESIAN_POINT('',(808.33558972307,-1828.77205637147,75.8669295839049));
#4117=CARTESIAN_POINT('',(829.33558972307,-1849.77205637147,75.8669295839049));
#4118=CARTESIAN_POINT('',(780.305874645148,-2070.79437807203,10.8669295839049));
#4119=CARTESIAN_POINT('',(926.005776048323,-1808.37437807203,10.8669295839049));
#4120=CARTESIAN_POINT('',(780.30567812454,-1808.37437807203,10.8669295839049));
#4121=CARTESIAN_POINT('',(926.005776384844,-1939.58437807203,43.3669295839049));
#4122=CARTESIAN_POINT('',(790.305867156369,-2060.79437807203,13.3669295839087));
#4123=CARTESIAN_POINT('',(790.305685613325,-1818.37437807203,13.3669295839027));
#4124=CARTESIAN_POINT('',(811.33558972307,-1831.77205637147,75.8669295839049));
#4125=CARTESIAN_POINT('',(826.33558972307,-1846.77205637147,75.8669295839049));
#4126=CARTESIAN_POINT('',(811.33558972307,-1846.77205637147,75.8669295839049));
#4127=CARTESIAN_POINT('',(829.33558972307,-1828.77205637147,25.8669295839049));
#4128=CARTESIAN_POINT('',(926.005776092372,-1939.58437807203,19.3669295839049));
#4129=CARTESIAN_POINT('',(829.33558972307,-1828.77205637147,75.8669295839049));
#4130=CARTESIAN_POINT('',(826.33558972307,-1831.77205637147,75.8669295839049));
#4131=CARTESIAN_POINT('',(918.934708573084,-1946.655445884,25.8669295839049));
#4132=CARTESIAN_POINT('',(815.193454099341,-1842.9141919952,25.8669295839049));
#4133=CARTESIAN_POINT('',(926.005776384843,-1939.58437807312,30.8669295839049));
#4134=CARTESIAN_POINT('',(926.005776384843,-1939.58437807312,18.9568970638159));
#4135=CARTESIAN_POINT('',(928.005776385932,-2017.85047341858,20.8669295839049));
#4136=CARTESIAN_POINT('',(924.005776385932,-1989.86828272548,20.8669295839049));
#4137=CARTESIAN_POINT('',(888.604779520081,-2008.3648048977,20.8669295839049));
#4138=CARTESIAN_POINT('',(899.131773251491,-1982.13151690394,20.8669295839049));
#4139=CARTESIAN_POINT('',(859.225349560262,-1980.44947655381,20.8669295839049));
#4140=CARTESIAN_POINT('',(881.458637554024,-1962.99427959213,20.8669295839049));
#4141=CARTESIAN_POINT('',(847.739681038295,-1941.58437807312,20.8669295839049));
#4142=CARTESIAN_POINT('',(875.721871731392,-1937.58437807312,20.8669295839049));
#4143=CARTESIAN_POINT('',(857.225349559174,-1902.18338120726,20.8669295839049));
#4144=CARTESIAN_POINT('',(883.458637552936,-1912.71037493868,20.8669295839049));
#4145=CARTESIAN_POINT('',(885.140677903059,-1872.80395124745,20.8669295839049));
#4146=CARTESIAN_POINT('',(902.595874864745,-1895.03723924121,20.8669295839049));
#4147=CARTESIAN_POINT('',(924.005776383757,-1861.31828272548,20.8669295839049));
#4148=CARTESIAN_POINT('',(928.005776383757,-1889.30047341858,20.8669295839049));
#4149=CARTESIAN_POINT('',(963.406773249608,-1870.80395124636,20.8669295839049));
#4150=CARTESIAN_POINT('',(952.879779518198,-1897.03723924012,20.8669295839049));
#4151=CARTESIAN_POINT('',(992.786203209427,-1898.71927959024,20.8669295839049));
#4152=CARTESIAN_POINT('',(970.552915215665,-1916.17447655193,20.8669295839049));
#4153=CARTESIAN_POINT('',(1004.27187173139,-1937.58437807094,20.8669295839049));
#4154=CARTESIAN_POINT('',(976.289681038297,-1941.58437807094,20.8669295839049));
#4155=CARTESIAN_POINT('',(994.786203210516,-1976.98537493679,20.8669295839049));
#4156=CARTESIAN_POINT('',(968.552915216753,-1966.45838120538,20.8669295839049));
#4157=CARTESIAN_POINT('',(966.87087486663,-2006.36480489661,20.8669295839049));
#4158=CARTESIAN_POINT('',(949.415677904944,-1984.13151690285,20.8669295839049));
#4159=CARTESIAN_POINT('',(926.005776384843,-1939.58437807312,30.8669295839049));
#4160=CARTESIAN_POINT('',(926.005776384843,-1939.58437807312,30.8669295839049));
#4161=CARTESIAN_POINT('',(926.005776384843,-1939.58437807312,30.8669295839049));
#4162=CARTESIAN_POINT('',(926.005776384843,-1939.58437807312,30.8669295839049));
#4163=CARTESIAN_POINT('',(926.005776384843,-1939.58437807312,30.8669295839049));
#4164=CARTESIAN_POINT('',(926.005776384843,-1939.58437807312,30.8669295839049));
#4165=CARTESIAN_POINT('',(926.005776384843,-1939.58437807312,30.8669295839049));
#4166=CARTESIAN_POINT('',(926.005776384843,-1939.58437807312,30.8669295839049));
#4167=CARTESIAN_POINT('',(926.005776384843,-1939.58437807312,30.8669295839049));
#4168=CARTESIAN_POINT('',(926.005776384843,-1939.58437807312,30.8669295839049));
#4169=CARTESIAN_POINT('',(926.005776384843,-1939.58437807312,30.8669295839049));
#4170=CARTESIAN_POINT('',(927.141226570642,-2008.85010993797,32.5669295839049));
#4171=CARTESIAN_POINT('',(927.020973657725,-2008.85208231684,32.5669295839049));
#4172=CARTESIAN_POINT('',(922.956868875367,-2008.90813924325,32.5669295839049));
#4173=CARTESIAN_POINT('',(913.502094008303,-2008.20551665091,32.5669295839049));
#4174=CARTESIAN_POINT('',(901.172494924062,-2004.71291085515,32.5669295839049));
#4175=CARTESIAN_POINT('',(893.307170367369,-2000.75059069426,32.5669295839049));
#4176=CARTESIAN_POINT('',(890.389801382441,-1999.00206357909,32.5669295839049));
#4177=CARTESIAN_POINT('',(927.141226570641,-2008.85010993797,35.5669295839049));
#4178=CARTESIAN_POINT('',(927.020973657724,-2008.85208231684,35.5669295839049));
#4179=CARTESIAN_POINT('',(922.956868875367,-2008.90813924325,35.566929583905));
#4180=CARTESIAN_POINT('',(913.502094008304,-2008.20551665091,35.5669295839049));
#4181=CARTESIAN_POINT('',(901.172494924062,-2004.71291085515,35.5669295839049));
#4182=CARTESIAN_POINT('',(893.307170367369,-2000.75059069426,35.5669295839049));
#4183=CARTESIAN_POINT('',(890.389801382441,-1999.00206357909,35.5669295839049));
#4184=CARTESIAN_POINT('',(927.092055567291,-2005.85051186025,35.5669295839049));
#4185=CARTESIAN_POINT('',(926.977010405894,-2005.85239881943,35.5669295839049));
#4186=CARTESIAN_POINT('',(923.088908219058,-2005.90602796661,35.5669295839049));
#4187=CARTESIAN_POINT('',(914.043570399923,-2005.23382878378,35.5669295839049));
#4188=CARTESIAN_POINT('',(902.247918741547,-2001.89247833919,35.5669295839049));
#4189=CARTESIAN_POINT('',(894.723208350833,-1998.10174851754,35.5669295839049));
#4190=CARTESIAN_POINT('',(891.932177421152,-1996.42894178246,35.5669295839049));
#4191=CARTESIAN_POINT('',(892.356016102749,-2000.13832503937,32.5669295839049));
#4192=CARTESIAN_POINT('',(892.250889360082,-2000.07990757433,32.5669295839049));
#4193=CARTESIAN_POINT('',(886.643903844857,-1996.94494385867,32.5669295839049));
#4194=CARTESIAN_POINT('',(878.707216888499,-1990.9251125802,32.5669295839048));
#4195=CARTESIAN_POINT('',(870.460942522743,-1981.34147601609,32.5669295839049));
#4196=CARTESIAN_POINT('',(866.963953705621,-1975.93856044699,32.5669295839049));
#4197=CARTESIAN_POINT('',(865.510535823473,-1973.33911772931,32.5669295839049));
#4198=CARTESIAN_POINT('',(865.452122391221,-1973.23400177772,32.5669295839049));
#4199=CARTESIAN_POINT('',(892.356016102749,-2000.13832503937,35.5669295839049));
#4200=CARTESIAN_POINT('',(892.250889360081,-2000.07990757433,35.5669295839049));
#4201=CARTESIAN_POINT('',(886.643903844856,-1996.94494385867,35.5669295839049));
#4202=CARTESIAN_POINT('',(878.707216888498,-1990.92511258019,35.5669295839048));
#4203=CARTESIAN_POINT('',(870.460942522743,-1981.34147601609,35.5669295839049));
#4204=CARTESIAN_POINT('',(866.963953705619,-1975.93856044699,35.5669295839049));
#4205=CARTESIAN_POINT('',(865.510535823472,-1973.33911772931,35.5669295839048));
#4206=CARTESIAN_POINT('',(865.45212239122,-1973.23400177772,35.5669295839048));
#4207=CARTESIAN_POINT('',(893.813245274387,-1997.51599761731,35.5669295839049));
#4208=CARTESIAN_POINT('',(893.712671083851,-1997.46010993456,35.5669295839049));
#4209=CARTESIAN_POINT('',(888.348498008173,-1994.46090649656,35.5669295839049));
#4210=CARTESIAN_POINT('',(880.755502360232,-1988.70175920959,35.5669295839049));
#4211=CARTESIAN_POINT('',(872.86635897202,-1979.53316786091,35.5669295839049));
#4212=CARTESIAN_POINT('',(869.520797129366,-1974.36421365073,35.5669295839049));
#4213=CARTESIAN_POINT('',(868.130319364771,-1971.87734028281,35.5669295839049));
#4214=CARTESIAN_POINT('',(868.074435527404,-1971.77677640635,35.5669295839049));
#4215=CARTESIAN_POINT('',(866.588090879228,-1975.20035307611,32.5669295839049));
#4216=CARTESIAN_POINT('',(864.839563763906,-1972.282984091,32.5669295839049));
#4217=CARTESIAN_POINT('',(860.87724360298,-1964.41765953433,32.5669295839049));
#4218=CARTESIAN_POINT('',(857.384637807197,-1952.08806045024,32.5669295839049));
#4219=CARTESIAN_POINT('',(856.682015214763,-1942.63328558355,32.5669295839049));
#4220=CARTESIAN_POINT('',(856.738072141098,-1938.56918080132,32.5669295839049));
#4221=CARTESIAN_POINT('',(856.740044519972,-1938.44892788841,32.5669295839049));
#4222=CARTESIAN_POINT('',(866.588090879229,-1975.20035307611,35.566929583905));
#4223=CARTESIAN_POINT('',(864.839563763907,-1972.282984091,35.566929583905));
#4224=CARTESIAN_POINT('',(860.87724360298,-1964.41765953433,35.5669295839049));
#4225=CARTESIAN_POINT('',(857.384637807195,-1952.08806045024,35.566929583905));
#4226=CARTESIAN_POINT('',(856.682015214763,-1942.63328558355,35.5669295839049));
#4227=CARTESIAN_POINT('',(856.738072141098,-1938.56918080132,35.5669295839049));
#4228=CARTESIAN_POINT('',(856.740044519972,-1938.44892788841,35.5669295839049));
#4229=CARTESIAN_POINT('',(869.16121267584,-1973.65797703737,35.5669295839048));
#4230=CARTESIAN_POINT('',(867.488405940618,-1970.86694610752,35.5669295839048));
#4231=CARTESIAN_POINT('',(863.697676118926,-1963.34223571683,35.5669295839049));
#4232=CARTESIAN_POINT('',(860.356325674322,-1951.5465840586,35.5669295839049));
#4233=CARTESIAN_POINT('',(859.684126491392,-1942.50124623982,35.5669295839049));
#4234=CARTESIAN_POINT('',(859.737755638512,-1938.61314405311,35.5669295839049));
#4235=CARTESIAN_POINT('',(859.739642597695,-1938.49809889171,35.5669295839049));
#4236=CARTESIAN_POINT('',(856.740044519971,-1940.71982825789,32.5669295839048));
#4237=CARTESIAN_POINT('',(856.738072141098,-1940.59957534495,32.5669295839048));
#4238=CARTESIAN_POINT('',(856.68201521476,-1936.5354705627,32.5669295839048));
#4239=CARTESIAN_POINT('',(857.384637807197,-1927.08069569599,32.5669295839048));
#4240=CARTESIAN_POINT('',(860.877243602953,-1914.751096612,32.5669295839049));
#4241=CARTESIAN_POINT('',(864.839563763819,-1906.8857720554,32.5669295839049));
#4242=CARTESIAN_POINT('',(866.588090879079,-1903.96840307037,32.5669295839049));
#4243=CARTESIAN_POINT('',(856.740044519972,-1940.71982825789,35.5669295839049));
#4244=CARTESIAN_POINT('',(856.738072141098,-1940.59957534495,35.5669295839049));
#4245=CARTESIAN_POINT('',(856.682015214761,-1936.5354705627,35.5669295839049));
#4246=CARTESIAN_POINT('',(857.384637807194,-1927.08069569599,35.5669295839049));
#4247=CARTESIAN_POINT('',(860.877243602954,-1914.751096612,35.5669295839049));
#4248=CARTESIAN_POINT('',(864.839563763819,-1906.8857720554,35.5669295839049));
#4249=CARTESIAN_POINT('',(866.588090879079,-1903.96840307037,35.5669295839049));
#4250=CARTESIAN_POINT('',(859.739642597695,-1940.67065725458,35.5669295839048));
#4251=CARTESIAN_POINT('',(859.737755638511,-1940.55561209316,35.5669295839048));
#4252=CARTESIAN_POINT('',(859.68412649139,-1936.66750990643,35.5669295839048));
#4253=CARTESIAN_POINT('',(860.356325674322,-1927.62217208764,35.5669295839049));
#4254=CARTESIAN_POINT('',(863.6976761189,-1915.8265204295,35.5669295839049));
#4255=CARTESIAN_POINT('',(867.488405940534,-1908.30181003888,35.5669295839049));
#4256=CARTESIAN_POINT('',(869.161212675696,-1905.5107791091,35.5669295839049));
#4257=CARTESIAN_POINT('',(865.451829418779,-1905.93461779067,32.5669295839049));
#4258=CARTESIAN_POINT('',(865.510246883819,-1905.82949104801,32.5669295839049));
#4259=CARTESIAN_POINT('',(868.645210599451,-1900.22250553292,32.5669295839049));
#4260=CARTESIAN_POINT('',(874.665041877814,-1892.28581857675,32.5669295839049));
#4261=CARTESIAN_POINT('',(884.248678441698,-1884.03954421115,32.5669295839048));
#4262=CARTESIAN_POINT('',(889.651594010567,-1880.54255539415,32.5669295839049));
#4263=CARTESIAN_POINT('',(892.25103672807,-1879.08913751207,32.5669295839049));
#4264=CARTESIAN_POINT('',(892.356152679548,-1879.03072407988,32.5669295839049));
#4265=CARTESIAN_POINT('',(865.45182941878,-1905.93461779067,35.5669295839049));
#4266=CARTESIAN_POINT('',(865.51024688382,-1905.82949104801,35.5669295839049));
#4267=CARTESIAN_POINT('',(868.645210599452,-1900.22250553292,35.5669295839049));
#4268=CARTESIAN_POINT('',(874.665041877813,-1892.28581857675,35.5669295839049));
#4269=CARTESIAN_POINT('',(884.248678441699,-1884.03954421115,35.5669295839049));
#4270=CARTESIAN_POINT('',(889.651594010567,-1880.54255539415,35.5669295839049));
#4271=CARTESIAN_POINT('',(892.251036728069,-1879.08913751207,35.5669295839049));
#4272=CARTESIAN_POINT('',(892.356152679548,-1879.03072407988,35.5669295839049));
#4273=CARTESIAN_POINT('',(868.07415684084,-1907.39184696233,35.5669295839049));
#4274=CARTESIAN_POINT('',(868.130044523586,-1907.29127277179,35.5669295839049));
#4275=CARTESIAN_POINT('',(871.129247961557,-1901.92709969624,35.5669295839049));
#4276=CARTESIAN_POINT('',(876.888395248415,-1894.33410404849,35.5669295839049));
#4277=CARTESIAN_POINT('',(886.056986596891,-1886.44496066043,35.5669295839049));
#4278=CARTESIAN_POINT('',(891.225940806836,-1883.09939881788,35.5669295839049));
#4279=CARTESIAN_POINT('',(893.7128141746,-1881.70892105335,35.5669295839049));
#4280=CARTESIAN_POINT('',(893.813378050949,-1881.65303721605,35.5669295839049));
#4281=CARTESIAN_POINT('',(890.389801381508,-1880.16669256771,32.5669295839049));
#4282=CARTESIAN_POINT('',(893.30717036672,-1878.4181654523,32.5669295839049));
#4283=CARTESIAN_POINT('',(901.172494923295,-1874.45584529139,32.5669295839049));
#4284=CARTESIAN_POINT('',(913.502094007136,-1870.96323949562,32.5669295839049));
#4285=CARTESIAN_POINT('',(922.956868873476,-1870.26061690308,32.5669295839049));
#4286=CARTESIAN_POINT('',(927.0209736556,-1870.31667382936,32.5669295839049));
#4287=CARTESIAN_POINT('',(927.141226568543,-1870.31864620823,32.5669295839049));
#4288=CARTESIAN_POINT('',(890.389801381508,-1880.16669256771,35.5669295839049));
#4289=CARTESIAN_POINT('',(893.307170366721,-1878.4181654523,35.5669295839049));
#4290=CARTESIAN_POINT('',(901.172494923297,-1874.45584529139,35.5669295839049));
#4291=CARTESIAN_POINT('',(913.502094007136,-1870.96323949561,35.5669295839049));
#4292=CARTESIAN_POINT('',(922.956868873475,-1870.26061690308,35.5669295839048));
#4293=CARTESIAN_POINT('',(927.020973655599,-1870.31667382936,35.5669295839048));
#4294=CARTESIAN_POINT('',(927.141226568542,-1870.31864620823,35.5669295839048));
#4295=CARTESIAN_POINT('',(891.93217742026,-1882.73981436431,35.5669295839049));
#4296=CARTESIAN_POINT('',(894.723208350212,-1881.06700762901,35.5669295839049));
#4297=CARTESIAN_POINT('',(902.247918740813,-1877.27627780733,35.5669295839049));
#4298=CARTESIAN_POINT('',(914.043570398807,-1873.93492736273,35.5669295839049));
#4299=CARTESIAN_POINT('',(923.088908217248,-1873.26272817971,35.5669295839049));
#4300=CARTESIAN_POINT('',(926.977010403861,-1873.31635732677,35.5669295839049));
#4301=CARTESIAN_POINT('',(927.092055565283,-1873.31824428595,35.5669295839049));
#4302=CARTESIAN_POINT('',(924.870326198713,-1870.31864620827,32.5669295839049));
#4303=CARTESIAN_POINT('',(924.990579111741,-1870.31667382939,32.5669295839049));
#4304=CARTESIAN_POINT('',(929.054683894209,-1870.26061690298,32.5669295839049));
#4305=CARTESIAN_POINT('',(938.509458761382,-1870.96323949533,32.5669295839048));
#4306=CARTESIAN_POINT('',(950.839057845273,-1874.45584529099,32.5669295839049));
#4307=CARTESIAN_POINT('',(958.704382401669,-1878.41816545164,32.5669295839049));
#4308=CARTESIAN_POINT('',(961.621751386315,-1880.16669256659,32.5669295839049));
#4309=CARTESIAN_POINT('',(924.870326198716,-1870.31864620827,35.5669295839049));
#4310=CARTESIAN_POINT('',(924.990579111744,-1870.31667382939,35.5669295839049));
#4311=CARTESIAN_POINT('',(929.054683894212,-1870.26061690298,35.5669295839049));
#4312=CARTESIAN_POINT('',(938.509458761385,-1870.96323949532,35.5669295839049));
#4313=CARTESIAN_POINT('',(950.839057845273,-1874.45584529098,35.5669295839048));
#4314=CARTESIAN_POINT('',(958.704382401669,-1878.41816545164,35.5669295839049));
#4315=CARTESIAN_POINT('',(961.621751386315,-1880.16669256659,35.5669295839049));
#4316=CARTESIAN_POINT('',(924.919497202081,-1873.31824428599,35.5669295839049));
#4317=CARTESIAN_POINT('',(925.034542363584,-1873.3163573268,35.5669295839049));
#4318=CARTESIAN_POINT('',(928.922644550525,-1873.26272817961,35.5669295839049));
#4319=CARTESIAN_POINT('',(937.967982369763,-1873.93492736246,35.5669295839049));
#4320=CARTESIAN_POINT('',(949.763634027804,-1877.27627780694,35.5669295839049));
#4321=CARTESIAN_POINT('',(957.288344418233,-1881.06700762838,35.5669295839049));
#4322=CARTESIAN_POINT('',(960.079375347643,-1882.73981436324,35.5669295839049));
#4323=CARTESIAN_POINT('',(959.655536665988,-1879.03043110633,32.5669295839049));
#4324=CARTESIAN_POINT('',(959.760663408657,-1879.08884857137,32.5669295839049));
#4325=CARTESIAN_POINT('',(965.367648924247,-1882.22381228712,32.5669295839049));
#4326=CARTESIAN_POINT('',(973.304335880627,-1888.24364356552,32.5669295839049));
#4327=CARTESIAN_POINT('',(981.550610246287,-1897.82728012934,32.5669295839049));
#4328=CARTESIAN_POINT('',(985.047599063116,-1903.23019569773,32.5669295839049));
#4329=CARTESIAN_POINT('',(986.501016945167,-1905.82963841504,32.5669295839049));
#4330=CARTESIAN_POINT('',(986.559430377359,-1905.93475436652,32.5669295839049));
#4331=CARTESIAN_POINT('',(959.655536665989,-1879.03043110633,35.5669295839049));
#4332=CARTESIAN_POINT('',(959.760663408657,-1879.08884857137,35.5669295839049));
#4333=CARTESIAN_POINT('',(965.367648924247,-1882.22381228712,35.5669295839049));
#4334=CARTESIAN_POINT('',(973.304335880629,-1888.24364356552,35.5669295839049));
#4335=CARTESIAN_POINT('',(981.550610246288,-1897.82728012934,35.5669295839049));
#4336=CARTESIAN_POINT('',(985.047599063117,-1903.23019569773,35.5669295839049));
#4337=CARTESIAN_POINT('',(986.501016945168,-1905.82963841504,35.5669295839049));
#4338=CARTESIAN_POINT('',(986.559430377359,-1905.93475436652,35.5669295839049));
#4339=CARTESIAN_POINT('',(958.19830749439,-1881.65275852842,35.5669295839048));
#4340=CARTESIAN_POINT('',(958.298881684928,-1881.70864621117,35.5669295839048));
#4341=CARTESIAN_POINT('',(963.663054760955,-1884.70784964925,35.5669295839049));
#4342=CARTESIAN_POINT('',(971.256050408917,-1890.46699693614,35.5669295839048));
#4343=CARTESIAN_POINT('',(979.145193797038,-1899.63558828456,35.5669295839049));
#4344=CARTESIAN_POINT('',(982.490755639412,-1904.80454249404,35.5669295839049));
#4345=CARTESIAN_POINT('',(983.881233403915,-1907.29141586163,35.5669295839049));
#4346=CARTESIAN_POINT('',(983.937117241223,-1907.39197973798,35.5669295839049));
#4347=CARTESIAN_POINT('',(985.423676303754,-1903.96833003964,32.5669295839049));
#4348=CARTESIAN_POINT('',(986.34907706271,-1905.51209307883,32.5669295839049));
#4349=CARTESIAN_POINT('',(989.088769859607,-1910.51356906207,32.5669295839049));
#4350=CARTESIAN_POINT('',(993.70350757597,-1922.14584245561,32.5669295839049));
#4351=CARTESIAN_POINT('',(995.283577103299,-1932.81306541687,32.5669295839049));
#4352=CARTESIAN_POINT('',(995.280776384843,-1939.58437807312,32.5669295839049));
#4353=CARTESIAN_POINT('',(995.280800272518,-1939.9629133266,32.5669295839049));
#4354=CARTESIAN_POINT('',(995.277709797686,-1940.341447801,32.5669295839049));
#4355=CARTESIAN_POINT('',(995.271509922471,-1940.7199308399,32.5669295839049));
#4356=CARTESIAN_POINT('',(985.423676303755,-1903.96833003964,35.5669295839049));
#4357=CARTESIAN_POINT('',(986.349077062711,-1905.51209307883,35.5669295839049));
#4358=CARTESIAN_POINT('',(989.088769859608,-1910.51356906208,35.5669295839049));
#4359=CARTESIAN_POINT('',(993.703507575974,-1922.1458424556,35.5669295839049));
#4360=CARTESIAN_POINT('',(995.283577103295,-1932.81306541688,35.5669295839048));
#4361=CARTESIAN_POINT('',(995.280776384849,-1939.58437807312,35.5669295839049));
#4362=CARTESIAN_POINT('',(995.280800272522,-1939.9629133266,35.5669295839049));
#4363=CARTESIAN_POINT('',(995.277709797689,-1940.341447801,35.5669295839049));
#4364=CARTESIAN_POINT('',(995.271509922473,-1940.7199308399,35.5669295839049));
#4365=CARTESIAN_POINT('',(982.850545623617,-1905.51071031391,35.5669295839049));
#4366=CARTESIAN_POINT('',(983.735872117583,-1906.9876210766,35.5669295839049));
#4367=CARTESIAN_POINT('',(986.35692245313,-1911.7725073868,35.5669295839049));
#4368=CARTESIAN_POINT('',(990.771804475157,-1922.90100917346,35.5669295839049));
#4369=CARTESIAN_POINT('',(992.2834593781,-1933.10631980716,35.5669295839048));
#4370=CARTESIAN_POINT('',(992.280776384849,-1939.58437807312,35.5669295839049));
#4371=CARTESIAN_POINT('',(992.280799125163,-1939.9465202452,35.5669295839049));
#4372=CARTESIAN_POINT('',(992.27784242854,-1940.30866156307,35.5669295839049));
#4373=CARTESIAN_POINT('',(992.271911023767,-1940.6707536394,35.5669295839049));
#4374=CARTESIAN_POINT('',(995.271509922399,-1938.44882530198,32.5669295839049));
#4375=CARTESIAN_POINT('',(995.277709797662,-1938.82730834233,32.5669295839049));
#4376=CARTESIAN_POINT('',(995.280800272518,-1939.20584281818,32.5669295839049));
#4377=CARTESIAN_POINT('',(995.280776384843,-1939.58437807312,32.5669295839049));
#4378=CARTESIAN_POINT('',(995.283577103299,-1946.35569072896,32.5669295839049));
#4379=CARTESIAN_POINT('',(993.703507576198,-1957.02291368931,32.5669295839049));
#4380=CARTESIAN_POINT('',(989.088769860683,-1968.65518708168,32.5669295839049));
#4381=CARTESIAN_POINT('',(986.349077064507,-1973.6566630642,32.5669295839049));
#4382=CARTESIAN_POINT('',(985.423676305878,-1975.20042610305,32.5669295839049));
#4383=CARTESIAN_POINT('',(995.271509922609,-1938.44882530192,35.5669295839049));
#4384=CARTESIAN_POINT('',(995.277709797933,-1938.82730834228,35.5669295839049));
#4385=CARTESIAN_POINT('',(995.280800272862,-1939.20584281814,35.566929583905));
#4386=CARTESIAN_POINT('',(995.280776385274,-1939.58437807312,35.566929583905));
#4387=CARTESIAN_POINT('',(995.283577102903,-1946.3556907283,35.5669295839048));
#4388=CARTESIAN_POINT('',(993.703507576324,-1957.0229136902,35.5669295839049));
#4389=CARTESIAN_POINT('',(989.088769860698,-1968.65518708147,35.5669295839048));
#4390=CARTESIAN_POINT('',(986.349077064532,-1973.65666306403,35.5669295839049));
#4391=CARTESIAN_POINT('',(985.423676305898,-1975.20042610294,35.5669295839049));
#4392=CARTESIAN_POINT('',(992.271911023906,-1938.49800250267,35.5669295839049));
#4393=CARTESIAN_POINT('',(992.277842428785,-1938.86009458039,35.5669295839049));
#4394=CARTESIAN_POINT('',(992.280799125502,-1939.22223589965,35.5669295839049));
#4395=CARTESIAN_POINT('',(992.280776385274,-1939.58437807312,35.5669295839049));
#4396=CARTESIAN_POINT('',(992.28345937771,-1946.0624363387,35.5669295839049));
#4397=CARTESIAN_POINT('',(990.771804475579,-1956.26774697152,35.5669295839049));
#4398=CARTESIAN_POINT('',(986.356922454131,-1967.39624875706,35.5669295839049));
#4399=CARTESIAN_POINT('',(983.735872119282,-1972.18113506657,35.5669295839049));
#4400=CARTESIAN_POINT('',(982.850545625636,-1973.65804582893,35.5669295839049));
#4401=CARTESIAN_POINT('',(986.559723352245,-1973.23413835315,32.5669295839049));
#4402=CARTESIAN_POINT('',(986.501305887069,-1973.33926509607,32.5669295839049));
#4403=CARTESIAN_POINT('',(983.366342171176,-1978.94625061207,32.566929583905));
#4404=CARTESIAN_POINT('',(977.346510892494,-1986.88293756888,32.566929583905));
#4405=CARTESIAN_POINT('',(967.762874328451,-1995.1292119347,32.5669295839049));
#4406=CARTESIAN_POINT('',(962.359958759936,-1998.62620075157,32.5669295839049));
#4407=CARTESIAN_POINT('',(959.76051604257,-2000.07961863363,32.5669295839049));
#4408=CARTESIAN_POINT('',(959.655400091093,-2000.13803206582,32.5669295839049));
#4409=CARTESIAN_POINT('',(986.559723352246,-1973.23413835315,35.5669295839049));
#4410=CARTESIAN_POINT('',(986.50130588707,-1973.33926509607,35.5669295839049));
#4411=CARTESIAN_POINT('',(983.366342171178,-1978.94625061207,35.5669295839049));
#4412=CARTESIAN_POINT('',(977.346510892494,-1986.88293756888,35.5669295839049));
#4413=CARTESIAN_POINT('',(967.762874328452,-1995.1292119347,35.5669295839049));
#4414=CARTESIAN_POINT('',(962.359958759936,-1998.62620075157,35.5669295839049));
#4415=CARTESIAN_POINT('',(959.76051604257,-2000.07961863363,35.5669295839049));
#4416=CARTESIAN_POINT('',(959.655400091093,-2000.13803206582,35.5669295839049));
#4417=CARTESIAN_POINT('',(983.937395930128,-1971.7769091816,35.5669295839049));
#4418=CARTESIAN_POINT('',(983.881508247252,-1971.87748337238,35.5669295839049));
#4419=CARTESIAN_POINT('',(980.882304809031,-1977.2416564488,35.5669295839049));
#4420=CARTESIAN_POINT('',(975.123157521864,-1984.83465209717,35.5669295839049));
#4421=CARTESIAN_POINT('',(965.95456617324,-1992.72379548544,35.5669295839049));
#4422=CARTESIAN_POINT('',(960.785611963631,-1996.06935732786,35.5669295839049));
#4423=CARTESIAN_POINT('',(958.298738595998,-1997.45983509237,35.5669295839049));
#4424=CARTESIAN_POINT('',(958.19817471965,-1997.51571892968,35.5669295839049));
#4425=CARTESIAN_POINT('',(961.621751389115,-1999.00206357797,32.5669295839049));
#4426=CARTESIAN_POINT('',(958.704382403618,-2000.75059069361,32.5669295839049));
#4427=CARTESIAN_POINT('',(950.839057846745,-2004.71291085474,32.5669295839049));
#4428=CARTESIAN_POINT('',(938.509458762553,-2008.20551665062,32.5669295839048));
#4429=CARTESIAN_POINT('',(929.05468389619,-2008.90813924315,32.5669295839049));
#4430=CARTESIAN_POINT('',(924.990579114042,-2008.85208231688,32.5669295839049));
#4431=CARTESIAN_POINT('',(924.870326201075,-2008.850109938,32.5669295839049));
#4432=CARTESIAN_POINT('',(961.621751389112,-1999.00206357797,35.5669295839049));
#4433=CARTESIAN_POINT('',(958.704382403615,-2000.75059069361,35.5669295839049));
#4434=CARTESIAN_POINT('',(950.839057846742,-2004.71291085474,35.5669295839048));
#4435=CARTESIAN_POINT('',(938.509458762551,-2008.20551665062,35.5669295839049));
#4436=CARTESIAN_POINT('',(929.05468389619,-2008.90813924315,35.5669295839049));
#4437=CARTESIAN_POINT('',(924.990579114042,-2008.85208231688,35.5669295839049));
#4438=CARTESIAN_POINT('',(924.870326201075,-2008.850109938,35.5669295839049));
#4439=CARTESIAN_POINT('',(960.079375350321,-1996.42894178139,35.5669295839049));
#4440=CARTESIAN_POINT('',(957.288344420097,-1998.10174851691,35.5669295839049));
#4441=CARTESIAN_POINT('',(949.763634029212,-2001.8924783388,35.5669295839049));
#4442=CARTESIAN_POINT('',(937.967982370881,-2005.2338287835,35.5669295839049));
#4443=CARTESIAN_POINT('',(928.922644552418,-2005.90602796652,35.5669295839049));
#4444=CARTESIAN_POINT('',(925.034542365782,-2005.85239881946,35.5669295839049));
#4445=CARTESIAN_POINT('',(924.919497204338,-2005.85051186028,35.5669295839049));
#4446=CARTESIAN_POINT('',(927.141226570641,-2008.85010993797,29.1669295839049));
#4447=CARTESIAN_POINT('',(927.141226570639,-2008.85010993797,26.1669295839048));
#4448=CARTESIAN_POINT('',(927.092055567291,-2005.85051186025,26.1669295839049));
#4449=CARTESIAN_POINT('',(927.020973657725,-2008.85208231685,29.166929583905));
#4450=CARTESIAN_POINT('',(927.020973657723,-2008.85208231684,26.1669295839048));
#4451=CARTESIAN_POINT('',(926.977010405894,-2005.85239881943,26.1669295839049));
#4452=CARTESIAN_POINT('',(922.956868875367,-2008.90813924325,29.166929583905));
#4453=CARTESIAN_POINT('',(922.956868875365,-2008.90813924325,26.1669295839048));
#4454=CARTESIAN_POINT('',(923.088908219058,-2005.90602796661,26.1669295839049));
#4455=CARTESIAN_POINT('',(913.502094008303,-2008.20551665091,29.1669295839049));
#4456=CARTESIAN_POINT('',(913.502094008303,-2008.20551665091,26.1669295839049));
#4457=CARTESIAN_POINT('',(914.043570399924,-2005.23382878377,26.1669295839049));
#4458=CARTESIAN_POINT('',(901.172494924062,-2004.71291085515,29.1669295839049));
#4459=CARTESIAN_POINT('',(901.172494924061,-2004.71291085515,26.1669295839049));
#4460=CARTESIAN_POINT('',(902.247918741547,-2001.89247833919,26.1669295839049));
#4461=CARTESIAN_POINT('',(893.307170367369,-2000.75059069426,29.1669295839049));
#4462=CARTESIAN_POINT('',(893.307170367369,-2000.75059069426,26.1669295839049));
#4463=CARTESIAN_POINT('',(894.723208350833,-1998.10174851754,26.1669295839049));
#4464=CARTESIAN_POINT('',(890.389801382441,-1999.00206357909,29.1669295839049));
#4465=CARTESIAN_POINT('',(890.38980138244,-1999.00206357909,26.1669295839049));
#4466=CARTESIAN_POINT('',(891.932177421153,-1996.42894178246,26.1669295839049));
#4467=CARTESIAN_POINT('',(985.423676303317,-1903.96833003891,29.1669295839049));
#4468=CARTESIAN_POINT('',(985.423676303318,-1903.96833003891,26.1669295839048));
#4469=CARTESIAN_POINT('',(982.8505456232,-1905.51071031322,26.1669295839049));
#4470=CARTESIAN_POINT('',(986.349077062438,-1905.51209307833,29.1669295839049));
#4471=CARTESIAN_POINT('',(986.349077062439,-1905.51209307833,26.1669295839048));
#4472=CARTESIAN_POINT('',(983.735872117323,-1906.98762107612,26.1669295839049));
#4473=CARTESIAN_POINT('',(989.088769859502,-1910.51356906181,29.1669295839049));
#4474=CARTESIAN_POINT('',(989.088769859502,-1910.51356906181,26.1669295839049));
#4475=CARTESIAN_POINT('',(986.35692245303,-1911.77250738655,26.1669295839049));
#4476=CARTESIAN_POINT('',(993.70350757597,-1922.14584245561,29.1669295839049));
#4477=CARTESIAN_POINT('',(993.703507575973,-1922.1458424556,26.1669295839048));
#4478=CARTESIAN_POINT('',(990.771804475157,-1922.90100917345,26.1669295839049));
#4479=CARTESIAN_POINT('',(995.283577103298,-1932.81306541687,29.1669295839049));
#4480=CARTESIAN_POINT('',(995.283577103295,-1932.81306541688,26.1669295839049));
#4481=CARTESIAN_POINT('',(992.283459378099,-1933.10631980716,26.1669295839049));
#4482=CARTESIAN_POINT('',(995.280776384843,-1939.58437807312,29.1669295839049));
#4483=CARTESIAN_POINT('',(995.280776384849,-1939.58437807312,26.1669295839048));
#4484=CARTESIAN_POINT('',(992.280776384849,-1939.58437807312,26.1669295839049));
#4485=CARTESIAN_POINT('',(995.280800272518,-1939.9629133266,29.1669295839049));
#4486=CARTESIAN_POINT('',(995.280800272522,-1939.9629133266,26.1669295839048));
#4487=CARTESIAN_POINT('',(992.280799125163,-1939.9465202452,26.1669295839049));
#4488=CARTESIAN_POINT('',(995.277709797685,-1940.341447801,29.1669295839049));
#4489=CARTESIAN_POINT('',(995.277709797689,-1940.341447801,26.1669295839048));
#4490=CARTESIAN_POINT('',(992.27784242854,-1940.30866156307,26.1669295839049));
#4491=CARTESIAN_POINT('',(995.271509922471,-1940.7199308399,29.1669295839049));
#4492=CARTESIAN_POINT('',(995.271509922473,-1940.7199308399,26.1669295839049));
#4493=CARTESIAN_POINT('',(992.271911023767,-1940.6707536394,26.1669295839049));
#4494=CARTESIAN_POINT('',(995.2715099224,-1938.44882530198,29.1669295839049));
#4495=CARTESIAN_POINT('',(995.271509922609,-1938.44882530192,26.1669295839049));
#4496=CARTESIAN_POINT('',(992.271911023906,-1938.49800250267,26.1669295839049));
#4497=CARTESIAN_POINT('',(995.277709797662,-1938.82730834233,29.1669295839049));
#4498=CARTESIAN_POINT('',(995.277709797932,-1938.82730834228,26.1669295839049));
#4499=CARTESIAN_POINT('',(992.277842428785,-1938.86009458039,26.1669295839049));
#4500=CARTESIAN_POINT('',(995.280800272518,-1939.20584281818,29.1669295839049));
#4501=CARTESIAN_POINT('',(995.280800272862,-1939.20584281814,26.1669295839049));
#4502=CARTESIAN_POINT('',(992.280799125502,-1939.22223589965,26.1669295839049));
#4503=CARTESIAN_POINT('',(995.280776384843,-1939.58437807312,29.1669295839049));
#4504=CARTESIAN_POINT('',(995.280776385273,-1939.58437807312,26.1669295839049));
#4505=CARTESIAN_POINT('',(992.280776385274,-1939.58437807312,26.1669295839049));
#4506=CARTESIAN_POINT('',(995.283577103299,-1946.35569072896,29.1669295839049));
#4507=CARTESIAN_POINT('',(995.283577102905,-1946.3556907283,26.1669295839048));
#4508=CARTESIAN_POINT('',(992.28345937771,-1946.0624363387,26.1669295839049));
#4509=CARTESIAN_POINT('',(993.7035075762,-1957.02291368931,29.1669295839049));
#4510=CARTESIAN_POINT('',(993.703507576324,-1957.0229136902,26.1669295839049));
#4511=CARTESIAN_POINT('',(990.771804475579,-1956.26774697152,26.1669295839049));
#4512=CARTESIAN_POINT('',(989.088769860568,-1968.65518708196,29.1669295839049));
#4513=CARTESIAN_POINT('',(989.088769860584,-1968.65518708176,26.1669295839049));
#4514=CARTESIAN_POINT('',(986.356922454022,-1967.39624875733,26.1669295839049));
#4515=CARTESIAN_POINT('',(986.349077064212,-1973.65666306474,29.1669295839049));
#4516=CARTESIAN_POINT('',(986.349077064236,-1973.65666306457,26.1669295839049));
#4517=CARTESIAN_POINT('',(983.735872119,-1972.18113506708,26.1669295839049));
#4518=CARTESIAN_POINT('',(985.423676305405,-1975.20042610384,29.1669295839049));
#4519=CARTESIAN_POINT('',(985.423676305424,-1975.20042610372,26.1669295839049));
#4520=CARTESIAN_POINT('',(982.850545625183,-1973.65804582968,26.1669295839049));
#4521=CARTESIAN_POINT('',(961.621751389114,-1999.00206357797,29.1669295839049));
#4522=CARTESIAN_POINT('',(961.621751389113,-1999.00206357797,26.1669295839049));
#4523=CARTESIAN_POINT('',(960.079375350321,-1996.42894178139,26.1669295839048));
#4524=CARTESIAN_POINT('',(958.704382403618,-2000.75059069361,29.1669295839049));
#4525=CARTESIAN_POINT('',(958.704382403617,-2000.75059069361,26.1669295839049));
#4526=CARTESIAN_POINT('',(957.288344420097,-1998.10174851691,26.1669295839049));
#4527=CARTESIAN_POINT('',(950.839057846746,-2004.71291085474,29.1669295839049));
#4528=CARTESIAN_POINT('',(950.839057846743,-2004.71291085474,26.1669295839048));
#4529=CARTESIAN_POINT('',(949.763634029211,-2001.8924783388,26.1669295839049));
#4530=CARTESIAN_POINT('',(938.509458762552,-2008.20551665062,29.1669295839049));
#4531=CARTESIAN_POINT('',(938.509458762554,-2008.20551665062,26.1669295839049));
#4532=CARTESIAN_POINT('',(937.967982370882,-2005.2338287835,26.1669295839049));
#4533=CARTESIAN_POINT('',(929.054683896239,-2008.90813924315,29.1669295839049));
#4534=CARTESIAN_POINT('',(929.054683896239,-2008.90813924315,26.1669295839049));
#4535=CARTESIAN_POINT('',(928.922644552466,-2005.90602796652,26.1669295839049));
#4536=CARTESIAN_POINT('',(924.99057911414,-2008.85208231688,29.1669295839049));
#4537=CARTESIAN_POINT('',(924.990579114141,-2008.85208231688,26.1669295839049));
#4538=CARTESIAN_POINT('',(925.034542365878,-2005.85239881946,26.1669295839049));
#4539=CARTESIAN_POINT('',(924.870326201223,-2008.85010993801,29.1669295839049));
#4540=CARTESIAN_POINT('',(924.870326201224,-2008.85010993801,26.1669295839049));
#4541=CARTESIAN_POINT('',(924.919497204481,-2005.85051186028,26.1669295839049));
#4542=CARTESIAN_POINT('',(986.559723351823,-1973.23413835391,29.1669295839049));
#4543=CARTESIAN_POINT('',(986.559723351824,-1973.23413835391,26.1669295839049));
#4544=CARTESIAN_POINT('',(983.937395929723,-1971.77690918233,26.1669295839049));
#4545=CARTESIAN_POINT('',(986.501305886785,-1973.33926509658,29.1669295839049));
#4546=CARTESIAN_POINT('',(986.501305886787,-1973.33926509658,26.1669295839049));
#4547=CARTESIAN_POINT('',(983.88150824698,-1971.87748337287,26.1669295839049));
#4548=CARTESIAN_POINT('',(983.366342170999,-1978.9462506123,29.1669295839049));
#4549=CARTESIAN_POINT('',(983.366342171,-1978.9462506123,26.1669295839049));
#4550=CARTESIAN_POINT('',(980.882304808861,-1977.24165644902,26.1669295839049));
#4551=CARTESIAN_POINT('',(977.346510892492,-1986.88293756888,29.1669295839049));
#4552=CARTESIAN_POINT('',(977.346510892494,-1986.88293756888,26.1669295839049));
#4553=CARTESIAN_POINT('',(975.123157521864,-1984.83465209717,26.1669295839049));
#4554=CARTESIAN_POINT('',(967.762874328449,-1995.1292119347,29.1669295839048));
#4555=CARTESIAN_POINT('',(967.762874328452,-1995.1292119347,26.1669295839049));
#4556=CARTESIAN_POINT('',(965.954566173237,-1992.72379548544,26.1669295839049));
#4557=CARTESIAN_POINT('',(962.359958759935,-1998.62620075157,29.1669295839049));
#4558=CARTESIAN_POINT('',(962.359958759936,-1998.62620075157,26.1669295839049));
#4559=CARTESIAN_POINT('',(960.78561196363,-1996.06935732786,26.1669295839049));
#4560=CARTESIAN_POINT('',(959.76051604257,-2000.07961863363,29.1669295839049));
#4561=CARTESIAN_POINT('',(959.760516042571,-2000.07961863363,26.1669295839049));
#4562=CARTESIAN_POINT('',(958.298738595997,-1997.45983509237,26.1669295839049));
#4563=CARTESIAN_POINT('',(959.655400091093,-2000.13803206582,29.1669295839049));
#4564=CARTESIAN_POINT('',(959.655400091094,-2000.13803206582,26.1669295839049));
#4565=CARTESIAN_POINT('',(958.19817471965,-1997.51571892968,26.1669295839049));
#4566=CARTESIAN_POINT('',(892.356016102749,-2000.13832503937,29.1669295839048));
#4567=CARTESIAN_POINT('',(892.356016102751,-2000.13832503938,26.1669295839049));
#4568=CARTESIAN_POINT('',(893.813245274388,-1997.51599761731,26.1669295839049));
#4569=CARTESIAN_POINT('',(892.250889360081,-2000.07990757433,29.1669295839048));
#4570=CARTESIAN_POINT('',(892.250889360083,-2000.07990757434,26.1669295839049));
#4571=CARTESIAN_POINT('',(893.712671083851,-1997.46010993456,26.1669295839049));
#4572=CARTESIAN_POINT('',(886.643903844856,-1996.94494385867,29.1669295839048));
#4573=CARTESIAN_POINT('',(886.643903844857,-1996.94494385867,26.1669295839049));
#4574=CARTESIAN_POINT('',(888.348498008173,-1994.46090649656,26.1669295839049));
#4575=CARTESIAN_POINT('',(878.707216888497,-1990.9251125802,29.1669295839049));
#4576=CARTESIAN_POINT('',(878.707216888499,-1990.9251125802,26.166929583905));
#4577=CARTESIAN_POINT('',(880.755502360232,-1988.70175920959,26.1669295839049));
#4578=CARTESIAN_POINT('',(870.460942522741,-1981.34147601609,29.1669295839049));
#4579=CARTESIAN_POINT('',(870.460942522743,-1981.34147601609,26.1669295839049));
#4580=CARTESIAN_POINT('',(872.86635897202,-1979.53316786091,26.1669295839049));
#4581=CARTESIAN_POINT('',(866.963953705691,-1975.9385604471,29.1669295839049));
#4582=CARTESIAN_POINT('',(866.963953705692,-1975.9385604471,26.1669295839049));
#4583=CARTESIAN_POINT('',(869.520797129434,-1974.36421365084,26.1669295839049));
#4584=CARTESIAN_POINT('',(865.510535823601,-1973.33911772954,29.1669295839049));
#4585=CARTESIAN_POINT('',(865.510535823602,-1973.33911772954,26.1669295839049));
#4586=CARTESIAN_POINT('',(868.130319364894,-1971.87734028303,26.1669295839049));
#4587=CARTESIAN_POINT('',(865.452122391412,-1973.23400177807,29.1669295839049));
#4588=CARTESIAN_POINT('',(865.452122391414,-1973.23400177807,26.1669295839049));
#4589=CARTESIAN_POINT('',(868.074435527588,-1971.77677640668,26.1669295839049));
#4590=CARTESIAN_POINT('',(866.588090879228,-1975.20035307611,29.1669295839049));
#4591=CARTESIAN_POINT('',(866.588090879227,-1975.20035307611,26.1669295839049));
#4592=CARTESIAN_POINT('',(869.16121267584,-1973.65797703737,26.1669295839049));
#4593=CARTESIAN_POINT('',(864.839563763906,-1972.282984091,29.1669295839049));
#4594=CARTESIAN_POINT('',(864.839563763904,-1972.282984091,26.1669295839049));
#4595=CARTESIAN_POINT('',(867.488405940618,-1970.86694610752,26.1669295839049));
#4596=CARTESIAN_POINT('',(860.877243602979,-1964.41765953433,29.1669295839049));
#4597=CARTESIAN_POINT('',(860.877243602978,-1964.41765953433,26.1669295839049));
#4598=CARTESIAN_POINT('',(863.697676118925,-1963.34223571683,26.1669295839049));
#4599=CARTESIAN_POINT('',(857.384637807196,-1952.08806045024,29.1669295839049));
#4600=CARTESIAN_POINT('',(857.384637807194,-1952.08806045024,26.1669295839049));
#4601=CARTESIAN_POINT('',(860.356325674323,-1951.54658405859,26.1669295839048));
#4602=CARTESIAN_POINT('',(856.682015214762,-1942.63328558355,29.1669295839049));
#4603=CARTESIAN_POINT('',(856.682015214762,-1942.63328558355,26.1669295839049));
#4604=CARTESIAN_POINT('',(859.684126491392,-1942.50124623982,26.1669295839048));
#4605=CARTESIAN_POINT('',(856.738072141098,-1938.56918080132,29.1669295839049));
#4606=CARTESIAN_POINT('',(856.738072141098,-1938.56918080132,26.1669295839049));
#4607=CARTESIAN_POINT('',(859.737755638512,-1938.61314405311,26.1669295839049));
#4608=CARTESIAN_POINT('',(856.740044519971,-1938.44892788841,29.1669295839049));
#4609=CARTESIAN_POINT('',(856.740044519971,-1938.44892788841,26.1669295839049));
#4610=CARTESIAN_POINT('',(859.739642597695,-1938.49809889171,26.1669295839049));
#4611=CARTESIAN_POINT('',(856.740044519972,-1940.71982825782,29.1669295839049));
#4612=CARTESIAN_POINT('',(856.740044519971,-1940.71982825782,26.1669295839049));
#4613=CARTESIAN_POINT('',(859.739642597696,-1940.67065725452,26.1669295839049));
#4614=CARTESIAN_POINT('',(856.738072141099,-1940.59957534491,29.1669295839049));
#4615=CARTESIAN_POINT('',(856.738072141097,-1940.59957534491,26.1669295839049));
#4616=CARTESIAN_POINT('',(859.737755638513,-1940.55561209312,26.1669295839049));
#4617=CARTESIAN_POINT('',(856.682015214764,-1936.53547056268,29.1669295839049));
#4618=CARTESIAN_POINT('',(856.682015214762,-1936.53547056268,26.1669295839049));
#4619=CARTESIAN_POINT('',(859.684126491394,-1936.66750990641,26.1669295839049));
#4620=CARTESIAN_POINT('',(857.384637807199,-1927.08069569599,29.1669295839049));
#4621=CARTESIAN_POINT('',(857.384637807194,-1927.08069569599,26.1669295839049));
#4622=CARTESIAN_POINT('',(860.356325674324,-1927.62217208764,26.1669295839049));
#4623=CARTESIAN_POINT('',(860.877243602954,-1914.751096612,29.1669295839049));
#4624=CARTESIAN_POINT('',(860.877243602952,-1914.751096612,26.1669295839048));
#4625=CARTESIAN_POINT('',(863.697676118901,-1915.8265204295,26.1669295839049));
#4626=CARTESIAN_POINT('',(864.839563763819,-1906.8857720554,29.1669295839049));
#4627=CARTESIAN_POINT('',(864.839563763818,-1906.8857720554,26.1669295839049));
#4628=CARTESIAN_POINT('',(867.488405940535,-1908.30181003888,26.1669295839049));
#4629=CARTESIAN_POINT('',(866.588090879079,-1903.96840307037,29.1669295839049));
#4630=CARTESIAN_POINT('',(866.588090879078,-1903.96840307037,26.1669295839049));
#4631=CARTESIAN_POINT('',(869.161212675697,-1905.5107791091,26.1669295839049));
#4632=CARTESIAN_POINT('',(865.451829418781,-1905.93461779067,29.1669295839049));
#4633=CARTESIAN_POINT('',(865.451829418779,-1905.93461779067,26.1669295839049));
#4634=CARTESIAN_POINT('',(868.07415684084,-1907.39184696233,26.1669295839049));
#4635=CARTESIAN_POINT('',(865.510246883821,-1905.82949104801,29.1669295839049));
#4636=CARTESIAN_POINT('',(865.510246883819,-1905.82949104801,26.1669295839049));
#4637=CARTESIAN_POINT('',(868.130044523586,-1907.29127277179,26.1669295839049));
#4638=CARTESIAN_POINT('',(868.645210599452,-1900.22250553292,29.1669295839049));
#4639=CARTESIAN_POINT('',(868.645210599452,-1900.22250553292,26.1669295839049));
#4640=CARTESIAN_POINT('',(871.129247961558,-1901.92709969624,26.1669295839049));
#4641=CARTESIAN_POINT('',(874.665041877815,-1892.28581857675,29.1669295839049));
#4642=CARTESIAN_POINT('',(874.665041877814,-1892.28581857675,26.1669295839049));
#4643=CARTESIAN_POINT('',(876.888395248416,-1894.33410404849,26.1669295839049));
#4644=CARTESIAN_POINT('',(884.248678441699,-1884.03954421115,29.1669295839049));
#4645=CARTESIAN_POINT('',(884.248678441699,-1884.03954421115,26.1669295839049));
#4646=CARTESIAN_POINT('',(886.056986596892,-1886.44496066043,26.1669295839049));
#4647=CARTESIAN_POINT('',(889.651594010567,-1880.54255539415,29.1669295839049));
#4648=CARTESIAN_POINT('',(889.651594010567,-1880.54255539415,26.1669295839049));
#4649=CARTESIAN_POINT('',(891.225940806836,-1883.09939881789,26.1669295839049));
#4650=CARTESIAN_POINT('',(892.251036728069,-1879.08913751207,29.1669295839049));
#4651=CARTESIAN_POINT('',(892.251036728069,-1879.08913751207,26.1669295839049));
#4652=CARTESIAN_POINT('',(893.712814174601,-1881.70892105335,26.1669295839049));
#4653=CARTESIAN_POINT('',(892.356152679547,-1879.03072407988,29.1669295839049));
#4654=CARTESIAN_POINT('',(892.356152679547,-1879.03072407988,26.1669295839049));
#4655=CARTESIAN_POINT('',(893.813378050949,-1881.65303721605,26.1669295839049));
#4656=CARTESIAN_POINT('',(890.389801381507,-1880.16669256771,29.1669295839049));
#4657=CARTESIAN_POINT('',(890.389801381508,-1880.16669256771,26.1669295839049));
#4658=CARTESIAN_POINT('',(891.93217742026,-1882.73981436431,26.1669295839049));
#4659=CARTESIAN_POINT('',(893.30717036672,-1878.4181654523,29.1669295839049));
#4660=CARTESIAN_POINT('',(893.307170366721,-1878.4181654523,26.1669295839049));
#4661=CARTESIAN_POINT('',(894.723208350212,-1881.06700762901,26.1669295839049));
#4662=CARTESIAN_POINT('',(901.172494923295,-1874.45584529139,29.1669295839049));
#4663=CARTESIAN_POINT('',(901.172494923297,-1874.45584529139,26.166929583905));
#4664=CARTESIAN_POINT('',(902.247918740814,-1877.27627780733,26.1669295839049));
#4665=CARTESIAN_POINT('',(913.502094007136,-1870.96323949562,29.1669295839049));
#4666=CARTESIAN_POINT('',(913.502094007136,-1870.96323949561,26.1669295839049));
#4667=CARTESIAN_POINT('',(914.043570398807,-1873.93492736273,26.1669295839049));
#4668=CARTESIAN_POINT('',(922.956868873449,-1870.26061690309,29.1669295839049));
#4669=CARTESIAN_POINT('',(922.95686887345,-1870.26061690309,26.1669295839049));
#4670=CARTESIAN_POINT('',(923.088908217224,-1873.26272817971,26.1669295839049));
#4671=CARTESIAN_POINT('',(927.020973655548,-1870.31667382936,29.1669295839049));
#4672=CARTESIAN_POINT('',(927.020973655549,-1870.31667382936,26.1669295839049));
#4673=CARTESIAN_POINT('',(926.977010403811,-1873.31635732677,26.1669295839049));
#4674=CARTESIAN_POINT('',(927.141226568465,-1870.31864620823,29.1669295839049));
#4675=CARTESIAN_POINT('',(927.141226568466,-1870.31864620823,26.1669295839049));
#4676=CARTESIAN_POINT('',(927.092055565208,-1873.31824428595,26.1669295839049));
#4677=CARTESIAN_POINT('',(924.870326199046,-1870.31864620826,29.1669295839049));
#4678=CARTESIAN_POINT('',(924.870326199046,-1870.31864620826,26.1669295839049));
#4679=CARTESIAN_POINT('',(924.919497202397,-1873.31824428599,26.1669295839049));
#4680=CARTESIAN_POINT('',(924.990579111964,-1870.31667382939,29.1669295839049));
#4681=CARTESIAN_POINT('',(924.990579111963,-1870.31667382939,26.1669295839049));
#4682=CARTESIAN_POINT('',(925.034542363795,-1873.3163573268,26.1669295839049));
#4683=CARTESIAN_POINT('',(929.054683894322,-1870.26061690299,29.1669295839049));
#4684=CARTESIAN_POINT('',(929.054683894321,-1870.26061690299,26.1669295839049));
#4685=CARTESIAN_POINT('',(928.922644550631,-1873.26272817962,26.1669295839049));
#4686=CARTESIAN_POINT('',(938.509458761385,-1870.96323949533,29.1669295839049));
#4687=CARTESIAN_POINT('',(938.509458761385,-1870.96323949532,26.1669295839049));
#4688=CARTESIAN_POINT('',(937.967982369764,-1873.93492736246,26.1669295839049));
#4689=CARTESIAN_POINT('',(950.839057845275,-1874.45584529099,29.1669295839049));
#4690=CARTESIAN_POINT('',(950.839057845275,-1874.45584529098,26.1669295839049));
#4691=CARTESIAN_POINT('',(949.763634027804,-1877.27627780694,26.1669295839049));
#4692=CARTESIAN_POINT('',(958.70438240167,-1878.41816545164,29.1669295839049));
#4693=CARTESIAN_POINT('',(958.70438240167,-1878.41816545164,26.1669295839049));
#4694=CARTESIAN_POINT('',(957.288344418233,-1881.06700762838,26.1669295839049));
#4695=CARTESIAN_POINT('',(961.621751386315,-1880.16669256659,29.1669295839049));
#4696=CARTESIAN_POINT('',(961.621751386314,-1880.16669256659,26.1669295839049));
#4697=CARTESIAN_POINT('',(960.079375347642,-1882.73981436324,26.1669295839049));
#4698=CARTESIAN_POINT('',(959.655536665225,-1879.03043110591,29.1669295839049));
#4699=CARTESIAN_POINT('',(959.655536665224,-1879.03043110591,26.1669295839049));
#4700=CARTESIAN_POINT('',(958.198307493661,-1881.65275852802,26.1669295839049));
#4701=CARTESIAN_POINT('',(959.760663408148,-1879.08884857108,29.1669295839049));
#4702=CARTESIAN_POINT('',(959.760663408148,-1879.08884857108,26.1669295839049));
#4703=CARTESIAN_POINT('',(958.298881684443,-1881.70864621089,26.1669295839049));
#4704=CARTESIAN_POINT('',(965.367648924012,-1882.22381228694,29.1669295839049));
#4705=CARTESIAN_POINT('',(965.367648924011,-1882.22381228694,26.1669295839049));
#4706=CARTESIAN_POINT('',(963.663054760732,-1884.70784964908,26.1669295839049));
#4707=CARTESIAN_POINT('',(973.304335880627,-1888.24364356551,29.1669295839049));
#4708=CARTESIAN_POINT('',(973.304335880628,-1888.24364356551,26.1669295839048));
#4709=CARTESIAN_POINT('',(971.25605040892,-1890.46699693614,26.1669295839049));
#4710=CARTESIAN_POINT('',(981.550610246287,-1897.82728012934,29.1669295839049));
#4711=CARTESIAN_POINT('',(981.550610246285,-1897.82728012934,26.1669295839049));
#4712=CARTESIAN_POINT('',(979.14519379704,-1899.63558828456,26.1669295839049));
#4713=CARTESIAN_POINT('',(985.047599063117,-1903.23019569773,29.1669295839049));
#4714=CARTESIAN_POINT('',(985.047599063115,-1903.23019569773,26.1669295839049));
#4715=CARTESIAN_POINT('',(982.490755639413,-1904.80454249404,26.1669295839049));
#4716=CARTESIAN_POINT('',(986.501016945168,-1905.82963841504,29.1669295839049));
#4717=CARTESIAN_POINT('',(986.501016945166,-1905.82963841504,26.1669295839049));
#4718=CARTESIAN_POINT('',(983.881233403916,-1907.29141586163,26.1669295839049));
#4719=CARTESIAN_POINT('',(986.559430377359,-1905.93475436652,29.1669295839049));
#4720=CARTESIAN_POINT('',(986.559430377358,-1905.93475436652,26.1669295839049));
#4721=CARTESIAN_POINT('',(983.937117241224,-1907.39197973798,26.1669295839049));
#4722=CARTESIAN_POINT('',(926.005775854944,-1939.58437935132,13.0956109221836));
#4723=CARTESIAN_POINT('',(914.184459083245,-1941.90519697911,43.8669295839049));
#4724=CARTESIAN_POINT('',(928.326594706976,-1927.76306135537,43.8669295839049));
#4725=CARTESIAN_POINT('',(914.184459083245,-1941.90519697911,-3.03434027385893));
#4726=CARTESIAN_POINT('',(811.386473258068,-2017.4089392507,75.8669295839049));
#4727=CARTESIAN_POINT('',(811.025495910555,-2016.81748964161,75.2002629172382));
#4728=CARTESIAN_POINT('',(810.664518563042,-2016.22604003251,74.5335962505716));
#4729=CARTESIAN_POINT('',(810.303541215529,-2015.63459042342,73.8669295839049));
#4730=CARTESIAN_POINT('',(808.746991010682,-2018.37730170986,75.8669295839049));
#4731=CARTESIAN_POINT('',(808.639827720718,-2017.69273424942,75.2002629172382));
#4732=CARTESIAN_POINT('',(808.532664430753,-2017.00816678898,74.5335962505715));
#4733=CARTESIAN_POINT('',(808.425501140789,-2016.32359932853,73.8669295839048));
#4734=CARTESIAN_POINT('',(805.937851116242,-2018.26186583984,75.8669295839049));
#4735=CARTESIAN_POINT('',(806.100819201904,-2017.58839744749,75.2002629172383));
#4736=CARTESIAN_POINT('',(806.263787287566,-2016.91492905513,74.5335962505717));
#4737=CARTESIAN_POINT('',(806.426755373228,-2016.24146066278,73.866929583905));
#4738=CARTESIAN_POINT('',(803.386719658774,-2017.08020570541,75.8669295839049));
#4739=CARTESIAN_POINT('',(803.795007963464,-2016.52036890878,75.2002629172382));
#4740=CARTESIAN_POINT('',(804.203296268154,-2015.96053211214,74.5335962505715));
#4741=CARTESIAN_POINT('',(804.611584572844,-2015.40069531551,73.8669295839048));
#4742=CARTESIAN_POINT('',(801.481983276596,-2015.01221835027,75.8669295839049));
#4743=CARTESIAN_POINT('',(802.073432262991,-2014.65123998249,75.2002629172383));
#4744=CARTESIAN_POINT('',(802.664881249386,-2014.2902616147,74.5335962505717));
#4745=CARTESIAN_POINT('',(803.25633023578,-2013.92928324692,73.866929583905));
#4746=CARTESIAN_POINT('',(800.513620817432,-2012.37273610288,75.8669295839049));
#4747=CARTESIAN_POINT('',(801.198189098378,-2012.26557411721,75.2002629172382));
#4748=CARTESIAN_POINT('',(801.882757379324,-2012.15841213154,74.5335962505715));
#4749=CARTESIAN_POINT('',(802.56732566027,-2012.05125014586,73.8669295839048));
#4750=CARTESIAN_POINT('',(800.62905668746,-2009.56359620844,75.8669295839049));
#4751=CARTESIAN_POINT('',(801.302524328958,-2009.72656403108,75.2002629172382));
#4752=CARTESIAN_POINT('',(801.975991970456,-2009.88953185372,74.5335962505716));
#4753=CARTESIAN_POINT('',(802.649459611955,-2010.05249967637,73.8669295839049));
#4754=CARTESIAN_POINT('',(801.810716821888,-2007.01246475097,75.8669295839049));
#4755=CARTESIAN_POINT('',(802.370554748011,-2007.42075244701,75.2002629172383));
#4756=CARTESIAN_POINT('',(802.930392674135,-2007.82904014305,74.5335962505716));
#4757=CARTESIAN_POINT('',(803.490230600258,-2008.23732783909,73.866929583905));
#4758=CARTESIAN_POINT('',(803.87870417703,-2005.1077283688,75.8669295839049));
#4759=CARTESIAN_POINT('',(804.239682024212,-2005.69917764806,75.2002629172382));
#4760=CARTESIAN_POINT('',(804.600659871395,-2006.29062692732,74.5335962505716));
#4761=CARTESIAN_POINT('',(804.961637718577,-2006.88207620658,73.8669295839049));
#4762=CARTESIAN_POINT('',(806.518186424421,-2004.13936590963,75.8669295839049));
#4763=CARTESIAN_POINT('',(806.625348634622,-2004.82393406387,75.2002629172383));
#4764=CARTESIAN_POINT('',(806.732510844823,-2005.50850221812,74.5335962505716));
#4765=CARTESIAN_POINT('',(806.839673055024,-2006.19307037236,73.8669295839049));
#4766=CARTESIAN_POINT('',(809.327326318855,-2004.25480177965,75.8669295839049));
#4767=CARTESIAN_POINT('',(809.164358402088,-2004.92826947405,75.2002629172382));
#4768=CARTESIAN_POINT('',(809.001390485321,-2005.60173716844,74.5335962505716));
#4769=CARTESIAN_POINT('',(808.838422568554,-2006.27520486283,73.8669295839049));
#4770=CARTESIAN_POINT('',(811.878457776327,-2005.43646191408,75.8669295839049));
#4771=CARTESIAN_POINT('',(811.470170114741,-2005.99629982142,75.2002629172382));
#4772=CARTESIAN_POINT('',(811.061882453155,-2006.55613772876,74.5335962505716));
#4773=CARTESIAN_POINT('',(810.653594791569,-2007.11597563611,73.8669295839049));
#4774=CARTESIAN_POINT('',(813.783194158503,-2007.50444926923,75.8669295839049));
#4775=CARTESIAN_POINT('',(813.191744878514,-2007.86542711522,75.2002629172382));
#4776=CARTESIAN_POINT('',(812.600295598525,-2008.22640496121,74.5335962505716));
#4777=CARTESIAN_POINT('',(812.008846318536,-2008.58738280721,73.8669295839049));
#4778=CARTESIAN_POINT('',(814.751556617663,-2010.14393151662,75.8669295839049));
#4779=CARTESIAN_POINT('',(814.066988430963,-2010.25109374887,75.2002629172382));
#4780=CARTESIAN_POINT('',(813.382420244263,-2010.35825598113,74.5335962505716));
#4781=CARTESIAN_POINT('',(812.697852057562,-2010.46541821338,73.8669295839049));
#4782=CARTESIAN_POINT('',(814.636120747644,-2012.95307141105,75.8669295839049));
#4783=CARTESIAN_POINT('',(813.962653143326,-2012.79010343476,75.2002629172383));
#4784=CARTESIAN_POINT('',(813.289185539009,-2012.62713545846,74.5335962505716));
#4785=CARTESIAN_POINT('',(812.615717934691,-2012.46416748217,73.866929583905));
#4786=CARTESIAN_POINT('',(813.454460613214,-2015.50420286853,75.8669295839049));
#4787=CARTESIAN_POINT('',(812.894622490536,-2015.0959153487,75.2002629172382));
#4788=CARTESIAN_POINT('',(812.334784367859,-2014.68762782887,74.5335962505715));
#4789=CARTESIAN_POINT('',(811.774946245181,-2014.27934030904,73.8669295839049));
#4790=CARTESIAN_POINT('',(811.386473258068,-2017.4089392507,75.8669295839049));
#4791=CARTESIAN_POINT('',(811.025495910555,-2016.81748964161,75.2002629172382));
#4792=CARTESIAN_POINT('',(810.664518563042,-2016.22604003251,74.5335962505716));
#4793=CARTESIAN_POINT('',(810.303541215529,-2015.63459042342,73.8669295839049));
#4794=CARTESIAN_POINT('',(808.746991010682,-2018.37730170986,75.8669295839049));
#4795=CARTESIAN_POINT('',(808.639827720718,-2017.69273424942,75.2002629172382));
#4796=CARTESIAN_POINT('',(808.532664430753,-2017.00816678898,74.5335962505715));
#4797=CARTESIAN_POINT('',(808.425501140789,-2016.32359932853,73.8669295839048));
#4798=CARTESIAN_POINT('',(805.937851116242,-2018.26186583984,75.8669295839049));
#4799=CARTESIAN_POINT('',(806.100819201904,-2017.58839744749,75.2002629172383));
#4800=CARTESIAN_POINT('',(806.263787287566,-2016.91492905513,74.5335962505717));
#4801=CARTESIAN_POINT('',(806.426755373228,-2016.24146066278,73.866929583905));
#4802=CARTESIAN_POINT('',(803.386719658774,-2017.08020570541,75.8669295839049));
#4803=CARTESIAN_POINT('',(803.795007963464,-2016.52036890878,75.2002629172382));
#4804=CARTESIAN_POINT('',(804.203296268154,-2015.96053211214,74.5335962505715));
#4805=CARTESIAN_POINT('',(804.611584572844,-2015.40069531551,73.8669295839048));
#4806=CARTESIAN_POINT('',(801.481983276596,-2015.01221835027,75.8669295839049));
#4807=CARTESIAN_POINT('',(802.073432262991,-2014.65123998249,75.2002629172383));
#4808=CARTESIAN_POINT('',(802.664881249386,-2014.2902616147,74.5335962505717));
#4809=CARTESIAN_POINT('',(803.25633023578,-2013.92928324692,73.866929583905));
#4810=CARTESIAN_POINT('',(807.63258871755,-2011.25833380975,68.8669295839048));
#4811=CARTESIAN_POINT('',(819.73999294331,-2027.22122489368,73.8669295839048));
#4812=CARTESIAN_POINT('',(818.074323692821,-2028.33419090272,73.8669295839048));
#4813=CARTESIAN_POINT('',(816.10954016998,-2028.72500627608,73.8669295839048));
#4814=CARTESIAN_POINT('',(814.144756647147,-2028.33419090271,73.8669295839048));
#4815=CARTESIAN_POINT('',(812.479087396657,-2027.22122489366,73.8669295839049));
#4816=CARTESIAN_POINT('',(811.366127235942,-2025.55556140292,73.8669295839048));
#4817=CARTESIAN_POINT('',(810.975306174873,-2023.59077441877,73.8669295839048));
#4818=CARTESIAN_POINT('',(811.366126787164,-2021.62598856139,73.8669295839049));
#4819=CARTESIAN_POINT('',(812.479088620915,-2019.96032310386,73.8669295839048));
#4820=CARTESIAN_POINT('',(814.144753988281,-2018.847361194,73.8669295839048));
#4821=CARTESIAN_POINT('',(816.109540170006,-2018.45654088144,73.8669295839049));
#4822=CARTESIAN_POINT('',(818.074326351733,-2018.84736119401,73.8669295839047));
#4823=CARTESIAN_POINT('',(819.739991719092,-2019.96032310388,73.8669295839049));
#4824=CARTESIAN_POINT('',(820.852953552836,-2021.62598856142,73.8669295839047));
#4825=CARTESIAN_POINT('',(821.243774165117,-2023.5907744188,73.8669295839049));
#4826=CARTESIAN_POINT('',(820.852953104039,-2025.55556140294,73.8669295839047));
#4827=CARTESIAN_POINT('',(819.73999294331,-2027.22122489368,73.8669295839048));
#4828=CARTESIAN_POINT('',(818.074323692821,-2028.33419090272,73.8669295839048));
#4829=CARTESIAN_POINT('',(816.10954016998,-2028.72500627608,73.8669295839048));
#4830=CARTESIAN_POINT('',(814.144756647147,-2028.33419090271,73.8669295839048));
#4831=CARTESIAN_POINT('',(812.479087396657,-2027.22122489366,73.8669295839049));
#4832=CARTESIAN_POINT('',(820.229950317627,-2027.71118311319,74.5335962505714));
#4833=CARTESIAN_POINT('',(818.339487832989,-2028.97435069322,74.5335962505715));
#4834=CARTESIAN_POINT('',(816.109540169979,-2029.41791194963,74.5335962505714));
#4835=CARTESIAN_POINT('',(813.879592506977,-2028.97435069321,74.5335962505715));
#4836=CARTESIAN_POINT('',(811.989130022338,-2027.71118311317,74.5335962505715));
#4837=CARTESIAN_POINT('',(810.725966341185,-2025.82072446836,74.5335962505715));
#4838=CARTESIAN_POINT('',(810.282401292972,-2023.59077449781,74.5335962505715));
#4839=CARTESIAN_POINT('',(810.725966042005,-2021.36082527845,74.5335962505716));
#4840=CARTESIAN_POINT('',(811.98913083852,-2019.47036532245,74.5335962505715));
#4841=CARTESIAN_POINT('',(813.87959073441,-2018.2072004752,74.5335962505715));
#4842=CARTESIAN_POINT('',(816.109540170008,-2017.76363592599,74.5335962505715));
#4843=CARTESIAN_POINT('',(818.339489605606,-2018.20720047521,74.5335962505714));
#4844=CARTESIAN_POINT('',(820.229949501491,-2019.47036532247,74.5335962505716));
#4845=CARTESIAN_POINT('',(821.493114297995,-2021.36082527847,74.5335962505714));
#4846=CARTESIAN_POINT('',(821.936679047019,-2023.59077449784,74.5335962505716));
#4847=CARTESIAN_POINT('',(821.493113998793,-2025.82072446839,74.5335962505715));
#4848=CARTESIAN_POINT('',(820.229950317627,-2027.71118311319,74.5335962505714));
#4849=CARTESIAN_POINT('',(818.339487832989,-2028.97435069322,74.5335962505715));
#4850=CARTESIAN_POINT('',(816.109540169979,-2029.41791194963,74.5335962505714));
#4851=CARTESIAN_POINT('',(813.879592506977,-2028.97435069321,74.5335962505715));
#4852=CARTESIAN_POINT('',(811.989130022338,-2027.71118311317,74.5335962505715));
#4853=CARTESIAN_POINT('',(820.719907691943,-2028.2011413327,75.2002629172381));
#4854=CARTESIAN_POINT('',(818.604651973156,-2029.61451048373,75.2002629172382));
#4855=CARTESIAN_POINT('',(816.109540169977,-2030.11081762319,75.2002629172381));
#4856=CARTESIAN_POINT('',(813.614428366806,-2029.61451048372,75.2002629172382));
#4857=CARTESIAN_POINT('',(811.49917264802,-2028.20114133268,75.2002629172381));
#4858=CARTESIAN_POINT('',(810.085805446428,-2026.0858875338,75.2002629172381));
#4859=CARTESIAN_POINT('',(809.589496411071,-2023.59077457686,75.2002629172383));
#4860=CARTESIAN_POINT('',(810.085805296847,-2021.0956619955,75.2002629172383));
#4861=CARTESIAN_POINT('',(811.499173056124,-2018.98040754104,75.2002629172382));
#4862=CARTESIAN_POINT('',(813.614427480538,-2017.5670397564,75.2002629172382));
#4863=CARTESIAN_POINT('',(816.10954017001,-2017.07073097054,75.2002629172382));
#4864=CARTESIAN_POINT('',(818.604652859481,-2017.56703975641,75.2002629172381));
#4865=CARTESIAN_POINT('',(820.719907283889,-2018.98040754106,75.2002629172382));
#4866=CARTESIAN_POINT('',(822.133275043155,-2021.09566199553,75.2002629172381));
#4867=CARTESIAN_POINT('',(822.629583928921,-2023.59077457689,75.2002629172382));
#4868=CARTESIAN_POINT('',(822.133274893548,-2026.08588753383,75.2002629172382));
#4869=CARTESIAN_POINT('',(820.719907691943,-2028.2011413327,75.2002629172381));
#4870=CARTESIAN_POINT('',(818.604651973156,-2029.61451048373,75.2002629172382));
#4871=CARTESIAN_POINT('',(816.109540169977,-2030.11081762319,75.2002629172381));
#4872=CARTESIAN_POINT('',(813.614428366806,-2029.61451048372,75.2002629172382));
#4873=CARTESIAN_POINT('',(811.49917264802,-2028.20114133268,75.2002629172381));
#4874=CARTESIAN_POINT('',(821.20986506626,-2028.69109955221,75.8669295839047));
#4875=CARTESIAN_POINT('',(818.869816113324,-2030.25467027424,75.866929583905));
#4876=CARTESIAN_POINT('',(816.109540169976,-2030.80372329674,75.8669295839047));
#4877=CARTESIAN_POINT('',(813.349264226635,-2030.25467027423,75.866929583905));
#4878=CARTESIAN_POINT('',(811.009215273701,-2028.69109955218,75.8669295839047));
#4879=CARTESIAN_POINT('',(809.445644551671,-2026.35105059925,75.8669295839047));
#4880=CARTESIAN_POINT('',(808.89659152917,-2023.5907746559,75.866929583905));
#4881=CARTESIAN_POINT('',(809.445644551688,-2020.83049871256,75.866929583905));
#4882=CARTESIAN_POINT('',(811.009215273728,-2018.49044975963,75.8669295839049));
#4883=CARTESIAN_POINT('',(813.349264226667,-2016.9268790376,75.8669295839049));
#4884=CARTESIAN_POINT('',(816.109540170012,-2016.37782601509,75.8669295839048));
#4885=CARTESIAN_POINT('',(818.869816113354,-2016.92687903761,75.8669295839047));
#4886=CARTESIAN_POINT('',(821.209865066287,-2018.49044975965,75.8669295839049));
#4887=CARTESIAN_POINT('',(822.773435788315,-2020.83049871259,75.8669295839048));
#4888=CARTESIAN_POINT('',(823.322488810822,-2023.59077465594,75.8669295839049));
#4889=CARTESIAN_POINT('',(822.773435788303,-2026.35105059928,75.8669295839049));
#4890=CARTESIAN_POINT('',(821.20986506626,-2028.69109955221,75.8669295839047));
#4891=CARTESIAN_POINT('',(818.869816113324,-2030.25467027424,75.866929583905));
#4892=CARTESIAN_POINT('',(816.109540169976,-2030.80372329674,75.8669295839047));
#4893=CARTESIAN_POINT('',(813.349264226635,-2030.25467027423,75.866929583905));
#4894=CARTESIAN_POINT('',(811.009215273701,-2028.69109955218,75.8669295839047));
#4895=CARTESIAN_POINT('',(816.109540169994,-2023.59077465592,68.8669295839048));
#4896=CARTESIAN_POINT('',(811.386473258068,-1861.75997904134,75.8669295839049));
#4897=CARTESIAN_POINT('',(808.746991010682,-1860.79161658218,75.8669295839049));
#4898=CARTESIAN_POINT('',(805.937851116242,-1860.9070524522,75.8669295839049));
#4899=CARTESIAN_POINT('',(803.386719658774,-1862.08871258663,75.8669295839049));
#4900=CARTESIAN_POINT('',(801.481983276596,-1864.15669994177,75.8669295839049));
#4901=CARTESIAN_POINT('',(800.513620817432,-1866.79618218916,75.8669295839049));
#4902=CARTESIAN_POINT('',(800.62905668746,-1869.6053220836,75.8669295839049));
#4903=CARTESIAN_POINT('',(801.810716821888,-1872.15645354107,75.8669295839049));
#4904=CARTESIAN_POINT('',(803.87870417703,-1874.06118992324,75.8669295839049));
#4905=CARTESIAN_POINT('',(806.518186424421,-1875.02955238241,75.8669295839049));
#4906=CARTESIAN_POINT('',(809.327326318855,-1874.91411651239,75.8669295839049));
#4907=CARTESIAN_POINT('',(811.878457776327,-1873.73245637796,75.8669295839049));
#4908=CARTESIAN_POINT('',(813.783194158503,-1871.66446902281,75.8669295839049));
#4909=CARTESIAN_POINT('',(814.751556617663,-1869.02498677542,75.8669295839049));
#4910=CARTESIAN_POINT('',(814.636120747644,-1866.21584688099,75.8669295839049));
#4911=CARTESIAN_POINT('',(813.454460613214,-1863.66471542351,75.8669295839049));
#4912=CARTESIAN_POINT('',(811.386473258068,-1861.75997904134,75.8669295839049));
#4913=CARTESIAN_POINT('',(808.746991010682,-1860.79161658218,75.8669295839049));
#4914=CARTESIAN_POINT('',(805.937851116242,-1860.9070524522,75.8669295839049));
#4915=CARTESIAN_POINT('',(803.386719658774,-1862.08871258663,75.8669295839049));
#4916=CARTESIAN_POINT('',(801.481983276596,-1864.15669994177,75.8669295839049));
#4917=CARTESIAN_POINT('',(811.025495910555,-1862.35142865043,75.2002629172382));
#4918=CARTESIAN_POINT('',(808.639827720718,-1861.47618404262,75.2002629172382));
#4919=CARTESIAN_POINT('',(806.100819201904,-1861.58052084455,75.2002629172383));
#4920=CARTESIAN_POINT('',(803.795007963464,-1862.64854938326,75.2002629172382));
#4921=CARTESIAN_POINT('',(802.073432262991,-1864.51767830955,75.2002629172383));
#4922=CARTESIAN_POINT('',(801.198189098378,-1866.90334417483,75.2002629172382));
#4923=CARTESIAN_POINT('',(801.302524328958,-1869.44235426096,75.2002629172382));
#4924=CARTESIAN_POINT('',(802.370554748011,-1871.74816584503,75.2002629172383));
#4925=CARTESIAN_POINT('',(804.239682024212,-1873.46974064398,75.2002629172382));
#4926=CARTESIAN_POINT('',(806.625348634622,-1874.34498422817,75.2002629172383));
#4927=CARTESIAN_POINT('',(809.164358402088,-1874.24064881799,75.2002629172382));
#4928=CARTESIAN_POINT('',(811.470170114741,-1873.17261847062,75.2002629172382));
#4929=CARTESIAN_POINT('',(813.191744878514,-1871.30349117682,75.2002629172382));
#4930=CARTESIAN_POINT('',(814.066988430963,-1868.91782454317,75.2002629172382));
#4931=CARTESIAN_POINT('',(813.962653143326,-1866.37881485728,75.2002629172383));
#4932=CARTESIAN_POINT('',(812.894622490536,-1864.07300294334,75.2002629172382));
#4933=CARTESIAN_POINT('',(811.025495910555,-1862.35142865043,75.2002629172382));
#4934=CARTESIAN_POINT('',(808.639827720718,-1861.47618404262,75.2002629172382));
#4935=CARTESIAN_POINT('',(806.100819201904,-1861.58052084455,75.2002629172383));
#4936=CARTESIAN_POINT('',(803.795007963464,-1862.64854938326,75.2002629172382));
#4937=CARTESIAN_POINT('',(802.073432262991,-1864.51767830955,75.2002629172383));
#4938=CARTESIAN_POINT('',(810.664518563042,-1862.94287825953,74.5335962505716));
#4939=CARTESIAN_POINT('',(808.532664430753,-1862.16075150306,74.5335962505715));
#4940=CARTESIAN_POINT('',(806.263787287566,-1862.25398923691,74.5335962505717));
#4941=CARTESIAN_POINT('',(804.203296268154,-1863.2083861799,74.5335962505715));
#4942=CARTESIAN_POINT('',(802.664881249386,-1864.87865667734,74.5335962505717));
#4943=CARTESIAN_POINT('',(801.882757379324,-1867.0105061605,74.5335962505715));
#4944=CARTESIAN_POINT('',(801.975991970456,-1869.27938643832,74.5335962505716));
#4945=CARTESIAN_POINT('',(802.930392674135,-1871.33987814899,74.5335962505716));
#4946=CARTESIAN_POINT('',(804.600659871395,-1872.87829136472,74.5335962505716));
#4947=CARTESIAN_POINT('',(806.732510844823,-1873.66041607392,74.5335962505716));
#4948=CARTESIAN_POINT('',(809.001390485321,-1873.5671811236,74.5335962505716));
#4949=CARTESIAN_POINT('',(811.061882453155,-1872.61278056328,74.5335962505716));
#4950=CARTESIAN_POINT('',(812.600295598525,-1870.94251333083,74.5335962505716));
#4951=CARTESIAN_POINT('',(813.382420244263,-1868.81066231091,74.5335962505716));
#4952=CARTESIAN_POINT('',(813.289185539009,-1866.54178283358,74.5335962505716));
#4953=CARTESIAN_POINT('',(812.334784367859,-1864.48129046317,74.5335962505715));
#4954=CARTESIAN_POINT('',(810.664518563042,-1862.94287825953,74.5335962505716));
#4955=CARTESIAN_POINT('',(808.532664430753,-1862.16075150306,74.5335962505715));
#4956=CARTESIAN_POINT('',(806.263787287566,-1862.25398923691,74.5335962505717));
#4957=CARTESIAN_POINT('',(804.203296268154,-1863.2083861799,74.5335962505715));
#4958=CARTESIAN_POINT('',(802.664881249386,-1864.87865667734,74.5335962505717));
#4959=CARTESIAN_POINT('',(810.303541215529,-1863.53432786862,73.8669295839049));
#4960=CARTESIAN_POINT('',(808.425501140789,-1862.84531896351,73.8669295839048));
#4961=CARTESIAN_POINT('',(806.426755373228,-1862.92745762926,73.866929583905));
#4962=CARTESIAN_POINT('',(804.611584572844,-1863.76822297653,73.8669295839048));
#4963=CARTESIAN_POINT('',(803.25633023578,-1865.23963504512,73.866929583905));
#4964=CARTESIAN_POINT('',(802.56732566027,-1867.11766814618,73.8669295839048));
#4965=CARTESIAN_POINT('',(802.649459611955,-1869.11641861567,73.8669295839049));
#4966=CARTESIAN_POINT('',(803.490230600258,-1870.93159045295,73.866929583905));
#4967=CARTESIAN_POINT('',(804.961637718577,-1872.28684208546,73.8669295839049));
#4968=CARTESIAN_POINT('',(806.839673055024,-1872.97584791968,73.8669295839049));
#4969=CARTESIAN_POINT('',(808.838422568554,-1872.89371342921,73.8669295839049));
#4970=CARTESIAN_POINT('',(810.653594791569,-1872.05294265594,73.8669295839049));
#4971=CARTESIAN_POINT('',(812.008846318536,-1870.58153548483,73.8669295839049));
#4972=CARTESIAN_POINT('',(812.697852057562,-1868.70350007866,73.8669295839049));
#4973=CARTESIAN_POINT('',(812.615717934691,-1866.70475080987,73.866929583905));
#4974=CARTESIAN_POINT('',(811.774946245181,-1864.889577983,73.8669295839049));
#4975=CARTESIAN_POINT('',(810.303541215529,-1863.53432786862,73.8669295839049));
#4976=CARTESIAN_POINT('',(808.425501140789,-1862.84531896351,73.8669295839048));
#4977=CARTESIAN_POINT('',(806.426755373228,-1862.92745762926,73.866929583905));
#4978=CARTESIAN_POINT('',(804.611584572844,-1863.76822297653,73.8669295839048));
#4979=CARTESIAN_POINT('',(803.25633023578,-1865.23963504512,73.866929583905));
#4980=CARTESIAN_POINT('',(807.63258871755,-1867.91058448229,68.8669295839048));
#4981=CARTESIAN_POINT('',(819.73999294331,-1851.94769339836,73.8669295839048));
#4982=CARTESIAN_POINT('',(820.229950317627,-1851.45773517885,74.5335962505714));
#4983=CARTESIAN_POINT('',(820.719907691943,-1850.96777695934,75.2002629172381));
#4984=CARTESIAN_POINT('',(821.20986506626,-1850.47781873983,75.8669295839047));
#4985=CARTESIAN_POINT('',(818.074323692821,-1850.83472738933,73.8669295839048));
#4986=CARTESIAN_POINT('',(818.339487832989,-1850.19456759882,74.5335962505715));
#4987=CARTESIAN_POINT('',(818.604651973156,-1849.55440780831,75.2002629172382));
#4988=CARTESIAN_POINT('',(818.869816113324,-1848.9142480178,75.866929583905));
#4989=CARTESIAN_POINT('',(816.10954016998,-1850.44391201596,73.8669295839048));
#4990=CARTESIAN_POINT('',(816.109540169979,-1849.75100634241,74.5335962505714));
#4991=CARTESIAN_POINT('',(816.109540169977,-1849.05810066885,75.2002629172381));
#4992=CARTESIAN_POINT('',(816.109540169976,-1848.3651949953,75.8669295839047));
#4993=CARTESIAN_POINT('',(814.144756647147,-1850.83472738933,73.8669295839048));
#4994=CARTESIAN_POINT('',(813.879592506977,-1850.19456759883,74.5335962505715));
#4995=CARTESIAN_POINT('',(813.614428366806,-1849.55440780832,75.2002629172382));
#4996=CARTESIAN_POINT('',(813.349264226635,-1848.91424801782,75.866929583905));
#4997=CARTESIAN_POINT('',(812.479087396657,-1851.94769339838,73.8669295839049));
#4998=CARTESIAN_POINT('',(811.989130022338,-1851.45773517887,74.5335962505715));
#4999=CARTESIAN_POINT('',(811.49917264802,-1850.96777695937,75.2002629172381));
#5000=CARTESIAN_POINT('',(811.009215273701,-1850.47781873986,75.8669295839047));
#5001=CARTESIAN_POINT('',(811.366127235942,-1853.61335688912,73.8669295839048));
#5002=CARTESIAN_POINT('',(810.725966341185,-1853.34819382368,74.5335962505715));
#5003=CARTESIAN_POINT('',(810.085805446428,-1853.08303075824,75.2002629172381));
#5004=CARTESIAN_POINT('',(809.445644551671,-1852.81786769279,75.8669295839047));
#5005=CARTESIAN_POINT('',(810.975306174873,-1855.57814387327,73.8669295839048));
#5006=CARTESIAN_POINT('',(810.282401292972,-1855.57814379423,74.5335962505715));
#5007=CARTESIAN_POINT('',(809.589496411071,-1855.57814371518,75.2002629172383));
#5008=CARTESIAN_POINT('',(808.89659152917,-1855.57814363614,75.866929583905));
#5009=CARTESIAN_POINT('',(811.366126787164,-1857.54292973065,73.8669295839049));
#5010=CARTESIAN_POINT('',(810.725966042005,-1857.80809301359,74.5335962505716));
#5011=CARTESIAN_POINT('',(810.085805296847,-1858.07325629654,75.2002629172383));
#5012=CARTESIAN_POINT('',(809.445644551688,-1858.33841957948,75.866929583905));
#5013=CARTESIAN_POINT('',(812.479088620915,-1859.20859518818,73.8669295839048));
#5014=CARTESIAN_POINT('',(811.98913083852,-1859.69855296959,74.5335962505715));
#5015=CARTESIAN_POINT('',(811.499173056124,-1860.188510751,75.2002629172382));
#5016=CARTESIAN_POINT('',(811.009215273728,-1860.67846853242,75.8669295839049));
#5017=CARTESIAN_POINT('',(814.144753988281,-1860.32155709804,73.8669295839048));
#5018=CARTESIAN_POINT('',(813.87959073441,-1860.96171781684,74.5335962505715));
#5019=CARTESIAN_POINT('',(813.614427480538,-1861.60187853564,75.2002629172382));
#5020=CARTESIAN_POINT('',(813.349264226667,-1862.24203925445,75.8669295839049));
#5021=CARTESIAN_POINT('',(816.109540170006,-1860.71237741061,73.8669295839049));
#5022=CARTESIAN_POINT('',(816.109540170008,-1861.40528236605,74.5335962505715));
#5023=CARTESIAN_POINT('',(816.10954017001,-1862.0981873215,75.2002629172382));
#5024=CARTESIAN_POINT('',(816.109540170012,-1862.79109227695,75.8669295839048));
#5025=CARTESIAN_POINT('',(818.074326351733,-1860.32155709803,73.8669295839047));
#5026=CARTESIAN_POINT('',(818.339489605606,-1860.96171781683,74.5335962505714));
#5027=CARTESIAN_POINT('',(818.604652859481,-1861.60187853563,75.2002629172381));
#5028=CARTESIAN_POINT('',(818.869816113354,-1862.24203925443,75.8669295839047));
#5029=CARTESIAN_POINT('',(819.739991719092,-1859.20859518816,73.8669295839049));
#5030=CARTESIAN_POINT('',(820.229949501491,-1859.69855296957,74.5335962505716));
#5031=CARTESIAN_POINT('',(820.719907283889,-1860.18851075098,75.2002629172382));
#5032=CARTESIAN_POINT('',(821.209865066287,-1860.67846853239,75.8669295839049));
#5033=CARTESIAN_POINT('',(820.852953552836,-1857.54292973063,73.8669295839047));
#5034=CARTESIAN_POINT('',(821.493114297995,-1857.80809301357,74.5335962505714));
#5035=CARTESIAN_POINT('',(822.133275043155,-1858.07325629651,75.2002629172381));
#5036=CARTESIAN_POINT('',(822.773435788315,-1858.33841957945,75.8669295839048));
#5037=CARTESIAN_POINT('',(821.243774165117,-1855.57814387324,73.8669295839049));
#5038=CARTESIAN_POINT('',(821.936679047019,-1855.5781437942,74.5335962505716));
#5039=CARTESIAN_POINT('',(822.629583928921,-1855.57814371515,75.2002629172382));
#5040=CARTESIAN_POINT('',(823.322488810822,-1855.57814363611,75.8669295839049));
#5041=CARTESIAN_POINT('',(820.852953104039,-1853.6133568891,73.8669295839047));
#5042=CARTESIAN_POINT('',(821.493113998793,-1853.34819382365,74.5335962505715));
#5043=CARTESIAN_POINT('',(822.133274893548,-1853.08303075821,75.2002629172382));
#5044=CARTESIAN_POINT('',(822.773435788303,-1852.81786769276,75.8669295839049));
#5045=CARTESIAN_POINT('',(819.73999294331,-1851.94769339836,73.8669295839048));
#5046=CARTESIAN_POINT('',(820.229950317627,-1851.45773517885,74.5335962505714));
#5047=CARTESIAN_POINT('',(820.719907691943,-1850.96777695934,75.2002629172381));
#5048=CARTESIAN_POINT('',(821.20986506626,-1850.47781873983,75.8669295839047));
#5049=CARTESIAN_POINT('',(818.074323692821,-1850.83472738933,73.8669295839048));
#5050=CARTESIAN_POINT('',(818.339487832989,-1850.19456759882,74.5335962505715));
#5051=CARTESIAN_POINT('',(818.604651973156,-1849.55440780831,75.2002629172382));
#5052=CARTESIAN_POINT('',(818.869816113324,-1848.9142480178,75.866929583905));
#5053=CARTESIAN_POINT('',(816.10954016998,-1850.44391201596,73.8669295839048));
#5054=CARTESIAN_POINT('',(816.109540169979,-1849.75100634241,74.5335962505714));
#5055=CARTESIAN_POINT('',(816.109540169977,-1849.05810066885,75.2002629172381));
#5056=CARTESIAN_POINT('',(816.109540169976,-1848.3651949953,75.8669295839047));
#5057=CARTESIAN_POINT('',(814.144756647147,-1850.83472738933,73.8669295839048));
#5058=CARTESIAN_POINT('',(813.879592506977,-1850.19456759883,74.5335962505715));
#5059=CARTESIAN_POINT('',(813.614428366806,-1849.55440780832,75.2002629172382));
#5060=CARTESIAN_POINT('',(813.349264226635,-1848.91424801782,75.866929583905));
#5061=CARTESIAN_POINT('',(812.479087396657,-1851.94769339838,73.8669295839049));
#5062=CARTESIAN_POINT('',(811.989130022338,-1851.45773517887,74.5335962505715));
#5063=CARTESIAN_POINT('',(811.49917264802,-1850.96777695937,75.2002629172381));
#5064=CARTESIAN_POINT('',(811.009215273701,-1850.47781873986,75.8669295839047));
#5065=CARTESIAN_POINT('',(816.109540169995,-1855.57814363612,68.8669295839048));
#5066=CARTESIAN_POINT('',(886.32560831205,-2067.79437807203,89.2670291600677));
#5067=CARTESIAN_POINT('',(783.305872398515,-2067.79437807203,89.2670291600677));
#5068=CARTESIAN_POINT('',(783.305680371178,-1811.37437807203,89.2670291600677));
#5069=CARTESIAN_POINT('',(790.30586715637,-2060.79437807203,45.8669295839032));
#5070=CARTESIAN_POINT('',(790.305685613338,-1818.37439221548,45.8669295839127));
#5071=CARTESIAN_POINT('',(790.30586715637,-2060.79437807203,45.8669295839049));
#5072=CARTESIAN_POINT('',(790.305685613324,-1818.37437807203,45.8669295839049));
#5073=CARTESIAN_POINT('',(918.934708573084,-1946.655445884,25.8669295839049));
#5074=CARTESIAN_POINT('',(829.33558972307,-1828.77205637147,25.8669295839049));
#5075=CARTESIAN_POINT('',(926.005763624677,-1939.58437819837,43.7879033258184));
#5076=CARTESIAN_POINT('',(807.632588717539,-2011.25832541707,80.2024496826581));
#5077=CARTESIAN_POINT('',(807.632588717539,-2011.25832541707,80.2024496826581));
#5078=CARTESIAN_POINT('',(809.532588717539,-2011.25832541707,74.8669295839049));
#5079=CARTESIAN_POINT('',(809.532731889619,-2011.00963027174,74.8669295839053));
#5080=CARTESIAN_POINT('',(809.433671533999,-2010.51228157644,74.8669295839046));
#5081=CARTESIAN_POINT('',(809.011139356527,-2009.87979357578,74.866929583905));
#5082=CARTESIAN_POINT('',(808.37862827046,-2009.45719648872,74.8669295839049));
#5083=CARTESIAN_POINT('',(807.632598598816,-2009.30879175583,74.8669295839049));
#5084=CARTESIAN_POINT('',(806.886525321115,-2009.45719610185,74.8669295839051));
#5085=CARTESIAN_POINT('',(806.254076404011,-2009.87979450971,74.8669295839049));
#5086=CARTESIAN_POINT('',(805.831431330813,-2010.512279684,74.8669295839049));
#5087=CARTESIAN_POINT('',(805.73252581394,-2011.00964334054,74.8669295839048));
#5088=CARTESIAN_POINT('',(805.732528701323,-2011.25832503198,74.8669295839048));
#5089=CARTESIAN_POINT('',(810.532588717539,-2011.25832541707,75.8669295839049));
#5090=CARTESIAN_POINT('',(810.532807695445,-2010.87873728256,75.8669295839052));
#5091=CARTESIAN_POINT('',(810.381609768138,-2010.1196275614,75.8669295839045));
#5092=CARTESIAN_POINT('',(809.736692526515,-2009.15425005039,75.8669295839051));
#5093=CARTESIAN_POINT('',(808.771280654695,-2008.50923396326,75.8669295839049));
#5094=CARTESIAN_POINT('',(807.632603848178,-2008.28272116181,75.8669295839049));
#5095=CARTESIAN_POINT('',(806.49386027031,-2008.50923325497,75.8669295839049));
#5096=CARTESIAN_POINT('',(805.528543592705,-2009.15425176077,75.8669295839047));
#5097=CARTESIAN_POINT('',(804.883453494354,-2010.11962409131,75.8669295839047));
#5098=CARTESIAN_POINT('',(804.732492589913,-2010.87875802996,75.8669295839048));
#5099=CARTESIAN_POINT('',(804.732497010286,-2011.25832481558,75.8669295839049));
#5100=CARTESIAN_POINT('',(805.732528701323,-2011.25832503198,74.8669295839048));
#5101=CARTESIAN_POINT('',(805.732531588707,-2011.50700672342,74.8669295839048));
#5102=CARTESIAN_POINT('',(805.831448655113,-2012.00436983265,74.8669295839048));
#5103=CARTESIAN_POINT('',(806.254065242714,-2012.6368748081,74.8669295839048));
#5104=CARTESIAN_POINT('',(806.886531563083,-2013.05944247521,74.8669295839049));
#5105=CARTESIAN_POINT('',(807.63259519405,-2013.20786599302,74.866929583905));
#5106=CARTESIAN_POINT('',(808.378630158191,-2013.05945048299,74.866929583905));
#5107=CARTESIAN_POINT('',(809.011138228512,-2012.63685957024,74.8669295839049));
#5108=CARTESIAN_POINT('',(809.433672375411,-2012.00436753258,74.8669295839049));
#5109=CARTESIAN_POINT('',(809.532731469216,-2011.50702142446,74.8669295839049));
#5110=CARTESIAN_POINT('',(809.532588717539,-2011.25832541707,74.8669295839049));
#5111=CARTESIAN_POINT('',(804.732497010286,-2011.25832481558,75.8669295839049));
#5112=CARTESIAN_POINT('',(804.732501430659,-2011.6378916012,75.8669295839049));
#5113=CARTESIAN_POINT('',(804.88348001659,-2012.39702480505,75.8669295839047));
#5114=CARTESIAN_POINT('',(805.528526538348,-2013.36242734405,75.8669295839048));
#5115=CARTESIAN_POINT('',(806.493869804378,-2014.00739882664,75.8669295839049));
#5116=CARTESIAN_POINT('',(807.632598648114,-2014.23394025192,75.8669295839049));
#5117=CARTESIAN_POINT('',(808.77128353775,-2014.00741096124,75.8669295839048));
#5118=CARTESIAN_POINT('',(809.736690803748,-2013.362404321,75.8669295839049));
#5119=CARTESIAN_POINT('',(810.381611053185,-2012.39702063325,75.8669295839048));
#5120=CARTESIAN_POINT('',(810.532807053386,-2011.63791487056,75.8669295839048));
#5121=CARTESIAN_POINT('',(810.532588717539,-2011.25832541707,75.8669295839049));
#5122=CARTESIAN_POINT('',(816.109540169994,-2023.59077465593,78.540583477811));
#5123=CARTESIAN_POINT('',(816.109540169994,-2023.59077465593,78.540583477811));
#5124=CARTESIAN_POINT('',(818.009540169995,-2023.59077465593,74.8669295839048));
#5125=CARTESIAN_POINT('',(819.009540169995,-2023.59077465593,75.8669295839048));
#5126=CARTESIAN_POINT('',(818.009683342071,-2023.83946980125,74.8669295839048));
#5127=CARTESIAN_POINT('',(819.009759147898,-2023.97036279044,75.8669295839049));
#5128=CARTESIAN_POINT('',(817.910622986458,-2024.33681849656,74.8669295839046));
#5129=CARTESIAN_POINT('',(818.858561220597,-2024.7294725116,75.8669295839047));
#5130=CARTESIAN_POINT('',(817.488090808984,-2024.96930649722,74.866929583905));
#5131=CARTESIAN_POINT('',(818.213643978969,-2025.6948500226,75.8669295839048));
#5132=CARTESIAN_POINT('',(816.855579722917,-2025.39190358428,74.8669295839049));
#5133=CARTESIAN_POINT('',(817.24823210715,-2026.33986610974,75.8669295839047));
#5134=CARTESIAN_POINT('',(816.109550051275,-2025.54030831717,74.8669295839048));
#5135=CARTESIAN_POINT('',(816.109555300634,-2026.56637891119,75.8669295839047));
#5136=CARTESIAN_POINT('',(815.363476773574,-2025.39190397115,74.8669295839049));
#5137=CARTESIAN_POINT('',(814.970811722765,-2026.33986681802,75.8669295839048));
#5138=CARTESIAN_POINT('',(814.731027856471,-2024.96930556329,74.8669295839048));
#5139=CARTESIAN_POINT('',(814.005495045162,-2025.69484831223,75.8669295839049));
#5140=CARTESIAN_POINT('',(814.308382783274,-2024.336820389,74.866929583905));
#5141=CARTESIAN_POINT('',(813.360404946812,-2024.72947598169,75.8669295839049));
#5142=CARTESIAN_POINT('',(814.209477266396,-2023.83945673246,74.8669295839048));
#5143=CARTESIAN_POINT('',(813.209444042371,-2023.97034204304,75.8669295839048));
#5144=CARTESIAN_POINT('',(814.209480153778,-2023.59077504102,74.8669295839048));
#5145=CARTESIAN_POINT('',(813.209448462743,-2023.59077525742,75.8669295839048));
#5146=CARTESIAN_POINT('',(814.209480153778,-2023.59077504102,74.8669295839048));
#5147=CARTESIAN_POINT('',(813.209448462743,-2023.59077525742,75.8669295839048));
#5148=CARTESIAN_POINT('',(814.209483041161,-2023.34209334957,74.8669295839048));
#5149=CARTESIAN_POINT('',(813.209452883115,-2023.2112084718,75.8669295839048));
#5150=CARTESIAN_POINT('',(814.308400107569,-2022.84473024035,74.8669295839049));
#5151=CARTESIAN_POINT('',(813.360431469047,-2022.45207526795,75.8669295839049));
#5152=CARTESIAN_POINT('',(814.731016695168,-2022.2122252649,74.8669295839048));
#5153=CARTESIAN_POINT('',(814.005477990803,-2021.48667272895,75.8669295839048));
#5154=CARTESIAN_POINT('',(815.363483015538,-2021.78965759779,74.8669295839048));
#5155=CARTESIAN_POINT('',(814.970821256833,-2020.84170124636,75.8669295839046));
#5156=CARTESIAN_POINT('',(816.109546646504,-2021.64123407997,74.8669295839049));
#5157=CARTESIAN_POINT('',(816.10955010057,-2020.61515982107,75.8669295839049));
#5158=CARTESIAN_POINT('',(816.855581610646,-2021.78964959001,74.8669295839047));
#5159=CARTESIAN_POINT('',(817.248234990206,-2020.84168911176,75.8669295839046));
#5160=CARTESIAN_POINT('',(817.488089680966,-2022.21224050276,74.8669295839047));
#5161=CARTESIAN_POINT('',(818.213642256202,-2021.486695752,75.8669295839046));
#5162=CARTESIAN_POINT('',(817.910623827868,-2022.84473254041,74.8669295839048));
#5163=CARTESIAN_POINT('',(818.858562505642,-2022.45207943975,75.8669295839047));
#5164=CARTESIAN_POINT('',(818.009682921672,-2023.34207864854,74.8669295839048));
#5165=CARTESIAN_POINT('',(819.009758505841,-2023.21118520243,75.8669295839048));
#5166=CARTESIAN_POINT('',(818.009540169995,-2023.59077465593,74.8669295839048));
#5167=CARTESIAN_POINT('',(819.009540169995,-2023.59077465593,75.8669295839048));
#5168=CARTESIAN_POINT('',(807.632588717539,-1867.91059287497,80.2024496826581));
#5169=CARTESIAN_POINT('',(807.632588717539,-1867.91059287497,80.2024496826581));
#5170=CARTESIAN_POINT('',(809.532588717539,-1867.91059287497,74.8669295839049));
#5171=CARTESIAN_POINT('',(810.532588717539,-1867.91059287497,75.8669295839049));
#5172=CARTESIAN_POINT('',(809.532731889619,-1868.1592880203,74.8669295839053));
#5173=CARTESIAN_POINT('',(810.532807695445,-1868.29018100948,75.8669295839052));
#5174=CARTESIAN_POINT('',(809.433671533999,-1868.6566367156,74.8669295839046));
#5175=CARTESIAN_POINT('',(810.381609768138,-1869.04929073064,75.8669295839045));
#5176=CARTESIAN_POINT('',(809.011139356527,-1869.28912471626,74.866929583905));
#5177=CARTESIAN_POINT('',(809.736692526515,-1870.01466824165,75.8669295839051));
#5178=CARTESIAN_POINT('',(808.37862827046,-1869.71172180332,74.8669295839049));
#5179=CARTESIAN_POINT('',(808.771280654695,-1870.65968432878,75.8669295839049));
#5180=CARTESIAN_POINT('',(807.632598598816,-1869.86012653621,74.8669295839049));
#5181=CARTESIAN_POINT('',(807.632603848178,-1870.88619713023,75.8669295839049));
#5182=CARTESIAN_POINT('',(806.886525321115,-1869.71172219019,74.8669295839051));
#5183=CARTESIAN_POINT('',(806.49386027031,-1870.65968503707,75.8669295839049));
#5184=CARTESIAN_POINT('',(806.254076404011,-1869.28912378233,74.8669295839049));
#5185=CARTESIAN_POINT('',(805.528543592705,-1870.01466653127,75.8669295839047));
#5186=CARTESIAN_POINT('',(805.831431330813,-1868.65663860804,74.8669295839049));
#5187=CARTESIAN_POINT('',(804.883453494354,-1869.04929420073,75.8669295839047));
#5188=CARTESIAN_POINT('',(805.73252581394,-1868.1592749515,74.8669295839048));
#5189=CARTESIAN_POINT('',(804.732492589913,-1868.29016026208,75.8669295839048));
#5190=CARTESIAN_POINT('',(805.732528701323,-1867.91059326006,74.8669295839048));
#5191=CARTESIAN_POINT('',(804.732497010286,-1867.91059347646,75.8669295839049));
#5192=CARTESIAN_POINT('',(805.732528701323,-1867.91059326006,74.8669295839048));
#5193=CARTESIAN_POINT('',(804.732497010286,-1867.91059347646,75.8669295839049));
#5194=CARTESIAN_POINT('',(805.732531588707,-1867.66191156862,74.8669295839048));
#5195=CARTESIAN_POINT('',(804.732501430659,-1867.53102669084,75.8669295839049));
#5196=CARTESIAN_POINT('',(805.831448655113,-1867.16454845939,74.8669295839048));
#5197=CARTESIAN_POINT('',(804.88348001659,-1866.77189348699,75.8669295839047));
#5198=CARTESIAN_POINT('',(806.254065242714,-1866.53204348394,74.8669295839048));
#5199=CARTESIAN_POINT('',(805.528526538348,-1865.806490948,75.8669295839048));
#5200=CARTESIAN_POINT('',(806.886531563083,-1866.10947581683,74.8669295839049));
#5201=CARTESIAN_POINT('',(806.493869804378,-1865.1615194654,75.8669295839049));
#5202=CARTESIAN_POINT('',(807.63259519405,-1865.96105229902,74.866929583905));
#5203=CARTESIAN_POINT('',(807.632598648114,-1864.93497804012,75.8669295839049));
#5204=CARTESIAN_POINT('',(808.378630158191,-1866.10946780905,74.866929583905));
#5205=CARTESIAN_POINT('',(808.77128353775,-1865.1615073308,75.8669295839048));
#5206=CARTESIAN_POINT('',(809.011138228512,-1866.5320587218,74.8669295839049));
#5207=CARTESIAN_POINT('',(809.736690803748,-1865.80651397104,75.8669295839049));
#5208=CARTESIAN_POINT('',(809.433672375411,-1867.16455075946,74.8669295839049));
#5209=CARTESIAN_POINT('',(810.381611053185,-1866.77189765879,75.8669295839048));
#5210=CARTESIAN_POINT('',(809.532731469216,-1867.66189686758,74.8669295839049));
#5211=CARTESIAN_POINT('',(810.532807053386,-1867.53100342148,75.8669295839048));
#5212=CARTESIAN_POINT('',(809.532588717539,-1867.91059287497,74.8669295839049));
#5213=CARTESIAN_POINT('',(810.532588717539,-1867.91059287497,75.8669295839049));
#5214=CARTESIAN_POINT('',(816.109540169995,-1855.57814363611,78.540583477811));
#5215=CARTESIAN_POINT('',(816.109540169994,-1855.57814363611,78.540583477811));
#5216=CARTESIAN_POINT('',(818.009540169995,-1855.57814363611,74.8669295839048));
#5217=CARTESIAN_POINT('',(818.009683342071,-1855.32944849079,74.8669295839048));
#5218=CARTESIAN_POINT('',(817.910622986458,-1854.83209979548,74.8669295839046));
#5219=CARTESIAN_POINT('',(817.488090808984,-1854.19961179482,74.866929583905));
#5220=CARTESIAN_POINT('',(816.855579722917,-1853.77701470776,74.8669295839049));
#5221=CARTESIAN_POINT('',(816.109550051275,-1853.62860997487,74.8669295839048));
#5222=CARTESIAN_POINT('',(815.363476773574,-1853.77701432089,74.8669295839049));
#5223=CARTESIAN_POINT('',(814.731027856471,-1854.19961272875,74.8669295839048));
#5224=CARTESIAN_POINT('',(814.308382783274,-1854.83209790304,74.866929583905));
#5225=CARTESIAN_POINT('',(814.209477266396,-1855.32946155958,74.8669295839048));
#5226=CARTESIAN_POINT('',(814.209480153778,-1855.57814325102,74.8669295839048));
#5227=CARTESIAN_POINT('',(819.009540169995,-1855.57814363611,75.8669295839048));
#5228=CARTESIAN_POINT('',(819.009759147898,-1855.1985555016,75.8669295839049));
#5229=CARTESIAN_POINT('',(818.858561220597,-1854.43944578044,75.8669295839047));
#5230=CARTESIAN_POINT('',(818.213643978969,-1853.47406826944,75.8669295839048));
#5231=CARTESIAN_POINT('',(817.24823210715,-1852.82905218231,75.8669295839047));
#5232=CARTESIAN_POINT('',(816.109555300634,-1852.60253938085,75.8669295839047));
#5233=CARTESIAN_POINT('',(814.970811722765,-1852.82905147402,75.8669295839048));
#5234=CARTESIAN_POINT('',(814.005495045162,-1853.47406997982,75.8669295839049));
#5235=CARTESIAN_POINT('',(813.360404946812,-1854.43944231035,75.8669295839049));
#5236=CARTESIAN_POINT('',(813.209444042371,-1855.198576249,75.8669295839048));
#5237=CARTESIAN_POINT('',(813.209448462743,-1855.57814303462,75.8669295839048));
#5238=CARTESIAN_POINT('',(814.209480153778,-1855.57814325102,74.8669295839048));
#5239=CARTESIAN_POINT('',(814.209483041161,-1855.82682494247,74.8669295839048));
#5240=CARTESIAN_POINT('',(814.308400107569,-1856.32418805169,74.8669295839049));
#5241=CARTESIAN_POINT('',(814.731016695168,-1856.95669302714,74.8669295839048));
#5242=CARTESIAN_POINT('',(815.363483015538,-1857.37926069425,74.8669295839048));
#5243=CARTESIAN_POINT('',(816.109546646504,-1857.52768421207,74.8669295839049));
#5244=CARTESIAN_POINT('',(816.855581610646,-1857.37926870203,74.8669295839047));
#5245=CARTESIAN_POINT('',(817.488089680966,-1856.95667778929,74.8669295839047));
#5246=CARTESIAN_POINT('',(817.910623827868,-1856.32418575163,74.8669295839048));
#5247=CARTESIAN_POINT('',(818.009682921672,-1855.8268396435,74.8669295839048));
#5248=CARTESIAN_POINT('',(818.009540169995,-1855.57814363611,74.8669295839048));
#5249=CARTESIAN_POINT('',(813.209448462743,-1855.57814303462,75.8669295839048));
#5250=CARTESIAN_POINT('',(813.209452883115,-1855.95770982024,75.8669295839048));
#5251=CARTESIAN_POINT('',(813.360431469047,-1856.71684302409,75.8669295839049));
#5252=CARTESIAN_POINT('',(814.005477990803,-1857.68224556309,75.8669295839048));
#5253=CARTESIAN_POINT('',(814.970821256833,-1858.32721704568,75.8669295839046));
#5254=CARTESIAN_POINT('',(816.10955010057,-1858.55375847097,75.8669295839049));
#5255=CARTESIAN_POINT('',(817.248234990206,-1858.32722918028,75.8669295839046));
#5256=CARTESIAN_POINT('',(818.213642256202,-1857.68222254004,75.8669295839046));
#5257=CARTESIAN_POINT('',(818.858562505642,-1856.71683885229,75.8669295839047));
#5258=CARTESIAN_POINT('',(819.009758505841,-1855.95773308961,75.8669295839048));
#5259=CARTESIAN_POINT('',(819.009540169995,-1855.57814363611,75.8669295839048));
#5260=CARTESIAN_POINT('',(926.005776384843,-1939.58437807312,21.0169295839049));
#5261=CARTESIAN_POINT('',(926.005776384843,-1939.58437807312,21.0169295839049));
#5262=CARTESIAN_POINT('',(926.005776384843,-1939.58437807312,18.956897063816));
#5263=CARTESIAN_POINT('',(926.005776384843,-1939.58437807312,18.956897063816));
#5264=CARTESIAN_POINT('',(926.005775854944,-1939.58437935132,32.3669295839049));
#5265=CARTESIAN_POINT('',(926.005775854943,-1939.58437935132,32.3669295839049));
#5266=CARTESIAN_POINT('',(926.005775854943,-1939.58437935132,47.9843331852123));
#5267=CARTESIAN_POINT('',(926.005775854943,-1939.58437935132,47.9843331852123));
#5268=CARTESIAN_POINT('',(805.257588717539,-2008.88332541707,67.8669295839049));
#5269=CARTESIAN_POINT('',(813.734540169995,-2021.21577465593,67.8669295839048));
#5270=CARTESIAN_POINT('',(805.257588717539,-1870.28559287497,67.8669295839049));
#5271=CARTESIAN_POINT('',(813.734540169995,-1857.95314363611,67.8669295839048));
#5272=CARTESIAN_POINT('',(925.383018056545,-1860.60825020401,15.5669295839052));
#5273=CARTESIAN_POINT('',(1001.30898033231,-1915.77169077709,15.5669295839052));
#5274=CARTESIAN_POINT('',(745.691915842003,-2103.59687807203,10.8669295839049));
#5275=CARTESIAN_POINT('',(938.089549438372,-1969.34582053725,25.8669295839049));
#5276=CARTESIAN_POINT('',(810.088887860588,-1827.5639331586,12.8669295839049));
#5277=CARTESIAN_POINT('',(1012.59952638484,-2026.17812807312,35.5669295839049));
#5278=CARTESIAN_POINT('',(1012.59952638484,-2026.17812807312,26.1669295839049));
#5279=CARTESIAN_POINT('',(928.005776385932,-2017.85047341858,20.8669295839049));
#5280=CARTESIAN_POINT('',(1012.59952638484,-2026.17812807312,35.5669295839049));
#5281=CARTESIAN_POINT('',(1012.59952638484,-2026.17812807312,26.1669295839049));
#5282=CARTESIAN_POINT('',(888.604779520081,-2008.3648048977,20.8669295839049));
#5283=CARTESIAN_POINT('',(1012.59952638484,-2026.17812807312,26.1669295839049));
#5284=CARTESIAN_POINT('',(1012.59952638484,-2026.17812807312,35.5669295839049));
#5285=CARTESIAN_POINT('',(859.225349560262,-1980.44947655381,20.8669295839049));
#5286=CARTESIAN_POINT('',(1012.59952638484,-2026.17812807312,35.5669295839049));
#5287=CARTESIAN_POINT('',(1012.59952638484,-2026.17812807312,26.1669295839049));
#5288=CARTESIAN_POINT('',(847.739681038295,-1941.58437807312,20.8669295839049));
#5289=CARTESIAN_POINT('',(1012.59952638484,-2026.17812807312,35.5669295839049));
#5290=CARTESIAN_POINT('',(1012.59952638484,-2026.17812807312,26.1669295839049));
#5291=CARTESIAN_POINT('',(857.225349559174,-1902.18338120726,20.8669295839049));
#5292=CARTESIAN_POINT('',(1012.59952638484,-2026.17812807312,35.5669295839049));
#5293=CARTESIAN_POINT('',(1012.59952638484,-2026.17812807312,26.1669295839049));
#5294=CARTESIAN_POINT('',(885.140677903059,-1872.80395124745,20.8669295839049));
#5295=CARTESIAN_POINT('',(1012.59952638484,-2026.17812807312,26.1669295839049));
#5296=CARTESIAN_POINT('',(1012.59952638484,-2026.17812807312,35.5669295839049));
#5297=CARTESIAN_POINT('',(924.005776383757,-1861.31828272548,20.8669295839049));
#5298=CARTESIAN_POINT('',(1012.59952638484,-2026.17812807312,35.5669295839049));
#5299=CARTESIAN_POINT('',(1012.59952638484,-2026.17812807312,26.1669295839049));
#5300=CARTESIAN_POINT('',(1012.59952638484,-2026.17812807312,35.5669295839049));
#5301=CARTESIAN_POINT('',(963.406773249608,-1870.80395124636,20.8669295839049));
#5302=CARTESIAN_POINT('',(1012.59952638484,-2026.17812807312,26.1669295839049));
#5303=CARTESIAN_POINT('',(992.786203209427,-1898.71927959024,20.8669295839049));
#5304=CARTESIAN_POINT('',(1012.59952638484,-2026.17812807312,35.5669295839049));
#5305=CARTESIAN_POINT('',(1012.59952638484,-2026.17812807312,26.1669295839049));
#5306=CARTESIAN_POINT('',(1004.27187173139,-1937.58437807094,20.8669295839049));
#5307=CARTESIAN_POINT('',(1012.59952638484,-2026.17812807312,35.5669295839049));
#5308=CARTESIAN_POINT('',(1012.59952638484,-2026.17812807312,26.1669295839049));
#5309=CARTESIAN_POINT('',(994.786203210516,-1976.98537493679,20.8669295839049));
#5310=CARTESIAN_POINT('',(1012.59952638484,-2026.17812807312,26.1669295839049));
#5311=CARTESIAN_POINT('',(1012.59952638484,-2026.17812807312,35.5669295839049));
#5312=CARTESIAN_POINT('',(966.87087486663,-2006.36480489661,20.8669295839049));
#5313=CARTESIAN_POINT('',(860.445276384842,-2005.14487814247,15.8669295839049));
#5314=CARTESIAN_POINT('',(926.005775854944,-1974.85345138334,48.8669295839049));
#5315=CARTESIAN_POINT('',(926.005775854944,-1905.20131211613,43.8669295839049));
#5316=CARTESIAN_POINT('',(777.536577141937,-2073.41857807229,15.8669295839049));
#5317=CARTESIAN_POINT('',(777.536577141937,-2073.41857807229,15.8669295839049));
#5318=CARTESIAN_POINT('',(886.325608389167,-1811.374378266,45.8669295839049));
#5319=CARTESIAN_POINT('',(780.30567812454,-1808.37437807203,75.8669295839049));
#5320=CARTESIAN_POINT('',(780.305874645148,-2070.79437807203,75.8669295839049));
#5321=CARTESIAN_POINT('',(886.325608042569,-2070.79437807203,75.8669295839049));
#5322=CARTESIAN_POINT('',(886.325608581531,-2067.79437807203,45.8669295839049));
#5323=CARTESIAN_POINT('',(926.005753731945,-1939.58437807066,45.8669295839049));
#5324=CARTESIAN_POINT('',(938.089549438372,-1969.34582053725,25.8669295839049));
#5325=CARTESIAN_POINT('',(822.284309255823,-1861.75291272195,63.8669295839048));
#5326=CARTESIAN_POINT('',(813.79859563194,-1874.07659139568,63.8669295839048));
#5327=CARTESIAN_POINT('',(822.284309255823,-2017.41600557009,63.8669295839048));
#5328=CARTESIAN_POINT('',(813.79859563194,-2005.09232689636,63.8669295839048));
#5329=CARTESIAN_POINT('',(777.536577141937,-2073.41857807229,15.8669295839049));
#5330=CARTESIAN_POINT('',(777.536577141937,-2073.41857807229,15.8669295839049));
#5331=CARTESIAN_POINT('',(779.211957977477,-1805.75017806739,75.8669295839049));
#5332=CARTESIAN_POINT('',(926.005776384843,-1939.58437807312,18.9568970638159));
#5333=CARTESIAN_POINT('',(926.005776384843,-1939.58437807312,18.9568970638159));
#5334=CARTESIAN_POINT('',(926.005776384843,-1939.58437807312,18.9568970638159));
#5335=CARTESIAN_POINT('',(926.005776384843,-1939.58437807312,18.9568970638159));
#5336=CARTESIAN_POINT('',(926.005776384843,-1939.58437807312,18.9568970638159));
#5337=CARTESIAN_POINT('',(926.005776384843,-1939.58437807312,18.9568970638159));
#5338=CARTESIAN_POINT('',(926.005776384843,-1939.58437807312,18.9568970638159));
#5339=CARTESIAN_POINT('',(926.005776384843,-1939.58437807312,18.9568970638159));
#5340=CARTESIAN_POINT('',(926.005776384843,-1939.58437807312,18.9568970638159));
#5341=CARTESIAN_POINT('',(926.005776384843,-1939.58437807312,18.9568970638159));
#5342=CARTESIAN_POINT('',(926.005776384843,-1939.58437807312,18.9568970638159));
#5343=CARTESIAN_POINT('',(816.109540169994,-2023.59077465592,68.8669295839048));
#5344=CARTESIAN_POINT('',(811.386473258068,-2017.4089392507,75.8669295839049));
#5345=CARTESIAN_POINT('',(811.025495910555,-2016.81748964161,75.2002629172382));
#5346=CARTESIAN_POINT('',(810.664518563042,-2016.22604003251,74.5335962505716));
#5347=CARTESIAN_POINT('',(810.303541215529,-2015.63459042342,73.8669295839049));
#5348=CARTESIAN_POINT('',(808.746991010682,-2018.37730170986,75.8669295839049));
#5349=CARTESIAN_POINT('',(808.639827720718,-2017.69273424942,75.2002629172382));
#5350=CARTESIAN_POINT('',(808.532664430753,-2017.00816678898,74.5335962505715));
#5351=CARTESIAN_POINT('',(808.425501140789,-2016.32359932853,73.8669295839048));
#5352=CARTESIAN_POINT('',(805.937851116242,-2018.26186583984,75.8669295839049));
#5353=CARTESIAN_POINT('',(806.100819201904,-2017.58839744749,75.2002629172383));
#5354=CARTESIAN_POINT('',(806.263787287566,-2016.91492905513,74.5335962505717));
#5355=CARTESIAN_POINT('',(806.426755373228,-2016.24146066278,73.866929583905));
#5356=CARTESIAN_POINT('',(803.386719658774,-2017.08020570541,75.8669295839049));
#5357=CARTESIAN_POINT('',(803.795007963464,-2016.52036890878,75.2002629172382));
#5358=CARTESIAN_POINT('',(804.203296268154,-2015.96053211214,74.5335962505715));
#5359=CARTESIAN_POINT('',(804.611584572844,-2015.40069531551,73.8669295839048));
#5360=CARTESIAN_POINT('',(801.481983276596,-2015.01221835027,75.8669295839049));
#5361=CARTESIAN_POINT('',(802.073432262991,-2014.65123998249,75.2002629172383));
#5362=CARTESIAN_POINT('',(802.664881249386,-2014.2902616147,74.5335962505717));
#5363=CARTESIAN_POINT('',(803.25633023578,-2013.92928324692,73.866929583905));
#5364=CARTESIAN_POINT('',(800.513620817432,-2012.37273610288,75.8669295839049));
#5365=CARTESIAN_POINT('',(801.198189098378,-2012.26557411721,75.2002629172382));
#5366=CARTESIAN_POINT('',(801.882757379324,-2012.15841213154,74.5335962505715));
#5367=CARTESIAN_POINT('',(802.56732566027,-2012.05125014586,73.8669295839048));
#5368=CARTESIAN_POINT('',(800.62905668746,-2009.56359620844,75.8669295839049));
#5369=CARTESIAN_POINT('',(801.302524328958,-2009.72656403108,75.2002629172382));
#5370=CARTESIAN_POINT('',(801.975991970456,-2009.88953185372,74.5335962505716));
#5371=CARTESIAN_POINT('',(802.649459611955,-2010.05249967637,73.8669295839049));
#5372=CARTESIAN_POINT('',(801.810716821888,-2007.01246475097,75.8669295839049));
#5373=CARTESIAN_POINT('',(802.370554748011,-2007.42075244701,75.2002629172383));
#5374=CARTESIAN_POINT('',(802.930392674135,-2007.82904014305,74.5335962505716));
#5375=CARTESIAN_POINT('',(803.490230600258,-2008.23732783909,73.866929583905));
#5376=CARTESIAN_POINT('',(803.87870417703,-2005.1077283688,75.8669295839049));
#5377=CARTESIAN_POINT('',(804.239682024212,-2005.69917764806,75.2002629172382));
#5378=CARTESIAN_POINT('',(804.600659871395,-2006.29062692732,74.5335962505716));
#5379=CARTESIAN_POINT('',(804.961637718577,-2006.88207620658,73.8669295839049));
#5380=CARTESIAN_POINT('',(806.518186424421,-2004.13936590963,75.8669295839049));
#5381=CARTESIAN_POINT('',(806.625348634622,-2004.82393406387,75.2002629172383));
#5382=CARTESIAN_POINT('',(806.732510844823,-2005.50850221812,74.5335962505716));
#5383=CARTESIAN_POINT('',(806.839673055024,-2006.19307037236,73.8669295839049));
#5384=CARTESIAN_POINT('',(809.327326318855,-2004.25480177965,75.8669295839049));
#5385=CARTESIAN_POINT('',(809.164358402088,-2004.92826947405,75.2002629172382));
#5386=CARTESIAN_POINT('',(809.001390485321,-2005.60173716844,74.5335962505716));
#5387=CARTESIAN_POINT('',(808.838422568554,-2006.27520486283,73.8669295839049));
#5388=CARTESIAN_POINT('',(811.878457776327,-2005.43646191408,75.8669295839049));
#5389=CARTESIAN_POINT('',(811.470170114741,-2005.99629982142,75.2002629172382));
#5390=CARTESIAN_POINT('',(811.061882453155,-2006.55613772876,74.5335962505716));
#5391=CARTESIAN_POINT('',(810.653594791569,-2007.11597563611,73.8669295839049));
#5392=CARTESIAN_POINT('',(813.783194158503,-2007.50444926923,75.8669295839049));
#5393=CARTESIAN_POINT('',(813.191744878514,-2007.86542711522,75.2002629172382));
#5394=CARTESIAN_POINT('',(812.600295598525,-2008.22640496121,74.5335962505716));
#5395=CARTESIAN_POINT('',(812.008846318536,-2008.58738280721,73.8669295839049));
#5396=CARTESIAN_POINT('',(814.751556617663,-2010.14393151662,75.8669295839049));
#5397=CARTESIAN_POINT('',(814.066988430963,-2010.25109374887,75.2002629172382));
#5398=CARTESIAN_POINT('',(813.382420244263,-2010.35825598113,74.5335962505716));
#5399=CARTESIAN_POINT('',(812.697852057562,-2010.46541821338,73.8669295839049));
#5400=CARTESIAN_POINT('',(814.636120747644,-2012.95307141105,75.8669295839049));
#5401=CARTESIAN_POINT('',(813.962653143326,-2012.79010343476,75.2002629172383));
#5402=CARTESIAN_POINT('',(813.289185539009,-2012.62713545846,74.5335962505716));
#5403=CARTESIAN_POINT('',(812.615717934691,-2012.46416748217,73.866929583905));
#5404=CARTESIAN_POINT('',(813.454460613214,-2015.50420286853,75.8669295839049));
#5405=CARTESIAN_POINT('',(812.894622490536,-2015.0959153487,75.2002629172382));
#5406=CARTESIAN_POINT('',(812.334784367859,-2014.68762782887,74.5335962505715));
#5407=CARTESIAN_POINT('',(811.774946245181,-2014.27934030904,73.8669295839049));
#5408=CARTESIAN_POINT('',(811.386473258068,-2017.4089392507,75.8669295839049));
#5409=CARTESIAN_POINT('',(811.025495910555,-2016.81748964161,75.2002629172382));
#5410=CARTESIAN_POINT('',(810.664518563042,-2016.22604003251,74.5335962505716));
#5411=CARTESIAN_POINT('',(810.303541215529,-2015.63459042342,73.8669295839049));
#5412=CARTESIAN_POINT('',(808.746991010682,-2018.37730170986,75.8669295839049));
#5413=CARTESIAN_POINT('',(808.639827720718,-2017.69273424942,75.2002629172382));
#5414=CARTESIAN_POINT('',(808.532664430753,-2017.00816678898,74.5335962505715));
#5415=CARTESIAN_POINT('',(808.425501140789,-2016.32359932853,73.8669295839048));
#5416=CARTESIAN_POINT('',(805.937851116242,-2018.26186583984,75.8669295839049));
#5417=CARTESIAN_POINT('',(806.100819201904,-2017.58839744749,75.2002629172383));
#5418=CARTESIAN_POINT('',(806.263787287566,-2016.91492905513,74.5335962505717));
#5419=CARTESIAN_POINT('',(806.426755373228,-2016.24146066278,73.866929583905));
#5420=CARTESIAN_POINT('',(803.386719658774,-2017.08020570541,75.8669295839049));
#5421=CARTESIAN_POINT('',(803.795007963464,-2016.52036890878,75.2002629172382));
#5422=CARTESIAN_POINT('',(804.203296268154,-2015.96053211214,74.5335962505715));
#5423=CARTESIAN_POINT('',(804.611584572844,-2015.40069531551,73.8669295839048));
#5424=CARTESIAN_POINT('',(801.481983276596,-2015.01221835027,75.8669295839049));
#5425=CARTESIAN_POINT('',(802.073432262991,-2014.65123998249,75.2002629172383));
#5426=CARTESIAN_POINT('',(802.664881249386,-2014.2902616147,74.5335962505717));
#5427=CARTESIAN_POINT('',(803.25633023578,-2013.92928324692,73.866929583905));
#5428=CARTESIAN_POINT('',(807.63258871755,-2011.25833380975,68.8669295839048));
#5429=CARTESIAN_POINT('',(819.73999294331,-1851.94769339836,73.8669295839048));
#5430=CARTESIAN_POINT('',(820.229950317627,-1851.45773517885,74.5335962505714));
#5431=CARTESIAN_POINT('',(820.719907691943,-1850.96777695934,75.2002629172381));
#5432=CARTESIAN_POINT('',(821.20986506626,-1850.47781873983,75.8669295839047));
#5433=CARTESIAN_POINT('',(818.074323692821,-1850.83472738933,73.8669295839048));
#5434=CARTESIAN_POINT('',(818.339487832989,-1850.19456759882,74.5335962505715));
#5435=CARTESIAN_POINT('',(818.604651973156,-1849.55440780831,75.2002629172382));
#5436=CARTESIAN_POINT('',(818.869816113324,-1848.9142480178,75.866929583905));
#5437=CARTESIAN_POINT('',(816.10954016998,-1850.44391201596,73.8669295839048));
#5438=CARTESIAN_POINT('',(816.109540169979,-1849.75100634241,74.5335962505714));
#5439=CARTESIAN_POINT('',(816.109540169977,-1849.05810066885,75.2002629172381));
#5440=CARTESIAN_POINT('',(816.109540169976,-1848.3651949953,75.8669295839047));
#5441=CARTESIAN_POINT('',(814.144756647147,-1850.83472738933,73.8669295839048));
#5442=CARTESIAN_POINT('',(813.879592506977,-1850.19456759883,74.5335962505715));
#5443=CARTESIAN_POINT('',(813.614428366806,-1849.55440780832,75.2002629172382));
#5444=CARTESIAN_POINT('',(813.349264226635,-1848.91424801782,75.866929583905));
#5445=CARTESIAN_POINT('',(812.479087396657,-1851.94769339838,73.8669295839049));
#5446=CARTESIAN_POINT('',(811.989130022338,-1851.45773517887,74.5335962505715));
#5447=CARTESIAN_POINT('',(811.49917264802,-1850.96777695937,75.2002629172381));
#5448=CARTESIAN_POINT('',(811.009215273701,-1850.47781873986,75.8669295839047));
#5449=CARTESIAN_POINT('',(811.366127235942,-1853.61335688912,73.8669295839048));
#5450=CARTESIAN_POINT('',(810.725966341185,-1853.34819382368,74.5335962505715));
#5451=CARTESIAN_POINT('',(810.085805446428,-1853.08303075824,75.2002629172381));
#5452=CARTESIAN_POINT('',(809.445644551671,-1852.81786769279,75.8669295839047));
#5453=CARTESIAN_POINT('',(810.975306174873,-1855.57814387327,73.8669295839048));
#5454=CARTESIAN_POINT('',(810.282401292972,-1855.57814379423,74.5335962505715));
#5455=CARTESIAN_POINT('',(809.589496411071,-1855.57814371518,75.2002629172383));
#5456=CARTESIAN_POINT('',(808.89659152917,-1855.57814363614,75.866929583905));
#5457=CARTESIAN_POINT('',(811.366126787164,-1857.54292973065,73.8669295839049));
#5458=CARTESIAN_POINT('',(810.725966042005,-1857.80809301359,74.5335962505716));
#5459=CARTESIAN_POINT('',(810.085805296847,-1858.07325629654,75.2002629172383));
#5460=CARTESIAN_POINT('',(809.445644551688,-1858.33841957948,75.866929583905));
#5461=CARTESIAN_POINT('',(812.479088620915,-1859.20859518818,73.8669295839048));
#5462=CARTESIAN_POINT('',(811.98913083852,-1859.69855296959,74.5335962505715));
#5463=CARTESIAN_POINT('',(811.499173056124,-1860.188510751,75.2002629172382));
#5464=CARTESIAN_POINT('',(811.009215273728,-1860.67846853242,75.8669295839049));
#5465=CARTESIAN_POINT('',(814.144753988281,-1860.32155709804,73.8669295839048));
#5466=CARTESIAN_POINT('',(813.87959073441,-1860.96171781684,74.5335962505715));
#5467=CARTESIAN_POINT('',(813.614427480538,-1861.60187853564,75.2002629172382));
#5468=CARTESIAN_POINT('',(813.349264226667,-1862.24203925445,75.8669295839049));
#5469=CARTESIAN_POINT('',(816.109540170006,-1860.71237741061,73.8669295839049));
#5470=CARTESIAN_POINT('',(816.109540170008,-1861.40528236605,74.5335962505715));
#5471=CARTESIAN_POINT('',(816.10954017001,-1862.0981873215,75.2002629172382));
#5472=CARTESIAN_POINT('',(816.109540170012,-1862.79109227695,75.8669295839048));
#5473=CARTESIAN_POINT('',(818.074326351733,-1860.32155709803,73.8669295839047));
#5474=CARTESIAN_POINT('',(818.339489605606,-1860.96171781683,74.5335962505714));
#5475=CARTESIAN_POINT('',(818.604652859481,-1861.60187853563,75.2002629172381));
#5476=CARTESIAN_POINT('',(818.869816113354,-1862.24203925443,75.8669295839047));
#5477=CARTESIAN_POINT('',(819.739991719092,-1859.20859518816,73.8669295839049));
#5478=CARTESIAN_POINT('',(820.229949501491,-1859.69855296957,74.5335962505716));
#5479=CARTESIAN_POINT('',(820.719907283889,-1860.18851075098,75.2002629172382));
#5480=CARTESIAN_POINT('',(821.209865066287,-1860.67846853239,75.8669295839049));
#5481=CARTESIAN_POINT('',(820.852953552836,-1857.54292973063,73.8669295839047));
#5482=CARTESIAN_POINT('',(821.493114297995,-1857.80809301357,74.5335962505714));
#5483=CARTESIAN_POINT('',(822.133275043155,-1858.07325629651,75.2002629172381));
#5484=CARTESIAN_POINT('',(822.773435788315,-1858.33841957945,75.8669295839048));
#5485=CARTESIAN_POINT('',(821.243774165117,-1855.57814387324,73.8669295839049));
#5486=CARTESIAN_POINT('',(821.936679047019,-1855.5781437942,74.5335962505716));
#5487=CARTESIAN_POINT('',(822.629583928921,-1855.57814371515,75.2002629172382));
#5488=CARTESIAN_POINT('',(823.322488810822,-1855.57814363611,75.8669295839049));
#5489=CARTESIAN_POINT('',(820.852953104039,-1853.6133568891,73.8669295839047));
#5490=CARTESIAN_POINT('',(821.493113998793,-1853.34819382365,74.5335962505715));
#5491=CARTESIAN_POINT('',(822.133274893548,-1853.08303075821,75.2002629172382));
#5492=CARTESIAN_POINT('',(822.773435788303,-1852.81786769276,75.8669295839049));
#5493=CARTESIAN_POINT('',(819.73999294331,-1851.94769339836,73.8669295839048));
#5494=CARTESIAN_POINT('',(820.229950317627,-1851.45773517885,74.5335962505714));
#5495=CARTESIAN_POINT('',(820.719907691943,-1850.96777695934,75.2002629172381));
#5496=CARTESIAN_POINT('',(821.20986506626,-1850.47781873983,75.8669295839047));
#5497=CARTESIAN_POINT('',(818.074323692821,-1850.83472738933,73.8669295839048));
#5498=CARTESIAN_POINT('',(818.339487832989,-1850.19456759882,74.5335962505715));
#5499=CARTESIAN_POINT('',(818.604651973156,-1849.55440780831,75.2002629172382));
#5500=CARTESIAN_POINT('',(818.869816113324,-1848.9142480178,75.866929583905));
#5501=CARTESIAN_POINT('',(816.10954016998,-1850.44391201596,73.8669295839048));
#5502=CARTESIAN_POINT('',(816.109540169979,-1849.75100634241,74.5335962505714));
#5503=CARTESIAN_POINT('',(816.109540169977,-1849.05810066885,75.2002629172381));
#5504=CARTESIAN_POINT('',(816.109540169976,-1848.3651949953,75.8669295839047));
#5505=CARTESIAN_POINT('',(814.144756647147,-1850.83472738933,73.8669295839048));
#5506=CARTESIAN_POINT('',(813.879592506977,-1850.19456759883,74.5335962505715));
#5507=CARTESIAN_POINT('',(813.614428366806,-1849.55440780832,75.2002629172382));
#5508=CARTESIAN_POINT('',(813.349264226635,-1848.91424801782,75.866929583905));
#5509=CARTESIAN_POINT('',(812.479087396657,-1851.94769339838,73.8669295839049));
#5510=CARTESIAN_POINT('',(811.989130022338,-1851.45773517887,74.5335962505715));
#5511=CARTESIAN_POINT('',(811.49917264802,-1850.96777695937,75.2002629172381));
#5512=CARTESIAN_POINT('',(811.009215273701,-1850.47781873986,75.8669295839047));
#5513=CARTESIAN_POINT('',(926.005763624677,-1939.58437819837,43.7879033258184));
#5514=CARTESIAN_POINT('',(809.532588717539,-2011.25832541707,67.8669295839049));
#5515=CARTESIAN_POINT('',(810.532588717539,-2011.25832541707,75.8669295839049));
#5516=CARTESIAN_POINT('',(809.532588717539,-2011.25832541707,74.8669295839049));
#5517=CARTESIAN_POINT('',(818.009540169995,-2023.59077465593,67.8669295839048));
#5518=CARTESIAN_POINT('',(819.009540169995,-2023.59077465593,75.8669295839048));
#5519=CARTESIAN_POINT('',(818.009540169995,-2023.59077465593,74.8669295839048));
#5520=CARTESIAN_POINT('',(809.532588717539,-1867.91059287497,67.8669295839049));
#5521=CARTESIAN_POINT('',(810.532588717539,-1867.91059287497,75.8669295839049));
#5522=CARTESIAN_POINT('',(809.532588717539,-1867.91059287497,74.8669295839049));
#5523=CARTESIAN_POINT('',(818.009540169995,-1855.57814363611,67.8669295839048));
#5524=CARTESIAN_POINT('',(819.009540169995,-1855.57814363611,75.8669295839048));
#5525=CARTESIAN_POINT('',(818.009540169995,-1855.57814363611,74.8669295839048));
#5526=CARTESIAN_POINT('',(926.005776384845,-1833.63437807203,15.8669295839049));
#5527=CARTESIAN_POINT('',(926.005776384845,-1841.63437807203,15.8669295839049));
#5528=CARTESIAN_POINT('',(983.579328267741,-1860.3411821631,15.8669295839049));
#5529=CARTESIAN_POINT('',(988.281609214886,-1853.86904768247,15.8669295839049));
#5530=CARTESIAN_POINT('',(988.281609214886,-1853.86904768247,45.8669295839049));
#5531=CARTESIAN_POINT('',(983.579328267741,-1860.3411821631,43.6017101239047));
#5532=CARTESIAN_POINT('',(1026.77021428631,-1906.844027518,15.8669295839049));
#5533=CARTESIAN_POINT('',(1019.16176215595,-1909.316163473,15.8669295839049));
#5534=CARTESIAN_POINT('',(808.33558972307,-1849.77205637147,75.8669295839049));
#5535=CARTESIAN_POINT('',(808.33558972307,-1828.77205637147,75.8669295839049));
#5536=CARTESIAN_POINT('',(829.33558972307,-1828.77205637147,75.8669295839049));
#5537=CARTESIAN_POINT('',(926.005776385872,-2070.79437807203,10.8669295839049));
#5538=CARTESIAN_POINT('',(926.005776385872,-2070.79437807203,15.8669295839049));
#5539=CARTESIAN_POINT('',(926.005776048323,-1808.37437807203,10.8669295839049));
#5540=CARTESIAN_POINT('',(926.005776048323,-1808.37437807203,15.8669295839049));
#5541=CARTESIAN_POINT('',(790.305867156369,-2070.79437807203,10.8669295839049));
#5542=CARTESIAN_POINT('',(790.30586715637,-2070.79437807203,15.8669295839049));
#5543=CARTESIAN_POINT('',(790.305685613325,-1808.37437807203,10.8669295839049));
#5544=CARTESIAN_POINT('',(790.305685613325,-1808.37437807203,15.8669295839049));
#5545=CARTESIAN_POINT('',(780.305867156372,-2060.79438556081,10.8669295839049));
#5546=CARTESIAN_POINT('',(780.305685613328,-1818.37438556081,10.8669295839049));
#5547=CARTESIAN_POINT('',(780.305685613328,-1818.37438556081,15.8669295839048));
#5548=CARTESIAN_POINT('',(780.305867156372,-2060.79438556081,15.8669295839049));
#5549=CARTESIAN_POINT('',(808.33558972307,-1828.77205637147,15.8669295839049));
#5550=CARTESIAN_POINT('',(808.33558972307,-1849.77205637147,15.8669295839049));
#5551=CARTESIAN_POINT('',(829.33558972307,-1828.77205637147,15.8669295839049));
#5552=CARTESIAN_POINT('',(826.33558972307,-1831.77205637147,12.8669295839049));
#5553=CARTESIAN_POINT('',(811.33558972307,-1831.77205637147,12.8669295839049));
#5554=CARTESIAN_POINT('',(811.33558972307,-1846.77205637147,12.8669295839049));
#5555=CARTESIAN_POINT('',(811.33558972307,-1831.77205637147,75.8669295839049));
#5556=CARTESIAN_POINT('',(826.33558972307,-1831.77205637147,75.8669295839049));
#5557=CARTESIAN_POINT('',(826.33558972307,-1846.77205637147,75.8669295839049));
#5558=CARTESIAN_POINT('',(811.33558972307,-1846.77205637147,75.8669295839049));
#5559=CARTESIAN_POINT('',(918.934708573084,-1946.655445884,12.8669295839049));
#5560=CARTESIAN_POINT('',(829.33558972307,-1828.77205637147,12.8669295839049));
#5561=CARTESIAN_POINT('',(933.076843074704,-1932.5133097231,12.8669295839049));
#5562=CARTESIAN_POINT('',(829.33558972307,-1828.77205637147,25.8669295839049));
#5563=CARTESIAN_POINT('',(822.051318514281,-1849.77205637147,15.8669295839049));
#5564=CARTESIAN_POINT('',(822.051318514281,-1849.77205637147,25.8669295839049));
#5565=CARTESIAN_POINT('',(918.934708573084,-1946.655445884,15.8669295839049));
#5566=CARTESIAN_POINT('',(933.076843074703,-1932.5133097231,15.8669295839049));
#5567=CARTESIAN_POINT('',(826.33558972307,-1831.77205637147,25.8669295839049));
#5568=CARTESIAN_POINT('',(826.33558972307,-1846.77205637147,25.8669295839049));
#5569=CARTESIAN_POINT('',(819.051318497366,-1846.77205637147,12.8669295839049));
#5570=CARTESIAN_POINT('',(819.051318497365,-1846.77205637147,25.8669295839049));
#5571=CARTESIAN_POINT('',(928.005776385933,-2003.82825313402,26.1669295839049));
#5572=CARTESIAN_POINT('',(928.005776385932,-2003.82825313402,20.8669295839049));
#5573=CARTESIAN_POINT('',(924.005776385933,-2003.82825318742,20.8669295839049));
#5574=CARTESIAN_POINT('',(924.005776385932,-2003.82825318742,26.1669295839049));
#5575=CARTESIAN_POINT('',(928.005776385932,-1999.12579626335,26.1669295839049));
#5576=CARTESIAN_POINT('',(928.005776385932,-1999.12579626335,20.8669295839049));
#5577=CARTESIAN_POINT('',(924.005776385932,-1999.12579637486,20.8669295839049));
#5578=CARTESIAN_POINT('',(924.005776385932,-1999.12579637486,26.1669295839049));
#5579=CARTESIAN_POINT('',(928.005776385932,-1999.12579626335,35.5669295839049));
#5580=CARTESIAN_POINT('',(924.005776385932,-1999.12579637486,35.5669295839049));
#5581=CARTESIAN_POINT('',(895.615893516378,-1996.22119923846,26.1669295839049));
#5582=CARTESIAN_POINT('',(895.615893516378,-1996.22119923846,20.8669295839049));
#5583=CARTESIAN_POINT('',(892.151795254275,-1994.22119343083,20.8669295839049));
#5584=CARTESIAN_POINT('',(892.151795254275,-1994.22119343083,26.1669295839049));
#5585=CARTESIAN_POINT('',(897.967121441705,-1992.14875301162,26.1669295839049));
#5586=CARTESIAN_POINT('',(897.967121441704,-1992.14875301161,20.8669295839049));
#5587=CARTESIAN_POINT('',(894.503023162616,-1990.14874723341,20.8669295839049));
#5588=CARTESIAN_POINT('',(894.503023162616,-1990.14874723341,26.1669295839049));
#5589=CARTESIAN_POINT('',(897.967121441705,-1992.14875301161,35.5669295839049));
#5590=CARTESIAN_POINT('',(894.503023162616,-1990.14874723341,35.5669295839049));
#5591=CARTESIAN_POINT('',(871.368960976264,-1973.43835923385,26.1669295839049));
#5592=CARTESIAN_POINT('',(871.368960976264,-1973.43835923385,20.8669295839049));
#5593=CARTESIAN_POINT('',(869.368955179776,-1969.97426096532,20.8669295839049));
#5594=CARTESIAN_POINT('',(869.368955179776,-1969.97426096532,26.1669295839049));
#5595=CARTESIAN_POINT('',(875.441407125162,-1971.08713135352,26.1669295839049));
#5596=CARTESIAN_POINT('',(875.441407125163,-1971.08713135352,20.8669295839049));
#5597=CARTESIAN_POINT('',(873.441401370295,-1967.62303306096,20.8669295839049));
#5598=CARTESIAN_POINT('',(873.441401370294,-1967.62303306096,26.1669295839049));
#5599=CARTESIAN_POINT('',(875.441407125163,-1971.08713135352,35.5669295839049));
#5600=CARTESIAN_POINT('',(873.441401370294,-1967.62303306096,35.5669295839049));
#5601=CARTESIAN_POINT('',(861.76190129642,-1941.58437807312,26.1669295839049));
#5602=CARTESIAN_POINT('',(861.76190129642,-1941.58437807312,20.8669295839049));
#5603=CARTESIAN_POINT('',(861.76190129642,-1937.58437807312,20.8669295839049));
#5604=CARTESIAN_POINT('',(861.76190129642,-1937.58437807312,26.1669295839049));
#5605=CARTESIAN_POINT('',(866.464358137,-1941.58437807312,26.1669295839049));
#5606=CARTESIAN_POINT('',(866.464358137001,-1941.58437807312,20.8669295839049));
#5607=CARTESIAN_POINT('',(866.464358137001,-1937.58437807312,20.8669295839049));
#5608=CARTESIAN_POINT('',(866.464358137001,-1937.58437807312,26.1669295839049));
#5609=CARTESIAN_POINT('',(866.464358137,-1941.58437807312,35.5669295839049));
#5610=CARTESIAN_POINT('',(866.464358137001,-1937.58437807312,35.5669295839049));
#5611=CARTESIAN_POINT('',(869.368955179638,-1909.19449518117,26.1669295839049));
#5612=CARTESIAN_POINT('',(869.368955179638,-1909.19449518117,20.8669295839049));
#5613=CARTESIAN_POINT('',(871.368960976112,-1905.73039691263,20.8669295839049));
#5614=CARTESIAN_POINT('',(871.368960976111,-1905.73039691263,26.1669295839049));
#5615=CARTESIAN_POINT('',(873.441401370158,-1911.54572308553,26.1669295839049));
#5616=CARTESIAN_POINT('',(873.441401370158,-1911.54572308553,20.8669295839049));
#5617=CARTESIAN_POINT('',(875.441407125009,-1908.08162479296,20.8669295839049));
#5618=CARTESIAN_POINT('',(875.441407125009,-1908.08162479296,26.1669295839049));
#5619=CARTESIAN_POINT('',(873.441401370158,-1911.54572308553,35.5669295839049));
#5620=CARTESIAN_POINT('',(875.441407125009,-1908.08162479296,35.5669295839049));
#5621=CARTESIAN_POINT('',(892.15179525335,-1884.94756271598,26.1669295839049));
#5622=CARTESIAN_POINT('',(892.151795253351,-1884.94756271598,20.8669295839049));
#5623=CARTESIAN_POINT('',(895.615893515419,-1882.94755690829,20.8669295839049));
#5624=CARTESIAN_POINT('',(895.615893515419,-1882.94755690829,26.1669295839049));
#5625=CARTESIAN_POINT('',(894.503023161692,-1889.0200089134,26.1669295839049));
#5626=CARTESIAN_POINT('',(894.503023161692,-1889.0200089134,20.8669295839049));
#5627=CARTESIAN_POINT('',(897.967121440745,-1887.02000313513,20.8669295839049));
#5628=CARTESIAN_POINT('',(897.967121440744,-1887.02000313513,26.1669295839049));
#5629=CARTESIAN_POINT('',(894.503023161692,-1889.0200089134,35.5669295839049));
#5630=CARTESIAN_POINT('',(897.967121440744,-1887.02000313513,35.5669295839049));
#5631=CARTESIAN_POINT('',(924.005776383757,-1875.34050295888,26.1669295839049));
#5632=CARTESIAN_POINT('',(924.005776383756,-1875.34050295888,20.8669295839049));
#5633=CARTESIAN_POINT('',(928.005776383757,-1875.34050301215,20.8669295839049));
#5634=CARTESIAN_POINT('',(928.005776383757,-1875.34050301215,26.1669295839049));
#5635=CARTESIAN_POINT('',(924.005776383757,-1880.04295977144,26.1669295839049));
#5636=CARTESIAN_POINT('',(924.005776383757,-1880.04295977144,20.8669295839049));
#5637=CARTESIAN_POINT('',(928.005776383757,-1880.04295988281,20.8669295839049));
#5638=CARTESIAN_POINT('',(928.005776383757,-1880.04295988281,26.1669295839049));
#5639=CARTESIAN_POINT('',(924.005776383757,-1880.04295977144,35.5669295839049));
#5640=CARTESIAN_POINT('',(928.005776383756,-1880.04295988281,35.5669295839049));
#5641=CARTESIAN_POINT('',(956.395659318575,-1882.94755679256,26.1669295839049));
#5642=CARTESIAN_POINT('',(956.395659318575,-1882.94755679256,20.8669295839049));
#5643=CARTESIAN_POINT('',(959.859757596441,-1884.94756257289,20.8669295839049));
#5644=CARTESIAN_POINT('',(959.85975759644,-1884.94756257289,26.1669295839049));
#5645=CARTESIAN_POINT('',(954.044431453357,-1887.02000291529,26.1669295839049));
#5646=CARTESIAN_POINT('',(954.044431453357,-1887.02000291529,20.8669295839049));
#5647=CARTESIAN_POINT('',(957.508529765367,-1889.02000863648,20.8669295839049));
#5648=CARTESIAN_POINT('',(957.508529765367,-1889.02000863648,26.1669295839049));
#5649=CARTESIAN_POINT('',(954.044431453357,-1887.02000291529,35.5669295839049));
#5650=CARTESIAN_POINT('',(957.508529765367,-1889.02000863648,35.5669295839049));
#5651=CARTESIAN_POINT('',(980.642592085599,-1905.73039674152,26.1669295839049));
#5652=CARTESIAN_POINT('',(980.642592085599,-1905.73039674152,20.8669295839049));
#5653=CARTESIAN_POINT('',(982.642598046916,-1909.19449491489,20.8669295839049));
#5654=CARTESIAN_POINT('',(982.642598046916,-1909.19449491489,26.1669295839049));
#5655=CARTESIAN_POINT('',(976.570146199725,-1908.08162446999,26.1669295839049));
#5656=CARTESIAN_POINT('',(976.570146199725,-1908.08162446999,20.8669295839049));
#5657=CARTESIAN_POINT('',(978.570152298881,-1911.54572256378,20.8669295839049));
#5658=CARTESIAN_POINT('',(978.570152298881,-1911.54572256378,26.1669295839049));
#5659=CARTESIAN_POINT('',(976.570146199725,-1908.08162446999,35.5669295839049));
#5660=CARTESIAN_POINT('',(978.570152298881,-1911.54572256378,35.5669295839049));
#5661=CARTESIAN_POINT('',(990.249651488102,-1937.58437807094,26.1669295839049));
#5662=CARTESIAN_POINT('',(990.249651488102,-1937.58437807094,20.8669295839049));
#5663=CARTESIAN_POINT('',(990.249651488237,-1941.58437807094,20.8669295839049));
#5664=CARTESIAN_POINT('',(990.249651488237,-1941.58437807094,26.1669295839049));
#5665=CARTESIAN_POINT('',(990.280776384844,-1939.58437807312,20.8669295839049));
#5666=CARTESIAN_POINT('',(985.547194666226,-1937.58437807094,26.1669295839049));
#5667=CARTESIAN_POINT('',(985.547194666226,-1937.58437807094,20.8669295839049));
#5668=CARTESIAN_POINT('',(985.547194666372,-1941.58437807094,20.8669295839049));
#5669=CARTESIAN_POINT('',(985.547194666372,-1941.58437807094,26.1669295839049));
#5670=CARTESIAN_POINT('',(985.580776384843,-1939.58437807312,20.8669295839049));
#5671=CARTESIAN_POINT('',(985.547194666372,-1941.58437807094,35.5669295839049));
#5672=CARTESIAN_POINT('',(985.547194666226,-1937.58437807094,35.5669295839049));
#5673=CARTESIAN_POINT('',(982.642598048836,-1969.97426122776,26.1669295839049));
#5674=CARTESIAN_POINT('',(982.642598048836,-1969.97426122776,20.8669295839049));
#5675=CARTESIAN_POINT('',(980.642592087738,-1973.43835940126,20.8669295839049));
#5676=CARTESIAN_POINT('',(980.642592087738,-1973.43835940126,26.1669295839049));
#5677=CARTESIAN_POINT('',(978.570152300793,-1967.62303357887,35.5669295839049));
#5678=CARTESIAN_POINT('',(978.570152300792,-1967.62303357887,26.1669295839049));
#5679=CARTESIAN_POINT('',(976.570146201872,-1971.0871316728,26.1669295839049));
#5680=CARTESIAN_POINT('',(976.570146201873,-1971.0871316728,35.5669295839049));
#5681=CARTESIAN_POINT('',(978.570152300792,-1967.62303357887,20.8669295839049));
#5682=CARTESIAN_POINT('',(976.570146201872,-1971.0871316728,20.8669295839049));
#5683=CARTESIAN_POINT('',(959.859757599215,-1994.22119357163,26.1669295839049));
#5684=CARTESIAN_POINT('',(959.859757599216,-1994.22119357163,20.8669295839049));
#5685=CARTESIAN_POINT('',(956.395659321452,-1996.22119935213,20.8669295839049));
#5686=CARTESIAN_POINT('',(956.395659321452,-1996.22119935213,26.1669295839049));
#5687=CARTESIAN_POINT('',(957.508529768138,-1990.14874750803,35.5669295839049));
#5688=CARTESIAN_POINT('',(957.508529768138,-1990.14874750803,26.1669295839049));
#5689=CARTESIAN_POINT('',(954.044431456237,-1992.1487532294,26.1669295839049));
#5690=CARTESIAN_POINT('',(954.044431456238,-1992.1487532294,35.5669295839049));
#5691=CARTESIAN_POINT('',(957.508529768138,-1990.14874750803,20.8669295839049));
#5692=CARTESIAN_POINT('',(954.044431456238,-1992.1487532294,20.8669295839049));
#5693=CARTESIAN_POINT('',(928.005776204758,-2008.83049434102,32.5669295839049));
#5694=CARTESIAN_POINT('',(924.005776567048,-2008.83049434108,32.5669295839049));
#5695=CARTESIAN_POINT('',(928.005776476178,-2005.82916684895,35.5669295839049));
#5696=CARTESIAN_POINT('',(924.005776295541,-2005.82916684901,35.5669295839049));
#5697=CARTESIAN_POINT('',(894.615502301198,-1997.95391927262,35.5669295839049));
#5698=CARTESIAN_POINT('',(891.151293513444,-1995.95411178135,35.5669295839049));
#5699=CARTESIAN_POINT('',(893.114845905773,-2000.55313160999,32.5669295839049));
#5700=CARTESIAN_POINT('',(889.650638710119,-1998.55331995313,32.5669295839049));
#5701=CARTESIAN_POINT('',(867.0368994487,-1975.93947569629,32.5669295839049));
#5702=CARTESIAN_POINT('',(865.037022848301,-1972.4753085528,32.5669295839049));
#5703=CARTESIAN_POINT('',(869.636102662777,-1974.43882472428,35.5669295839049));
#5704=CARTESIAN_POINT('',(867.636235185664,-1970.97465215737,35.5669295839049));
#5705=CARTESIAN_POINT('',(856.759660116906,-1941.584377892,32.5669295839049));
#5706=CARTESIAN_POINT('',(856.759660116905,-1937.58437825424,32.5669295839049));
#5707=CARTESIAN_POINT('',(859.760987608978,-1941.58437816351,35.5669295839049));
#5708=CARTESIAN_POINT('',(859.760987608978,-1937.58437798272,35.5669295839049));
#5709=CARTESIAN_POINT('',(865.037022848164,-1906.69344759369,32.5669295839049));
#5710=CARTESIAN_POINT('',(867.036834505036,-1903.22924039805,32.5669295839049));
#5711=CARTESIAN_POINT('',(867.636235185526,-1908.19410398912,35.5669295839049));
#5712=CARTESIAN_POINT('',(869.636042676878,-1904.72989520128,35.5669295839049));
#5713=CARTESIAN_POINT('',(891.151329733338,-1883.21470435126,35.5669295839049));
#5714=CARTESIAN_POINT('',(894.61550230024,-1881.21483687413,35.5669295839049));
#5715=CARTESIAN_POINT('',(889.650678761194,-1880.61550113727,32.5669295839049));
#5716=CARTESIAN_POINT('',(893.114845904815,-1878.61562453676,32.5669295839049));
#5717=CARTESIAN_POINT('',(924.005776564887,-1870.33826180521,32.5669295839049));
#5718=CARTESIAN_POINT('',(928.005776202575,-1870.33826180515,32.5669295839049));
#5719=CARTESIAN_POINT('',(924.005776293365,-1873.33958929728,35.5669295839049));
#5720=CARTESIAN_POINT('',(928.005776474148,-1873.33958929722,35.5669295839049));
#5721=CARTESIAN_POINT('',(958.896706862958,-1878.61562453573,32.5669295839049));
#5722=CARTESIAN_POINT('',(962.360914058643,-1880.61543619253,32.5669295839049));
#5723=CARTESIAN_POINT('',(957.396050467533,-1881.2148368731,35.5669295839049));
#5724=CARTESIAN_POINT('',(960.860259255417,-1883.21464436437,35.5669295839049));
#5725=CARTESIAN_POINT('',(984.974653319915,-1903.2292804482,32.5669295839049));
#5726=CARTESIAN_POINT('',(986.974643763152,-1906.69338616303,32.5669295839049));
#5727=CARTESIAN_POINT('',(982.375450105919,-1904.72993142035,35.5669295839049));
#5728=CARTESIAN_POINT('',(984.375446732354,-1908.19403313403,35.5669295839049));
#5729=CARTESIAN_POINT('',(995.252100405405,-1941.58438386797,32.5669295839049));
#5730=CARTESIAN_POINT('',(992.250748640216,-1937.58437471727,35.5669295839049));
#5731=CARTESIAN_POINT('',(992.25074864045,-1941.58438142461,35.5669295839049));
#5732=CARTESIAN_POINT('',(995.25210040528,-1937.58437227391,32.5669295839049));
#5733=CARTESIAN_POINT('',(986.974643765086,-1972.47536997962,32.5669295839049));
#5734=CARTESIAN_POINT('',(984.974718265732,-1975.93951574643,32.5669295839049));
#5735=CARTESIAN_POINT('',(984.37544673423,-1970.97472300871,35.5669295839049));
#5736=CARTESIAN_POINT('',(982.375510093801,-1974.43886094335,35.5669295839049));
#5737=CARTESIAN_POINT('',(962.360874009421,-1998.5532550084,32.5669295839049));
#5738=CARTESIAN_POINT('',(958.896706865831,-2000.55313160895,32.5669295839049));
#5739=CARTESIAN_POINT('',(960.860223037276,-1995.9540517944,35.5669295839049));
#5740=CARTESIAN_POINT('',(957.396050470408,-1997.95391927159,35.5669295839049));
#5741=CARTESIAN_POINT('',(928.005776153862,-2008.83049257893,29.1669295839049));
#5742=CARTESIAN_POINT('',(924.005776617986,-2008.830492579,29.1669295839032));
#5743=CARTESIAN_POINT('',(928.005776476324,-2005.82916684895,26.1669295839049));
#5744=CARTESIAN_POINT('',(924.005776295687,-2005.82916684902,26.1669295839049));
#5745=CARTESIAN_POINT('',(894.615502301198,-1997.95391927262,26.1669295839049));
#5746=CARTESIAN_POINT('',(893.114867165962,-2000.55309220939,29.1669295827909));
#5747=CARTESIAN_POINT('',(986.974636380727,-1906.69339014623,29.1669295839));
#5748=CARTESIAN_POINT('',(984.375446732309,-1908.19403313395,26.1669295839049));
#5749=CARTESIAN_POINT('',(995.252157073725,-1941.58438549838,29.1669295821193));
#5750=CARTESIAN_POINT('',(992.250748640217,-1937.58437471734,26.1669295839049));
#5751=CARTESIAN_POINT('',(992.250748640451,-1941.58438142461,26.1669295839049));
#5752=CARTESIAN_POINT('',(995.2521570736,-1937.5843706435,29.1669295803338));
#5753=CARTESIAN_POINT('',(986.974636382656,-1972.47536599642,29.1669295839048));
#5754=CARTESIAN_POINT('',(984.37544673423,-1970.97472300871,26.1669295839049));
#5755=CARTESIAN_POINT('',(958.896685605642,-2000.55309220836,29.1669295827911));
#5756=CARTESIAN_POINT('',(957.396050470408,-1997.95391927159,26.1669295839049));
#5757=CARTESIAN_POINT('',(984.974733476897,-1975.9395251279,29.1669295839049));
#5758=CARTESIAN_POINT('',(982.375510093842,-1974.43886094328,26.1669295839049));
#5759=CARTESIAN_POINT('',(962.360872126162,-1998.55325195424,29.1669295839048));
#5760=CARTESIAN_POINT('',(960.860223037276,-1995.9540517944,26.1669295839049));
#5761=CARTESIAN_POINT('',(891.151293513346,-1995.95411178129,26.1669295839049));
#5762=CARTESIAN_POINT('',(889.650629328753,-1998.55333516437,29.166929583794));
#5763=CARTESIAN_POINT('',(869.636102662776,-1974.43882472428,26.1669295839049));
#5764=CARTESIAN_POINT('',(867.636235185664,-1970.97465215737,26.1669295839049));
#5765=CARTESIAN_POINT('',(867.036902502915,-1975.93947381313,29.1669295838977));
#5766=CARTESIAN_POINT('',(865.037062248894,-1972.47528729261,29.1669295826521));
#5767=CARTESIAN_POINT('',(856.759661878994,-1941.58437784106,29.1669295839049));
#5768=CARTESIAN_POINT('',(856.759661878994,-1937.58437830517,29.1669295839049));
#5769=CARTESIAN_POINT('',(859.760987608976,-1941.58437816343,26.1669295839049));
#5770=CARTESIAN_POINT('',(859.760987608979,-1937.58437798272,26.1669295839049));
#5771=CARTESIAN_POINT('',(865.037062248756,-1906.69346885388,29.1669295827913));
#5772=CARTESIAN_POINT('',(867.036819293805,-1903.22923101669,29.1669295837274));
#5773=CARTESIAN_POINT('',(867.636235185527,-1908.19410398912,26.1669295839049));
#5774=CARTESIAN_POINT('',(869.636042676848,-1904.72989520133,26.1669295839049));
#5775=CARTESIAN_POINT('',(891.151329733338,-1883.21470435126,26.1669295839049));
#5776=CARTESIAN_POINT('',(894.61550230024,-1881.21483687413,26.1669295839049));
#5777=CARTESIAN_POINT('',(889.650680644453,-1880.61550419142,29.1669295839048));
#5778=CARTESIAN_POINT('',(893.114867165005,-1878.61566393736,29.1669295827909));
#5779=CARTESIAN_POINT('',(924.005776293365,-1873.33958929728,26.1669295839049));
#5780=CARTESIAN_POINT('',(928.005776474148,-1873.33958929722,26.1669295839049));
#5781=CARTESIAN_POINT('',(924.005776615815,-1870.3382635673,29.166929583903));
#5782=CARTESIAN_POINT('',(928.005776151684,-1870.33826356724,29.166929583904));
#5783=CARTESIAN_POINT('',(958.896685602769,-1878.61566393632,29.1669295816778));
#5784=CARTESIAN_POINT('',(962.360923439712,-1880.61542098111,29.1669295839048));
#5785=CARTESIAN_POINT('',(957.396050467533,-1881.2148368731,26.1669295839049));
#5786=CARTESIAN_POINT('',(960.860259255417,-1883.21464436437,26.1669295839049));
#5787=CARTESIAN_POINT('',(984.97465026576,-1903.22928233146,29.1669295839049));
#5788=CARTESIAN_POINT('',(982.37545010592,-1904.72993142035,26.1669295839049));
#5789=CARTESIAN_POINT('',(990.280776384843,-1939.58437807312,15.8669295839049));
#5790=CARTESIAN_POINT('',(888.180999480622,-1887.61746612903,15.8669295839049));
#5791=CARTESIAN_POINT('',(874.038864048733,-1901.75960161279,15.8669295839049));
#5792=CARTESIAN_POINT('',(877.406532037505,-1905.12726958258,15.8669295839049));
#5793=CARTESIAN_POINT('',(891.54866749653,-1890.98513414493,15.8669295839049));
#5794=CARTESIAN_POINT('',(985.580776384843,-1939.58437807312,15.8669295839049));
#5795=CARTESIAN_POINT('',(908.717015054932,-1922.29561855131,48.8669295839049));
#5796=CARTESIAN_POINT('',(903.15810413716,-1930.87884203302,43.8669295839049));
#5797=CARTESIAN_POINT('',(917.300240309601,-1916.736706958,43.8669295839049));
#5798=CARTESIAN_POINT('',(908.717015054932,-1922.29561855131,43.8669295839049));
#5799=CARTESIAN_POINT('',(907.138472723048,-1934.85921061891,43.8669295839049));
#5800=CARTESIAN_POINT('',(921.280609080639,-1920.71707572904,43.8669295839049));
#5801=CARTESIAN_POINT('',(921.763135167824,-1935.3417386642,48.8669295839049));
#5802=CARTESIAN_POINT('',(921.763135167824,-1935.3417386642,43.8669295839049));
#5803=CARTESIAN_POINT('',(917.3002403096,-1916.736706958,15.8669295839049));
#5804=CARTESIAN_POINT('',(921.280609080639,-1920.71707572904,15.8669295839049));
#5805=CARTESIAN_POINT('',(907.138472982264,-1934.85921035969,15.8669295839049));
#5806=CARTESIAN_POINT('',(903.158104385154,-1930.87884178503,15.8669295839049));
#5807=CARTESIAN_POINT('',(806.002025896771,-2017.99666246523,75.8669295839049));
#5808=CARTESIAN_POINT('',(806.472416288657,-2016.05276615132,73.8669295839049));
#5809=CARTESIAN_POINT('',(806.472416288657,-2016.05276615132,63.8669295839048));
#5810=CARTESIAN_POINT('',(816.109540169982,-2028.53058992458,73.8669295839048));
#5811=CARTESIAN_POINT('',(816.109540169977,-2030.53058992458,75.8669295839048));
#5812=CARTESIAN_POINT('',(816.109540169982,-2028.53058992458,63.8669295839048));
#5813=CARTESIAN_POINT('',(806.002025896771,-1861.17225582681,75.8669295839049));
#5814=CARTESIAN_POINT('',(806.472416288657,-1863.11615214072,73.8669295839049));
#5815=CARTESIAN_POINT('',(806.472416288657,-1863.11615214072,63.8669295839048));
#5816=CARTESIAN_POINT('',(816.109540169982,-1850.63832836746,73.8669295839048));
#5817=CARTESIAN_POINT('',(816.109540169982,-1850.63832836746,63.8669295839048));
#5818=CARTESIAN_POINT('',(887.212574843772,-2064.92849411596,75.8669295839049));
#5819=CARTESIAN_POINT('',(886.325608042569,-2070.79437807203,75.8669295839049));
#5820=CARTESIAN_POINT('',(887.211260918319,-1814.24066868419,75.8669295839049));
#5821=CARTESIAN_POINT('',(886.325608581531,-1808.37437807203,75.8669295839049));
#5822=CARTESIAN_POINT('',(886.32560831205,-2067.79437807203,75.8669295839049));
#5823=CARTESIAN_POINT('',(886.324936586288,-1811.37458622136,75.8669295839049));
#5824=CARTESIAN_POINT('',(790.305867156369,-2067.79437807203,75.8669295839049));
#5825=CARTESIAN_POINT('',(783.30568561334,-1818.37439745763,75.8669295839049));
#5826=CARTESIAN_POINT('',(783.305867156372,-2060.79438331418,75.8669295839049));
#5827=CARTESIAN_POINT('',(790.305699756765,-1811.37439221549,75.8669295839049));
#5828=CARTESIAN_POINT('',(780.305867156373,-2060.79438556081,75.8669295839049));
#5829=CARTESIAN_POINT('',(790.30586715637,-2070.79437807203,75.8669295839049));
#5830=CARTESIAN_POINT('',(780.305685613328,-1818.37438556081,75.8669295839049));
#5831=CARTESIAN_POINT('',(790.305685613325,-1808.37437807203,75.8669295839049));
#5832=CARTESIAN_POINT('',(826.425084373225,-1854.14582220576,25.8669295839049));
#5833=CARTESIAN_POINT('',(840.567219922997,-1840.0036865714,25.8669295839049));
#5834=CARTESIAN_POINT('',(824.297725352654,-1852.01846319718,25.8669295839049));
#5835=CARTESIAN_POINT('',(838.439863465581,-1837.87633011398,25.8669295839049));
#5836=CARTESIAN_POINT('',(816.128239895965,-1862.51793371011,75.8669295839049));
#5837=CARTESIAN_POINT('',(822.811122446809,-1853.77542009528,75.8669295839049));
#5838=CARTESIAN_POINT('',(821.034738688233,-1855.95786759063,73.8669295839048));
#5839=CARTESIAN_POINT('',(817.768146708238,-1860.2311853487,73.8669295839048));
#5840=CARTESIAN_POINT('',(821.034738688233,-1855.95786759062,63.8669295839048));
#5841=CARTESIAN_POINT('',(817.768146708239,-1860.2311853487,63.8669295839048));
#5842=CARTESIAN_POINT('',(814.119499507185,-1865.46440807563,75.8669295839049));
#5843=CARTESIAN_POINT('',(808.471438665787,-1874.79245360792,75.8669295839049));
#5844=CARTESIAN_POINT('',(809.879060271218,-1872.30216001051,73.8669295839049));
#5845=CARTESIAN_POINT('',(812.565191477924,-1867.8658628072,73.8669295839049));
#5846=CARTESIAN_POINT('',(812.565191477924,-1867.8658628072,63.8669295839048));
#5847=CARTESIAN_POINT('',(809.879060271218,-1872.30216001051,63.8669295839048));
#5848=CARTESIAN_POINT('',(816.12835683801,-2016.65098489804,75.8669295839048));
#5849=CARTESIAN_POINT('',(822.811153570386,-2025.39338249081,75.8669295839049));
#5850=CARTESIAN_POINT('',(817.76831458499,-2018.93779278721,73.8669295839048));
#5851=CARTESIAN_POINT('',(821.034725023477,-2023.21087350916,73.8669295839048));
#5852=CARTESIAN_POINT('',(817.768314584989,-2018.93779278721,63.8669295839048));
#5853=CARTESIAN_POINT('',(821.034725023477,-2023.21087350916,63.8669295839048));
#5854=CARTESIAN_POINT('',(814.119537764825,-2013.70440876077,75.8669295839049));
#5855=CARTESIAN_POINT('',(808.471539138911,-2004.37647693161,75.8669295839049));
#5856=CARTESIAN_POINT('',(809.879193683114,-2006.86682652957,73.8669295839049));
#5857=CARTESIAN_POINT('',(812.56519286223,-2011.30290255646,73.8669295839049));
#5858=CARTESIAN_POINT('',(812.565192862231,-2011.30290255646,63.8669295839048));
#5859=CARTESIAN_POINT('',(809.879193683114,-2006.86682652957,63.8669295839048));
#5860=CARTESIAN_POINT('',(819.910903325988,-1849.77205637147,75.8669295839049));
#5861=CARTESIAN_POINT('',(812.308177013998,-1849.77205637147,75.8669295839049));
#5862=CARTESIAN_POINT('',(826.275818961245,-1849.77205637147,75.8669295839049));
#5863=CARTESIAN_POINT('',(826.275818961246,-1849.77205637147,25.8669295839049));
#5864=CARTESIAN_POINT('',(816.10954016998,-1849.77205637147,74.7332015798921));
#5865=CARTESIAN_POINT('',(829.33558972307,-1846.48661856354,75.8669295839049));
#5866=CARTESIAN_POINT('',(886.325608042569,-2070.79437807203,15.8669295839049));
#5867=CARTESIAN_POINT('',(886.325608581531,-1808.37437807203,15.8669295839049));
#5868=CARTESIAN_POINT('',(887.211260918319,-1814.24066868419,15.8669295839049));
#5869=CARTESIAN_POINT('',(887.212574843772,-2064.92849411596,15.8669295839049));
#5870=CARTESIAN_POINT('',(826.425084373225,-1854.14582220576,15.8669295839049));
#5871=CARTESIAN_POINT('',(840.567219922997,-1840.0036865714,15.8669295839049));
#5872=CARTESIAN_POINT('',(838.43986346558,-1837.87633011398,15.8669295839049));
#5873=CARTESIAN_POINT('',(824.297725352655,-1852.01846319718,15.8669295839049));
#5874=CARTESIAN_POINT('',(886.32560831205,-2067.79437807203,15.8669295839049));
#5875=CARTESIAN_POINT('',(790.305867156369,-2067.79437807203,15.8669295839049));
#5876=CARTESIAN_POINT('',(783.305867156372,-2060.79438331418,15.8669295839049));
#5877=CARTESIAN_POINT('',(783.30568561334,-1818.37439745763,15.8669295839049));
#5878=CARTESIAN_POINT('',(790.305699756765,-1811.37439221549,15.8669295839049));
#5879=CARTESIAN_POINT('',(886.324936586288,-1811.37458622136,15.8669295839049));
#5880=CARTESIAN_POINT('',(829.33558972307,-1846.48661856354,25.8669295839049));
#5881=CARTESIAN_POINT('',(805.732588717539,-2011.25832541707,67.8669295839049));
#5882=CARTESIAN_POINT('',(805.732528701328,-2011.25832541778,74.8669295839048));
#5883=CARTESIAN_POINT('',(804.732497010286,-2011.25832481558,75.8669295839048));
#5884=CARTESIAN_POINT('',(814.209540169995,-2023.59077465593,67.8669295839048));
#5885=CARTESIAN_POINT('',(814.209480153783,-2023.59077465522,74.8669295839048));
#5886=CARTESIAN_POINT('',(813.209448462743,-2023.59077525742,75.8669295839048));
#5887=CARTESIAN_POINT('',(805.732588717539,-1867.91059287497,67.8669295839049));
#5888=CARTESIAN_POINT('',(805.732528701328,-1867.91059287426,74.8669295839048));
#5889=CARTESIAN_POINT('',(804.732497010286,-1867.91059347646,75.8669295839048));
#5890=CARTESIAN_POINT('',(814.209540169995,-1855.57814363611,67.8669295839048));
#5891=CARTESIAN_POINT('',(814.209480153783,-1855.57814363682,74.8669295839048));
#5892=CARTESIAN_POINT('',(813.209448462743,-1855.57814303462,75.8669295839048));
#5893=CARTESIAN_POINT('',(861.730776384843,-1939.58437807312,15.8669295839049));
#5894=CARTESIAN_POINT('',(861.730776384843,-1939.58437807312,20.8669295839049));
#5895=CARTESIAN_POINT('',(866.430776384843,-1939.58437807312,20.8669295839049));
#5896=CARTESIAN_POINT('',(866.430776384813,-1939.58437807312,15.8669295839049));
#5897=CARTESIAN_POINT('',(943.294536654955,-1956.87314015133,15.8669295839049));
#5898=CARTESIAN_POINT('',(943.294536654955,-1956.87314015133,48.8669295839049));
#5899=CARTESIAN_POINT('',(930.248416542062,-1943.82702003844,43.8669295839049));
#5900=CARTESIAN_POINT('',(930.248416542062,-1943.82702003844,48.8669295839049));
#5901=CARTESIAN_POINT('',(809.532588717539,-2011.25832541707,67.8669295839049));
#5902=CARTESIAN_POINT('',(809.532588717539,-2011.40755095556,67.8669295839049));
#5903=CARTESIAN_POINT('',(809.503287329515,-2011.70600203252,67.8669295839049));
#5904=CARTESIAN_POINT('',(809.371431083405,-2012.14217356821,67.8669295839049));
#5905=CARTESIAN_POINT('',(809.028968437714,-2012.65470513725,67.8669295839049));
#5906=CARTESIAN_POINT('',(808.38830397642,-2013.08278344436,67.8669295839049));
#5907=CARTESIAN_POINT('',(807.632588717541,-2013.23310455557,67.8669295839049));
#5908=CARTESIAN_POINT('',(806.876873458658,-2013.08278344436,67.8669295839049));
#5909=CARTESIAN_POINT('',(806.236208997363,-2012.65470513725,67.8669295839049));
#5910=CARTESIAN_POINT('',(805.893746351675,-2012.14217356821,67.8669295839049));
#5911=CARTESIAN_POINT('',(805.761890105564,-2011.70600203252,67.8669295839049));
#5912=CARTESIAN_POINT('',(805.732588717539,-2011.40755095556,67.8669295839049));
#5913=CARTESIAN_POINT('',(805.732588717539,-2011.25832541707,67.8669295839049));
#5914=CARTESIAN_POINT('',(809.532588717539,-2011.25832541707,67.8669295839049));
#5915=CARTESIAN_POINT('',(809.532588717539,-2011.25832541707,74.8669295839049));
#5916=CARTESIAN_POINT('',(809.532588717539,-2011.25832541707,74.8669295839049));
#5917=CARTESIAN_POINT('',(809.532731889619,-2011.00963027174,74.8669295839053));
#5918=CARTESIAN_POINT('',(809.433671533999,-2010.51228157644,74.8669295839046));
#5919=CARTESIAN_POINT('',(809.011139356527,-2009.87979357578,74.866929583905));
#5920=CARTESIAN_POINT('',(808.37862827046,-2009.45719648872,74.8669295839049));
#5921=CARTESIAN_POINT('',(807.632598598816,-2009.30879175583,74.8669295839049));
#5922=CARTESIAN_POINT('',(806.886525321115,-2009.45719610185,74.8669295839051));
#5923=CARTESIAN_POINT('',(806.254076404011,-2009.87979450971,74.8669295839049));
#5924=CARTESIAN_POINT('',(805.831431330813,-2010.512279684,74.8669295839049));
#5925=CARTESIAN_POINT('',(805.73252581394,-2011.00964334054,74.8669295839048));
#5926=CARTESIAN_POINT('',(805.732528701328,-2011.25832541778,74.8669295839048));
#5927=CARTESIAN_POINT('',(809.532588717539,-2011.25832541707,74.8669295839049));
#5928=CARTESIAN_POINT('',(810.532588717539,-2011.25832541707,75.8669295839049));
#5929=CARTESIAN_POINT('',(810.532588717539,-2011.25832541707,75.8669295839049));
#5930=CARTESIAN_POINT('',(810.532807695445,-2010.87873728256,75.8669295839052));
#5931=CARTESIAN_POINT('',(810.381609768138,-2010.1196275614,75.8669295839045));
#5932=CARTESIAN_POINT('',(809.736692526515,-2009.15425005039,75.8669295839051));
#5933=CARTESIAN_POINT('',(808.771280654695,-2008.50923396326,75.8669295839049));
#5934=CARTESIAN_POINT('',(807.632603848178,-2008.28272116181,75.8669295839049));
#5935=CARTESIAN_POINT('',(806.49386027031,-2008.50923325497,75.8669295839049));
#5936=CARTESIAN_POINT('',(805.528543592705,-2009.15425176077,75.8669295839047));
#5937=CARTESIAN_POINT('',(804.883453494354,-2010.11962409131,75.8669295839047));
#5938=CARTESIAN_POINT('',(804.732492589913,-2010.87875802996,75.8669295839048));
#5939=CARTESIAN_POINT('',(804.732497010286,-2011.25832481558,75.8669295839048));
#5940=CARTESIAN_POINT('',(818.009540169995,-2023.59077465593,67.8669295839048));
#5941=CARTESIAN_POINT('',(818.009540169995,-2023.74000019441,67.8669295839048));
#5942=CARTESIAN_POINT('',(817.98023878197,-2024.03845127138,67.8669295839048));
#5943=CARTESIAN_POINT('',(817.84838253586,-2024.47462280707,67.8669295839048));
#5944=CARTESIAN_POINT('',(817.50591989017,-2024.9871543761,67.8669295839048));
#5945=CARTESIAN_POINT('',(816.865255428876,-2025.41523268321,67.8669295839048));
#5946=CARTESIAN_POINT('',(816.109540169997,-2025.56555379442,67.8669295839048));
#5947=CARTESIAN_POINT('',(815.353824911113,-2025.41523268321,67.8669295839048));
#5948=CARTESIAN_POINT('',(814.713160449819,-2024.9871543761,67.8669295839048));
#5949=CARTESIAN_POINT('',(814.370697804131,-2024.47462280707,67.8669295839048));
#5950=CARTESIAN_POINT('',(814.23884155802,-2024.03845127138,67.8669295839048));
#5951=CARTESIAN_POINT('',(814.209540169995,-2023.74000019441,67.8669295839048));
#5952=CARTESIAN_POINT('',(814.209540169995,-2023.59077465593,67.8669295839048));
#5953=CARTESIAN_POINT('',(818.009540169995,-2023.59077465593,67.8669295839048));
#5954=CARTESIAN_POINT('',(818.009540169995,-2023.59077465593,74.8669295839048));
#5955=CARTESIAN_POINT('',(818.009540169995,-2023.59077465593,74.8669295839048));
#5956=CARTESIAN_POINT('',(818.009683342071,-2023.83946980125,74.8669295839048));
#5957=CARTESIAN_POINT('',(817.910622986458,-2024.33681849656,74.8669295839046));
#5958=CARTESIAN_POINT('',(817.488090808984,-2024.96930649722,74.866929583905));
#5959=CARTESIAN_POINT('',(816.855579722917,-2025.39190358428,74.8669295839049));
#5960=CARTESIAN_POINT('',(816.109550051275,-2025.54030831717,74.8669295839048));
#5961=CARTESIAN_POINT('',(815.363476773574,-2025.39190397115,74.8669295839049));
#5962=CARTESIAN_POINT('',(814.731027856471,-2024.96930556329,74.8669295839048));
#5963=CARTESIAN_POINT('',(814.308382783274,-2024.336820389,74.866929583905));
#5964=CARTESIAN_POINT('',(814.209477266396,-2023.83945673246,74.8669295839048));
#5965=CARTESIAN_POINT('',(814.209480153783,-2023.59077465522,74.8669295839048));
#5966=CARTESIAN_POINT('',(818.009540169995,-2023.59077465593,74.8669295839048));
#5967=CARTESIAN_POINT('',(819.009540169995,-2023.59077465593,75.8669295839048));
#5968=CARTESIAN_POINT('',(819.009540169995,-2023.59077465593,75.8669295839048));
#5969=CARTESIAN_POINT('',(819.009759147898,-2023.97036279044,75.8669295839049));
#5970=CARTESIAN_POINT('',(818.858561220597,-2024.7294725116,75.8669295839047));
#5971=CARTESIAN_POINT('',(818.213643978969,-2025.6948500226,75.8669295839048));
#5972=CARTESIAN_POINT('',(817.24823210715,-2026.33986610974,75.8669295839047));
#5973=CARTESIAN_POINT('',(816.109555300634,-2026.56637891119,75.8669295839047));
#5974=CARTESIAN_POINT('',(814.970811722765,-2026.33986681802,75.8669295839048));
#5975=CARTESIAN_POINT('',(814.005495045162,-2025.69484831223,75.8669295839049));
#5976=CARTESIAN_POINT('',(813.360404946812,-2024.72947598169,75.8669295839049));
#5977=CARTESIAN_POINT('',(813.209444042371,-2023.97034204304,75.8669295839048));
#5978=CARTESIAN_POINT('',(813.209448462743,-2023.59077525742,75.8669295839048));
#5979=CARTESIAN_POINT('',(809.532588717539,-1867.91059287497,67.8669295839049));
#5980=CARTESIAN_POINT('',(809.532588717539,-1867.76136733648,67.8669295839049));
#5981=CARTESIAN_POINT('',(809.503287329515,-1867.46291625952,67.8669295839049));
#5982=CARTESIAN_POINT('',(809.371431083405,-1867.02674472383,67.8669295839049));
#5983=CARTESIAN_POINT('',(809.028968437714,-1866.51421315479,67.8669295839049));
#5984=CARTESIAN_POINT('',(808.38830397642,-1866.08613484768,67.8669295839049));
#5985=CARTESIAN_POINT('',(807.632588717541,-1865.93581373647,67.8669295839049));
#5986=CARTESIAN_POINT('',(806.876873458658,-1866.08613484768,67.8669295839049));
#5987=CARTESIAN_POINT('',(806.236208997363,-1866.51421315479,67.8669295839049));
#5988=CARTESIAN_POINT('',(805.893746351675,-1867.02674472383,67.8669295839049));
#5989=CARTESIAN_POINT('',(805.761890105564,-1867.46291625952,67.8669295839049));
#5990=CARTESIAN_POINT('',(805.732588717539,-1867.76136733648,67.8669295839049));
#5991=CARTESIAN_POINT('',(805.732588717539,-1867.91059287497,67.8669295839049));
#5992=CARTESIAN_POINT('',(809.532588717539,-1867.91059287497,67.8669295839049));
#5993=CARTESIAN_POINT('',(809.532588717539,-1867.91059287497,74.8669295839049));
#5994=CARTESIAN_POINT('',(809.532588717539,-1867.91059287497,74.8669295839049));
#5995=CARTESIAN_POINT('',(809.532731889619,-1868.1592880203,74.8669295839053));
#5996=CARTESIAN_POINT('',(809.433671533999,-1868.6566367156,74.8669295839046));
#5997=CARTESIAN_POINT('',(809.011139356527,-1869.28912471626,74.866929583905));
#5998=CARTESIAN_POINT('',(808.37862827046,-1869.71172180332,74.8669295839049));
#5999=CARTESIAN_POINT('',(807.632598598816,-1869.86012653621,74.8669295839049));
#6000=CARTESIAN_POINT('',(806.886525321115,-1869.71172219019,74.8669295839051));
#6001=CARTESIAN_POINT('',(806.254076404011,-1869.28912378233,74.8669295839049));
#6002=CARTESIAN_POINT('',(805.831431330813,-1868.65663860804,74.8669295839049));
#6003=CARTESIAN_POINT('',(805.73252581394,-1868.1592749515,74.8669295839048));
#6004=CARTESIAN_POINT('',(805.732528701328,-1867.91059287426,74.8669295839048));
#6005=CARTESIAN_POINT('',(809.532588717539,-1867.91059287497,74.8669295839049));
#6006=CARTESIAN_POINT('',(810.532588717539,-1867.91059287497,75.8669295839049));
#6007=CARTESIAN_POINT('',(810.532588717539,-1867.91059287497,75.8669295839049));
#6008=CARTESIAN_POINT('',(810.532807695445,-1868.29018100948,75.8669295839052));
#6009=CARTESIAN_POINT('',(810.381609768138,-1869.04929073064,75.8669295839045));
#6010=CARTESIAN_POINT('',(809.736692526515,-1870.01466824165,75.8669295839051));
#6011=CARTESIAN_POINT('',(808.771280654695,-1870.65968432878,75.8669295839049));
#6012=CARTESIAN_POINT('',(807.632603848178,-1870.88619713023,75.8669295839049));
#6013=CARTESIAN_POINT('',(806.49386027031,-1870.65968503707,75.8669295839049));
#6014=CARTESIAN_POINT('',(805.528543592705,-1870.01466653127,75.8669295839047));
#6015=CARTESIAN_POINT('',(804.883453494354,-1869.04929420073,75.8669295839047));
#6016=CARTESIAN_POINT('',(804.732492589913,-1868.29016026208,75.8669295839048));
#6017=CARTESIAN_POINT('',(804.732497010286,-1867.91059347646,75.8669295839048));
#6018=CARTESIAN_POINT('',(818.009540169995,-1855.57814363611,67.8669295839048));
#6019=CARTESIAN_POINT('',(818.009540169995,-1855.42891809763,67.8669295839048));
#6020=CARTESIAN_POINT('',(817.98023878197,-1855.13046702066,67.8669295839048));
#6021=CARTESIAN_POINT('',(817.84838253586,-1854.69429548497,67.8669295839048));
#6022=CARTESIAN_POINT('',(817.50591989017,-1854.18176391594,67.8669295839048));
#6023=CARTESIAN_POINT('',(816.865255428876,-1853.75368560883,67.8669295839048));
#6024=CARTESIAN_POINT('',(816.109540169997,-1853.60336449762,67.8669295839048));
#6025=CARTESIAN_POINT('',(815.353824911113,-1853.75368560883,67.8669295839048));
#6026=CARTESIAN_POINT('',(814.713160449819,-1854.18176391594,67.8669295839048));
#6027=CARTESIAN_POINT('',(814.370697804131,-1854.69429548497,67.8669295839048));
#6028=CARTESIAN_POINT('',(814.23884155802,-1855.13046702066,67.8669295839048));
#6029=CARTESIAN_POINT('',(814.209540169995,-1855.42891809763,67.8669295839048));
#6030=CARTESIAN_POINT('',(814.209540169995,-1855.57814363611,67.8669295839048));
#6031=CARTESIAN_POINT('',(818.009540169995,-1855.57814363611,67.8669295839048));
#6032=CARTESIAN_POINT('',(818.009540169995,-1855.57814363611,74.8669295839048));
#6033=CARTESIAN_POINT('',(818.009540169995,-1855.57814363611,74.8669295839048));
#6034=CARTESIAN_POINT('',(818.009683342071,-1855.32944849079,74.8669295839048));
#6035=CARTESIAN_POINT('',(817.910622986458,-1854.83209979548,74.8669295839046));
#6036=CARTESIAN_POINT('',(817.488090808984,-1854.19961179482,74.866929583905));
#6037=CARTESIAN_POINT('',(816.855579722917,-1853.77701470776,74.8669295839049));
#6038=CARTESIAN_POINT('',(816.109550051275,-1853.62860997487,74.8669295839048));
#6039=CARTESIAN_POINT('',(815.363476773574,-1853.77701432089,74.8669295839049));
#6040=CARTESIAN_POINT('',(814.731027856471,-1854.19961272875,74.8669295839048));
#6041=CARTESIAN_POINT('',(814.308382783274,-1854.83209790304,74.866929583905));
#6042=CARTESIAN_POINT('',(814.209477266396,-1855.32946155958,74.8669295839048));
#6043=CARTESIAN_POINT('',(814.209480153783,-1855.57814363682,74.8669295839048));
#6044=CARTESIAN_POINT('',(818.009540169995,-1855.57814363611,74.8669295839048));
#6045=CARTESIAN_POINT('',(819.009540169995,-1855.57814363611,75.8669295839048));
#6046=CARTESIAN_POINT('',(819.009540169995,-1855.57814363611,75.8669295839048));
#6047=CARTESIAN_POINT('',(819.009759147898,-1855.1985555016,75.8669295839049));
#6048=CARTESIAN_POINT('',(818.858561220597,-1854.43944578044,75.8669295839047));
#6049=CARTESIAN_POINT('',(818.213643978969,-1853.47406826944,75.8669295839048));
#6050=CARTESIAN_POINT('',(817.24823210715,-1852.82905218231,75.8669295839047));
#6051=CARTESIAN_POINT('',(816.109555300634,-1852.60253938085,75.8669295839047));
#6052=CARTESIAN_POINT('',(814.970811722765,-1852.82905147402,75.8669295839048));
#6053=CARTESIAN_POINT('',(814.005495045162,-1853.47406997982,75.8669295839049));
#6054=CARTESIAN_POINT('',(813.360404946812,-1854.43944231035,75.8669295839049));
#6055=CARTESIAN_POINT('',(813.209444042371,-1855.198576249,75.8669295839048));
#6056=CARTESIAN_POINT('',(813.209448462743,-1855.57814303462,75.8669295839048));
#6057=CARTESIAN_POINT('',(926.005776384845,-1833.63437807203,15.8669295839049));
#6058=CARTESIAN_POINT('',(926.005776384845,-1841.63437807203,15.8669295839049));
#6059=CARTESIAN_POINT('',(988.281609214886,-1853.86904768247,15.8669295839049));
#6060=CARTESIAN_POINT('',(984.242364067943,-1850.93437148518,15.8669295839049));
#6061=CARTESIAN_POINT('',(973.010073332016,-1843.74303212543,15.8669295839049));
#6062=CARTESIAN_POINT('',(960.681449690115,-1838.34011901028,15.8669295839049));
#6063=CARTESIAN_POINT('',(947.641122701493,-1834.94152835756,15.8669295839049));
#6064=CARTESIAN_POINT('',(934.32706364922,-1833.63437807203,15.8669295839049));
#6065=CARTESIAN_POINT('',(926.005776384845,-1833.63437807203,15.8669295839049));
#6066=CARTESIAN_POINT('',(983.579328267741,-1860.3411821631,43.6017101239047));
#6067=CARTESIAN_POINT('',(985.146755250123,-1858.18380400289,44.3567832772381));
#6068=CARTESIAN_POINT('',(986.714182232504,-1856.02642584268,45.1118564305715));
#6069=CARTESIAN_POINT('',(988.281609214886,-1853.86904768247,45.8669295839049));
#6070=CARTESIAN_POINT('',(926.005776384845,-1841.63437807203,15.8669295839049));
#6071=CARTESIAN_POINT('',(933.698745700741,-1841.63437796324,15.8669295839049));
#6072=CARTESIAN_POINT('',(946.007496004819,-1842.84282874232,15.8669295839049));
#6073=CARTESIAN_POINT('',(958.063182716925,-1845.98480114488,15.8669295839049));
#6074=CARTESIAN_POINT('',(969.46090503025,-1850.97975486607,15.8669295839049));
#6075=CARTESIAN_POINT('',(979.845075665049,-1857.62809549332,15.8669295839049));
#6076=CARTESIAN_POINT('',(983.579328267741,-1860.3411821631,15.8669295839049));
#6077=CARTESIAN_POINT('',(983.579328267741,-1860.3411821631,15.8669295839049));
#6078=CARTESIAN_POINT('',(983.579328267741,-1860.3411821631,43.6017101239047));
#6079=CARTESIAN_POINT('',(988.281609214886,-1853.86904768247,15.8669295839049));
#6080=CARTESIAN_POINT('',(988.281609214886,-1853.86904768247,45.8669295839049));
#6081=CARTESIAN_POINT('',(926.005776384845,-1841.63437807203,15.8669295839049));
#6082=CARTESIAN_POINT('',(938.775543156603,-1841.63437789145,22.0184812491915));
#6083=CARTESIAN_POINT('',(951.520282516874,-1844.13251641908,28.1579765145796));
#6084=CARTESIAN_POINT('',(963.489618585004,-1849.09037786255,33.9239384572145));
#6085=CARTESIAN_POINT('',(970.534230163992,-1852.00835158581,37.3175237015321));
#6086=CARTESIAN_POINT('',(977.286534059036,-1855.76921076754,40.5702962080704));
#6087=CARTESIAN_POINT('',(983.579328267741,-1860.3411821631,43.6017101239047));
#6088=CARTESIAN_POINT('',(988.281609214886,-1853.86904768247,45.8669295839049));
#6089=CARTESIAN_POINT('',(981.474855275353,-1848.9236635722,42.5879269771751));
#6090=CARTESIAN_POINT('',(974.171061565355,-1844.85563880838,39.0694864948465));
#6091=CARTESIAN_POINT('',(966.551086043925,-1841.69934160246,35.3987324438044));
#6092=CARTESIAN_POINT('',(953.604162701143,-1836.33655036287,29.1618395331391));
#6093=CARTESIAN_POINT('',(939.818505006357,-1833.63437807203,22.5209049675222));
#6094=CARTESIAN_POINT('',(926.005776384845,-1833.63437807203,15.8669295839049));
#6095=CARTESIAN_POINT('',(1026.77021428631,-1906.844027518,15.8669295839049));
#6096=CARTESIAN_POINT('',(1019.16176215595,-1909.316163473,15.8669295839049));
#6097=CARTESIAN_POINT('',(988.281609214886,-1853.86904768247,15.8669295839049));
#6098=CARTESIAN_POINT('',(992.320847530393,-1856.80373328244,15.8669295839049));
#6099=CARTESIAN_POINT('',(1002.63118641253,-1865.26403050528,15.8669295839049));
#6100=CARTESIAN_POINT('',(1011.57941636028,-1875.31965638515,15.8669295839049));
#6101=CARTESIAN_POINT('',(1018.84135079846,-1886.67152207368,15.8669295839049));
#6102=CARTESIAN_POINT('',(1024.19879510655,-1898.93001304126,15.8669295839049));
#6103=CARTESIAN_POINT('',(1026.77021428631,-1906.844027518,15.8669295839049));
#6104=CARTESIAN_POINT('',(1019.16176215595,-1909.316163473,15.8669295839049));
#6105=CARTESIAN_POINT('',(1016.7845040036,-1901.99971484184,15.8669295839049));
#6106=CARTESIAN_POINT('',(1011.83158599205,-1890.6668294853,15.8669295839049));
#6107=CARTESIAN_POINT('',(1005.11798059169,-1880.17211294759,15.8669295839049));
#6108=CARTESIAN_POINT('',(996.845407414564,-1870.87576045654,15.8669295839049));
#6109=CARTESIAN_POINT('',(987.313574539832,-1863.05427754621,15.8669295839049));
#6110=CARTESIAN_POINT('',(983.579328267741,-1860.3411821631,15.8669295839049));
#6111=CARTESIAN_POINT('',(1019.16176215595,-1909.316163473,15.8669295839049));
#6112=CARTESIAN_POINT('',(1015.21568738102,-1897.17139351735,22.0184812491915));
#6113=CARTESIAN_POINT('',(1008.9014754045,-1885.82239335962,28.1579765145796));
#6114=CARTESIAN_POINT('',(1000.48754071537,-1875.97094173809,33.9239384572145));
#6115=CARTESIAN_POINT('',(995.535478094807,-1870.17282146075,37.3175237015321));
#6116=CARTESIAN_POINT('',(989.872111808402,-1864.91316824197,40.5702962080704));
#6117=CARTESIAN_POINT('',(983.579328267741,-1860.3411821631,43.6017101239047));
#6118=CARTESIAN_POINT('',(988.281609214886,-1853.86904768247,45.8669295839049));
#6119=CARTESIAN_POINT('',(995.08835164239,-1858.8144476377,42.5879269771751));
#6120=CARTESIAN_POINT('',(1001.21426948226,-1864.50367945371,39.0694864948465));
#6121=CARTESIAN_POINT('',(1006.57078844017,-1870.77535735145,35.3987324438044));
#6122=CARTESIAN_POINT('',(1015.67192533189,-1881.43141953226,29.1618395331391));
#6123=CARTESIAN_POINT('',(1022.50184640358,-1893.7073419547,22.5209049675222));
#6124=CARTESIAN_POINT('',(1026.77021428631,-1906.844027518,15.8669295839049));
#6125=CARTESIAN_POINT('',(808.33558972307,-1849.77205637147,75.8669295839049));
#6126=CARTESIAN_POINT('',(808.33558972307,-1828.77205637147,75.8669295839049));
#6127=CARTESIAN_POINT('',(808.33558972307,-1828.77205637147,75.8669295839049));
#6128=CARTESIAN_POINT('',(808.33558972307,-1828.77205637147,15.8669295839049));
#6129=CARTESIAN_POINT('',(808.33558972307,-1849.77205637147,75.8669295839049));
#6130=CARTESIAN_POINT('',(808.33558972307,-1849.77205637147,15.8669295839049));
#6131=CARTESIAN_POINT('',(808.33558972307,-1828.77205637147,75.8669295839049));
#6132=CARTESIAN_POINT('',(829.33558972307,-1828.77205637147,75.8669295839049));
#6133=CARTESIAN_POINT('',(829.33558972307,-1828.77205637147,75.8669295839049));
#6134=CARTESIAN_POINT('',(829.33558972307,-1828.77205637147,25.8669295839049));
#6135=CARTESIAN_POINT('',(829.33558972307,-1828.77205637147,75.8669295839049));
#6136=CARTESIAN_POINT('',(829.33558972307,-1846.48661856354,75.8669295839049));
#6137=CARTESIAN_POINT('',(790.305685613325,-1808.37437807203,15.8669295839049));
#6138=CARTESIAN_POINT('',(790.305685613325,-1808.37437807203,10.8669295839049));
#6139=CARTESIAN_POINT('',(790.305867156369,-2070.79437807203,10.8669295839049));
#6140=CARTESIAN_POINT('',(926.005776385872,-2070.79437807203,10.8669295839049));
#6141=CARTESIAN_POINT('',(926.005776385872,-2070.79437807203,10.8669295839049));
#6142=CARTESIAN_POINT('',(926.005776385872,-2070.79437807203,15.8669295839049));
#6143=CARTESIAN_POINT('',(790.30586715637,-2070.79437807203,15.8669295839049));
#6144=CARTESIAN_POINT('',(886.325608042569,-2070.79437807203,15.8669295839049));
#6145=CARTESIAN_POINT('',(926.005776048323,-1808.37437807203,10.8669295839049));
#6146=CARTESIAN_POINT('',(790.305685613325,-1808.37437807203,10.8669295839049));
#6147=CARTESIAN_POINT('',(790.305867156369,-2070.79437807203,10.8669295839049));
#6148=CARTESIAN_POINT('',(790.30586715637,-2070.79437807203,15.8669295839049));
#6149=CARTESIAN_POINT('',(926.005776048323,-1808.37437807203,10.8669295839049));
#6150=CARTESIAN_POINT('',(926.005776048323,-1808.37437807203,15.8669295839049));
#6151=CARTESIAN_POINT('',(926.005776048323,-1808.37437807203,15.8669295839049));
#6152=CARTESIAN_POINT('',(886.325608581531,-1808.37437807203,15.8669295839049));
#6153=CARTESIAN_POINT('',(780.305685613328,-1818.37438556081,10.8669295839049));
#6154=CARTESIAN_POINT('',(780.305867156372,-2060.79438556081,10.8669295839049));
#6155=CARTESIAN_POINT('',(780.305685613328,-1818.37438556081,15.8669295839048));
#6156=CARTESIAN_POINT('',(780.305867156372,-2060.79438556081,15.8669295839049));
#6157=CARTESIAN_POINT('',(926.005776385872,-2070.79437807203,10.8669295839049));
#6158=CARTESIAN_POINT('',(936.310977913477,-2070.79437807203,10.8669295839049));
#6159=CARTESIAN_POINT('',(956.921380970745,-2068.77088590218,10.8669295839049));
#6160=CARTESIAN_POINT('',(987.042468969716,-2059.66517113787,10.8669295839049));
#6161=CARTESIAN_POINT('',(1022.43682011344,-2036.01542180062,10.8669295839049));
#6162=CARTESIAN_POINT('',(1051.999006785,-1991.77248287097,10.8669295839049));
#6163=CARTESIAN_POINT('',(1062.37986625961,-1939.58437807203,10.8669295839049));
#6164=CARTESIAN_POINT('',(1051.999006785,-1887.39627327309,10.8669295839049));
#6165=CARTESIAN_POINT('',(1022.43682003621,-1843.15333422785,10.8669295839049));
#6166=CARTESIAN_POINT('',(987.04246873855,-1819.50358485173,10.8669295839049));
#6167=CARTESIAN_POINT('',(956.921380577296,-1810.39787012293,10.8669295839049));
#6168=CARTESIAN_POINT('',(936.310977375042,-1808.37437801917,10.8669295839049));
#6169=CARTESIAN_POINT('',(926.005776048323,-1808.37437807203,10.8669295839049));
#6170=CARTESIAN_POINT('',(780.305685613328,-1818.37438556081,15.8669295839048));
#6171=CARTESIAN_POINT('',(780.305685613328,-1818.37438556081,10.8669295839049));
#6172=CARTESIAN_POINT('',(780.305867156372,-2060.79438556081,10.8669295839049));
#6173=CARTESIAN_POINT('',(780.305867156372,-2060.79438556081,15.8669295839049));
#6174=CARTESIAN_POINT('',(790.305867156369,-2060.79437807203,10.8669295839087));
#6175=CARTESIAN_POINT('',(780.305867156372,-2060.79438556081,10.8669295839049));
#6176=CARTESIAN_POINT('',(790.305867156369,-2070.79437807203,10.8669295839049));
#6177=CARTESIAN_POINT('',(790.305685613325,-1818.37437807203,10.8669295839027));
#6178=CARTESIAN_POINT('',(790.305685613325,-1808.37437807203,10.8669295839049));
#6179=CARTESIAN_POINT('',(780.305685613328,-1818.37438556081,10.8669295839049));
#6180=CARTESIAN_POINT('',(790.305685613325,-1818.37437807203,15.8669295839027));
#6181=CARTESIAN_POINT('',(790.305685613325,-1808.37437807203,15.8669295839049));
#6182=CARTESIAN_POINT('',(780.305685613328,-1818.37438556081,15.8669295839048));
#6183=CARTESIAN_POINT('',(808.33558972307,-1828.77205637147,15.8669295839049));
#6184=CARTESIAN_POINT('',(808.33558972307,-1849.77205637147,15.8669295839049));
#6185=CARTESIAN_POINT('',(829.33558972307,-1828.77205637147,15.8669295839049));
#6186=CARTESIAN_POINT('',(808.33558972307,-1828.77205637147,15.8669295839049));
#6187=CARTESIAN_POINT('',(808.33558972307,-1849.77205637147,15.8669295839049));
#6188=CARTESIAN_POINT('',(822.051318514281,-1849.77205637147,15.8669295839049));
#6189=CARTESIAN_POINT('',(926.005776385872,-2070.79437807203,15.8669295839049));
#6190=CARTESIAN_POINT('',(936.3109779143,-2070.79437807195,15.8669295839049));
#6191=CARTESIAN_POINT('',(956.921380971346,-2068.770885902,15.8669295839049));
#6192=CARTESIAN_POINT('',(987.042468970069,-2059.66517113763,15.8669295839049));
#6193=CARTESIAN_POINT('',(1022.43682011355,-2036.01542180044,15.8669295839049));
#6194=CARTESIAN_POINT('',(1046.08656945069,-2000.6210706569,15.8669295839049));
#6195=CARTESIAN_POINT('',(1055.192284215,-1970.49998265793,15.8669295839049));
#6196=CARTESIAN_POINT('',(1057.21577638484,-1949.88957960066,15.8669295839049));
#6197=CARTESIAN_POINT('',(1057.21577638484,-1939.58437807203,15.8669295839049));
#6198=CARTESIAN_POINT('',(1057.21577638484,-1929.27917654339,15.8669295839049));
#6199=CARTESIAN_POINT('',(1055.192284215,-1908.66877348613,15.8669295839049));
#6200=CARTESIAN_POINT('',(1046.08656945069,-1878.54768548716,15.8669295839049));
#6201=CARTESIAN_POINT('',(1022.43682007482,-1843.15333428564,15.8669295839049));
#6202=CARTESIAN_POINT('',(987.042468854132,-1819.50358492896,15.8669295839049));
#6203=CARTESIAN_POINT('',(956.921380774021,-1810.3978701824,15.8669295839049));
#6204=CARTESIAN_POINT('',(936.310977644261,-1808.3743780456,15.8669295839049));
#6205=CARTESIAN_POINT('',(926.005776048323,-1808.37437807203,15.8669295839049));
#6206=CARTESIAN_POINT('',(826.33558972307,-1831.77205637147,75.8669295839049));
#6207=CARTESIAN_POINT('',(826.33558972307,-1831.77205637147,25.8669295839049));
#6208=CARTESIAN_POINT('',(811.33558972307,-1831.77205637147,12.8669295839049));
#6209=CARTESIAN_POINT('',(826.33558972307,-1831.77205637147,12.8669295839049));
#6210=CARTESIAN_POINT('',(811.33558972307,-1831.77205637147,75.8669295839049));
#6211=CARTESIAN_POINT('',(811.33558972307,-1831.77205637147,12.8669295839049));
#6212=CARTESIAN_POINT('',(826.33558972307,-1846.77205637147,75.8669295839049));
#6213=CARTESIAN_POINT('',(826.33558972307,-1846.77205637147,25.8669295839049));
#6214=CARTESIAN_POINT('',(811.33558972307,-1846.77205637147,75.8669295839049));
#6215=CARTESIAN_POINT('',(811.33558972307,-1846.77205637147,12.8669295839049));
#6216=CARTESIAN_POINT('',(811.33558972307,-1846.77205637147,12.8669295839049));
#6217=CARTESIAN_POINT('',(811.33558972307,-1831.77205637147,12.8669295839049));
#6218=CARTESIAN_POINT('',(811.33558972307,-1831.77205637147,75.8669295839049));
#6219=CARTESIAN_POINT('',(826.33558972307,-1831.77205637147,75.8669295839049));
#6220=CARTESIAN_POINT('',(826.33558972307,-1831.77205637147,75.8669295839049));
#6221=CARTESIAN_POINT('',(826.33558972307,-1846.77205637147,75.8669295839049));
#6222=CARTESIAN_POINT('',(826.33558972307,-1846.77205637147,75.8669295839049));
#6223=CARTESIAN_POINT('',(811.33558972307,-1846.77205637147,75.8669295839049));
#6224=CARTESIAN_POINT('',(811.33558972307,-1846.77205637147,75.8669295839049));
#6225=CARTESIAN_POINT('',(811.33558972307,-1831.77205637147,75.8669295839049));
#6226=CARTESIAN_POINT('',(918.934708573084,-1946.655445884,12.8669295839049));
#6227=CARTESIAN_POINT('',(819.051318497366,-1846.77205637147,12.8669295839049));
#6228=CARTESIAN_POINT('',(829.33558972307,-1828.77205637147,12.8669295839049));
#6229=CARTESIAN_POINT('',(933.076843074704,-1932.5133097231,12.8669295839049));
#6230=CARTESIAN_POINT('',(933.076843074704,-1932.5133097231,12.8669295839049));
#6231=CARTESIAN_POINT('',(933.632203829623,-1933.06867047802,12.8669295839049));
#6232=CARTESIAN_POINT('',(934.633875210325,-1934.28843879886,12.8669295839049));
#6233=CARTESIAN_POINT('',(935.766419399698,-1936.40241921887,12.8669295839049));
#6234=CARTESIAN_POINT('',(936.399350368082,-1939.58437807203,12.8669295839049));
#6235=CARTESIAN_POINT('',(935.608186657601,-1943.56182663847,12.8669295839049));
#6236=CARTESIAN_POINT('',(933.355143029157,-1946.93374471634,12.8669295839049));
#6237=CARTESIAN_POINT('',(929.983224951289,-1949.18678834478,12.8669295839049));
#6238=CARTESIAN_POINT('',(926.005776384845,-1949.97795205527,12.8669295839049));
#6239=CARTESIAN_POINT('',(922.823817531686,-1949.34502108688,12.8669295839049));
#6240=CARTESIAN_POINT('',(920.709837111679,-1948.21247689751,12.8669295839049));
#6241=CARTESIAN_POINT('',(919.490068790837,-1947.21080551681,12.8669295839049));
#6242=CARTESIAN_POINT('',(918.934708573084,-1946.655445884,12.8669295839049));
#6243=CARTESIAN_POINT('',(829.33558972307,-1828.77205637147,25.8669295839049));
#6244=CARTESIAN_POINT('',(829.33558972307,-1846.48661856354,25.8669295839049));
#6245=CARTESIAN_POINT('',(822.051318514281,-1849.77205637147,15.8669295839049));
#6246=CARTESIAN_POINT('',(822.051318514281,-1849.77205637147,25.8669295839049));
#6247=CARTESIAN_POINT('',(918.934708573084,-1946.655445884,15.8669295839049));
#6248=CARTESIAN_POINT('',(907.138472982264,-1934.85921035969,15.8669295839049));
#6249=CARTESIAN_POINT('',(829.33558972307,-1828.77205637147,15.8669295839049));
#6250=CARTESIAN_POINT('',(838.43986346558,-1837.87633011398,15.8669295839049));
#6251=CARTESIAN_POINT('',(933.076843074703,-1932.5133097231,15.8669295839049));
#6252=CARTESIAN_POINT('',(933.632203829623,-1933.06867047802,15.8669295839049));
#6253=CARTESIAN_POINT('',(934.633875210325,-1934.28843879886,15.8669295839049));
#6254=CARTESIAN_POINT('',(935.766419399698,-1936.40241921887,15.8669295839049));
#6255=CARTESIAN_POINT('',(936.399350368082,-1939.58437807203,15.8669295839049));
#6256=CARTESIAN_POINT('',(935.608186657601,-1943.56182663847,15.8669295839049));
#6257=CARTESIAN_POINT('',(933.355143029158,-1946.93374471634,15.8669295839049));
#6258=CARTESIAN_POINT('',(929.983224951289,-1949.18678834478,15.8669295839049));
#6259=CARTESIAN_POINT('',(926.005776384845,-1949.97795205527,15.8669295839049));
#6260=CARTESIAN_POINT('',(922.823817531686,-1949.34502108688,15.8669295839049));
#6261=CARTESIAN_POINT('',(920.709837111679,-1948.21247689751,15.8669295839049));
#6262=CARTESIAN_POINT('',(919.490068790837,-1947.21080551681,15.8669295839049));
#6263=CARTESIAN_POINT('',(918.934708573084,-1946.655445884,15.8669295839049));
#6264=CARTESIAN_POINT('',(826.33558972307,-1831.77205637147,25.8669295839049));
#6265=CARTESIAN_POINT('',(826.33558972307,-1846.77205637147,25.8669295839049));
#6266=CARTESIAN_POINT('',(819.051318497366,-1846.77205637147,12.8669295839049));
#6267=CARTESIAN_POINT('',(819.051318497365,-1846.77205637147,25.8669295839049));
#6268=CARTESIAN_POINT('',(826.33558972307,-1846.77205637147,25.8669295839049));
#6269=CARTESIAN_POINT('',(819.051318497365,-1846.77205637147,25.8669295839049));
#6270=CARTESIAN_POINT('',(829.33558972307,-1828.77205637147,25.8669295839049));
#6271=CARTESIAN_POINT('',(829.33558972307,-1828.77205637147,15.8669295839049));
#6272=CARTESIAN_POINT('',(826.33558972307,-1831.77205637147,25.8669295839049));
#6273=CARTESIAN_POINT('',(826.33558972307,-1831.77205637147,12.8669295839049));
#6274=CARTESIAN_POINT('',(819.051318497366,-1846.77205637147,12.8669295839049));
#6275=CARTESIAN_POINT('',(811.33558972307,-1846.77205637147,12.8669295839049));
#6276=CARTESIAN_POINT('',(822.051318514281,-1849.77205637147,25.8669295839049));
#6277=CARTESIAN_POINT('',(819.051318497365,-1846.77205637147,25.8669295839049));
#6278=CARTESIAN_POINT('',(918.934708573084,-1946.655445884,15.8669295839049));
#6279=CARTESIAN_POINT('',(918.934708573084,-1946.655445884,12.8669295839049));
#6280=CARTESIAN_POINT('',(826.33558972307,-1831.77205637147,25.8669295839049));
#6281=CARTESIAN_POINT('',(829.33558972307,-1828.77205637147,25.8669295839049));
#6282=CARTESIAN_POINT('',(829.33558972307,-1828.77205637147,15.8669295839049));
#6283=CARTESIAN_POINT('',(829.33558972307,-1828.77205637147,12.8669295839049));
#6284=CARTESIAN_POINT('',(826.33558972307,-1831.77205637147,12.8669295839049));
#6285=CARTESIAN_POINT('',(829.33558972307,-1828.77205637147,12.8669295839049));
#6286=CARTESIAN_POINT('',(933.076843074703,-1932.5133097231,15.8669295839049));
#6287=CARTESIAN_POINT('',(933.076843074704,-1932.5133097231,12.8669295839049));
#6288=CARTESIAN_POINT('',(990.280776384843,-1939.58437807312,15.8669295839049));
#6289=CARTESIAN_POINT('',(990.280776384844,-1939.58437807312,17.5335962505716));
#6290=CARTESIAN_POINT('',(990.280776384844,-1939.58437807312,19.2002629172382));
#6291=CARTESIAN_POINT('',(990.280776384844,-1939.58437807312,20.8669295839049));
#6292=CARTESIAN_POINT('',(990.280776384843,-1939.58437807312,15.8669295839049));
#6293=CARTESIAN_POINT('',(990.280776384843,-1934.53623624726,15.8669295839049));
#6294=CARTESIAN_POINT('',(989.289542160718,-1924.43995259554,15.8669295839049));
#6295=CARTESIAN_POINT('',(984.828988152155,-1909.68473020175,15.8669295839049));
#6296=CARTESIAN_POINT('',(973.243829272843,-1892.34631884618,15.8669295839049));
#6297=CARTESIAN_POINT('',(951.570829477752,-1877.86488486784,15.8669295839049));
#6298=CARTESIAN_POINT('',(928.03973723176,-1873.18425815095,15.8669295839049));
#6299=CARTESIAN_POINT('',(909.621657550506,-1876.11915356537,15.8669295839049));
#6300=CARTESIAN_POINT('',(897.459593368107,-1881.45535524624,15.8669295839049));
#6301=CARTESIAN_POINT('',(890.638860726842,-1885.8284850737,15.8669295839049));
#6302=CARTESIAN_POINT('',(888.180999480622,-1887.61746612903,15.8669295839049));
#6303=CARTESIAN_POINT('',(985.580776384843,-1939.58437807312,15.8669295839049));
#6304=CARTESIAN_POINT('',(985.580776384844,-1944.2633820428,15.8669295839049));
#6305=CARTESIAN_POINT('',(984.662025377452,-1953.62138998215,15.8669295839049));
#6306=CARTESIAN_POINT('',(980.527645844187,-1967.29766029614,15.8669295839049));
#6307=CARTESIAN_POINT('',(969.789623825301,-1983.36823781111,15.8669295839049));
#6308=CARTESIAN_POINT('',(949.701429866374,-1996.79073697036,15.8669295839049));
#6309=CARTESIAN_POINT('',(926.005775234741,-2001.50409878845,15.8669295839049));
#6310=CARTESIAN_POINT('',(902.310126067924,-1996.79073914698,15.8669295839049));
#6311=CARTESIAN_POINT('',(882.221922570047,-1983.36823187355,15.8669295839049));
#6312=CARTESIAN_POINT('',(871.483916455943,-1967.2976694251,15.8669295839049));
#6313=CARTESIAN_POINT('',(867.349529125021,-1953.62139613307,15.8669295839049));
#6314=CARTESIAN_POINT('',(866.430776384814,-1944.2633840931,15.8669295839049));
#6315=CARTESIAN_POINT('',(866.430776384813,-1939.58437807312,15.8669295839049));
#6316=CARTESIAN_POINT('',(928.005776385933,-2003.82825313402,26.1669295839049));
#6317=CARTESIAN_POINT('',(928.005776385932,-2003.82825313402,20.8669295839049));
#6318=CARTESIAN_POINT('',(924.005776385933,-2003.82825318742,20.8669295839049));
#6319=CARTESIAN_POINT('',(924.005776385932,-2003.82825318742,26.1669295839049));
#6320=CARTESIAN_POINT('',(924.005776385933,-2003.82825318742,20.8669295839049));
#6321=CARTESIAN_POINT('',(924.405647251249,-2003.84070213105,20.8669295839049));
#6322=CARTESIAN_POINT('',(925.205582670745,-2003.85937757497,20.8669295839049));
#6323=CARTESIAN_POINT('',(926.005776383877,-2003.86560407291,20.8669295839049));
#6324=CARTESIAN_POINT('',(926.805970097767,-2003.85937755334,20.8669295839049));
#6325=CARTESIAN_POINT('',(927.605905519465,-2003.84070208814,20.8669295839049));
#6326=CARTESIAN_POINT('',(928.005776385932,-2003.82825313402,20.8669295839049));
#6327=CARTESIAN_POINT('',(928.005776385932,-1999.12579626335,26.1669295839049));
#6328=CARTESIAN_POINT('',(928.005776385932,-1999.12579626335,20.8669295839049));
#6329=CARTESIAN_POINT('',(924.005776385932,-1999.12579637486,20.8669295839049));
#6330=CARTESIAN_POINT('',(924.005776385932,-1999.12579637486,26.1669295839049));
#6331=CARTESIAN_POINT('',(924.005776385932,-1999.12579637486,20.8669295839049));
#6332=CARTESIAN_POINT('',(924.405626062051,-1999.13922778955,20.8669295839049));
#6333=CARTESIAN_POINT('',(925.205550881404,-1999.1593774565,20.8669295839049));
#6334=CARTESIAN_POINT('',(926.005776381569,-1999.16609570158,20.8669295839049));
#6335=CARTESIAN_POINT('',(926.806001883452,-1999.15937741123,20.8669295839049));
#6336=CARTESIAN_POINT('',(927.605926707771,-1999.13922769987,20.8669295839049));
#6337=CARTESIAN_POINT('',(928.005776385932,-1999.12579626335,20.8669295839049));
#6338=CARTESIAN_POINT('',(928.005776204758,-2008.83049434102,32.5669295839049));
#6339=CARTESIAN_POINT('',(928.005776153862,-2008.83049257893,29.1669295839049));
#6340=CARTESIAN_POINT('',(924.005776617986,-2008.830492579,29.1669295839032));
#6341=CARTESIAN_POINT('',(924.005776567048,-2008.83049434108,32.5669295839049));
#6342=CARTESIAN_POINT('',(928.005776476178,-2005.82916684895,35.5669295839049));
#6343=CARTESIAN_POINT('',(928.005776385932,-1999.12579626335,35.5669295839049));
#6344=CARTESIAN_POINT('',(924.005776385932,-1999.12579637486,35.5669295839049));
#6345=CARTESIAN_POINT('',(924.005776295541,-2005.82916684901,35.5669295839049));
#6346=CARTESIAN_POINT('',(928.005776476324,-2005.82916684895,26.1669295839049));
#6347=CARTESIAN_POINT('',(928.005776385933,-2003.82825313402,26.1669295839049));
#6348=CARTESIAN_POINT('',(924.005776385932,-2003.82825318742,26.1669295839049));
#6349=CARTESIAN_POINT('',(924.005776295687,-2005.82916684902,26.1669295839049));
#6350=CARTESIAN_POINT('',(928.005776385932,-1999.12579626335,35.5669295839049));
#6351=CARTESIAN_POINT('',(928.005776385932,-1999.12579626335,26.1669295839049));
#6352=CARTESIAN_POINT('',(924.005776385932,-1999.12579637486,26.1669295839049));
#6353=CARTESIAN_POINT('',(924.005776385932,-1999.12579637486,35.5669295839049));
#6354=CARTESIAN_POINT('',(924.005776385932,-2003.82825318742,26.1669295839049));
#6355=CARTESIAN_POINT('',(919.359948527606,-2003.68361737088,26.1669295839049));
#6356=CARTESIAN_POINT('',(913.448771151047,-2002.96320771173,26.1669295839049));
#6357=CARTESIAN_POINT('',(907.64127419886,-2001.56165560736,26.1669295839049));
#6358=CARTESIAN_POINT('',(902.042008602451,-1999.50141577571,26.1669295839049));
#6359=CARTESIAN_POINT('',(896.746118755626,-1996.8276524565,26.1669295839049));
#6360=CARTESIAN_POINT('',(895.615893516378,-1996.22119923846,26.1669295839049));
#6361=CARTESIAN_POINT('',(928.005776385932,-1999.12579626335,26.1669295839049));
#6362=CARTESIAN_POINT('',(932.282295727802,-1998.98214278255,26.1669295839049));
#6363=CARTESIAN_POINT('',(937.701365705925,-1998.31154721065,26.1669295839049));
#6364=CARTESIAN_POINT('',(943.02536249881,-1997.02320678301,26.1669295839049));
#6365=CARTESIAN_POINT('',(948.160487266818,-1995.13738533786,26.1669295839049));
#6366=CARTESIAN_POINT('',(953.021295415481,-1992.69451258276,26.1669295839049));
#6367=CARTESIAN_POINT('',(954.044431456237,-1992.1487532294,26.1669295839049));
#6368=CARTESIAN_POINT('',(924.005776567048,-2008.83049434108,32.5669295839049));
#6369=CARTESIAN_POINT('',(920.987832871556,-2008.74327002535,32.5669295839049));
#6370=CARTESIAN_POINT('',(917.975602935989,-2008.4588227848,32.5669295839049));
#6371=CARTESIAN_POINT('',(914.994779829513,-2007.9788578093,32.5669295839049));
#6372=CARTESIAN_POINT('',(909.68113965469,-2007.12326823382,32.5669295839049));
#6373=CARTESIAN_POINT('',(904.467300726619,-2005.64638340904,32.5669295839049));
#6374=CARTESIAN_POINT('',(899.495034599319,-2003.5867309009,32.5669295839049));
#6375=CARTESIAN_POINT('',(897.318482584864,-2002.68514182644,32.5669295839049));
#6376=CARTESIAN_POINT('',(895.188219528439,-2001.67188575657,32.5669295839049));
#6377=CARTESIAN_POINT('',(893.114845905773,-2000.55313160999,32.5669295839049));
#6378=CARTESIAN_POINT('',(893.114867165962,-2000.55309220939,29.1669295827909));
#6379=CARTESIAN_POINT('',(893.114866900315,-2000.55309270305,29.0823549739043));
#6380=CARTESIAN_POINT('',(893.118659667206,-2000.54654044739,28.9104384081869));
#6381=CARTESIAN_POINT('',(893.135350236504,-2000.51762462923,28.6506796152938));
#6382=CARTESIAN_POINT('',(893.164343135522,-2000.46740954473,28.3876519789356));
#6383=CARTESIAN_POINT('',(893.206134578535,-2000.39502423404,28.1246753189682));
#6384=CARTESIAN_POINT('',(893.26106103987,-2000.29988910953,27.8653851134103));
#6385=CARTESIAN_POINT('',(893.329079543142,-2000.18207771845,27.6136246195594));
#6386=CARTESIAN_POINT('',(893.409784811505,-2000.04229226383,27.3732756330224));
#6387=CARTESIAN_POINT('',(893.502388977554,-1999.88189730319,27.1480796020939));
#6388=CARTESIAN_POINT('',(893.605744536037,-1999.70288038869,26.941453378612));
#6389=CARTESIAN_POINT('',(893.718388935937,-1999.50777473033,26.756320824484));
#6390=CARTESIAN_POINT('',(893.838613107189,-1999.2995405064,26.5949763439775));
#6391=CARTESIAN_POINT('',(893.964545622929,-1999.08141918308,26.458993821703));
#6392=CARTESIAN_POINT('',(894.094244857843,-1998.85677352515,26.3491878278884));
#6393=CARTESIAN_POINT('',(894.225788500849,-1998.62893389185,26.2656284653856));
#6394=CARTESIAN_POINT('',(894.357358023016,-1998.40104711831,26.2077001332175));
#6395=CARTESIAN_POINT('',(894.487263002031,-1998.17605163764,26.1742140770083));
#6396=CARTESIAN_POINT('',(894.573226936749,-1998.02714231821,26.1669295839023));
#6397=CARTESIAN_POINT('',(894.615502301198,-1997.95391927262,26.1669295839049));
#6398=CARTESIAN_POINT('',(928.005776385932,-1999.12579626335,35.5669295839049));
#6399=CARTESIAN_POINT('',(932.282295727802,-1998.98214278255,35.5669295839049));
#6400=CARTESIAN_POINT('',(937.701365705925,-1998.31154721065,35.5669295839049));
#6401=CARTESIAN_POINT('',(943.025362498811,-1997.02320678301,35.5669295839049));
#6402=CARTESIAN_POINT('',(948.160487266818,-1995.13738533786,35.5669295839049));
#6403=CARTESIAN_POINT('',(953.021295415481,-1992.69451258276,35.5669295839049));
#6404=CARTESIAN_POINT('',(954.044431456238,-1992.1487532294,35.5669295839049));
#6405=CARTESIAN_POINT('',(928.005776385932,-2003.82825313402,20.8669295839049));
#6406=CARTESIAN_POINT('',(928.005776385932,-1999.12579626335,20.8669295839049));
#6407=CARTESIAN_POINT('',(924.005776385932,-1999.12579637486,20.8669295839049));
#6408=CARTESIAN_POINT('',(924.005776385933,-2003.82825318742,20.8669295839049));
#6409=CARTESIAN_POINT('',(895.615893516378,-1996.22119923846,26.1669295839049));
#6410=CARTESIAN_POINT('',(895.615893516378,-1996.22119923846,20.8669295839049));
#6411=CARTESIAN_POINT('',(892.151795254275,-1994.22119343083,20.8669295839049));
#6412=CARTESIAN_POINT('',(892.151795254275,-1994.22119343083,26.1669295839049));
#6413=CARTESIAN_POINT('',(892.151795254275,-1994.22119343083,20.8669295839049));
#6414=CARTESIAN_POINT('',(892.831943069499,-1994.64262656576,20.8669295839049));
#6415=CARTESIAN_POINT('',(893.518648434189,-1995.05347640452,20.8669295839049));
#6416=CARTESIAN_POINT('',(894.21169177875,-1995.45360683104,20.8669295839049));
#6417=CARTESIAN_POINT('',(894.910849327291,-1995.84288852437,20.8669295839049));
#6418=CARTESIAN_POINT('',(895.615893516378,-1996.22119923846,20.8669295839049));
#6419=CARTESIAN_POINT('',(897.967121441705,-1992.14875301162,26.1669295839049));
#6420=CARTESIAN_POINT('',(897.967121441704,-1992.14875301161,20.8669295839049));
#6421=CARTESIAN_POINT('',(894.503023162616,-1990.14874723341,20.8669295839049));
#6422=CARTESIAN_POINT('',(894.503023162616,-1990.14874723341,26.1669295839049));
#6423=CARTESIAN_POINT('',(894.503023162616,-1990.14874723341,20.8669295839049));
#6424=CARTESIAN_POINT('',(895.182151863103,-1990.57186078504,20.8669295839049));
#6425=CARTESIAN_POINT('',(895.868383850359,-1990.98357291702,20.8669295839049));
#6426=CARTESIAN_POINT('',(896.561463910398,-1991.38372455278,20.8669295839049));
#6427=CARTESIAN_POINT('',(897.261131525509,-1991.7721651364,20.8669295839049));
#6428=CARTESIAN_POINT('',(897.967121441704,-1992.14875301161,20.8669295839049));
#6429=CARTESIAN_POINT('',(894.615502301198,-1997.95391927262,35.5669295839049));
#6430=CARTESIAN_POINT('',(897.967121441705,-1992.14875301161,35.5669295839049));
#6431=CARTESIAN_POINT('',(894.503023162616,-1990.14874723341,35.5669295839049));
#6432=CARTESIAN_POINT('',(891.151293513444,-1995.95411178135,35.5669295839049));
#6433=CARTESIAN_POINT('',(894.615502301198,-1997.95391927262,26.1669295839049));
#6434=CARTESIAN_POINT('',(895.615893516378,-1996.22119923846,26.1669295839049));
#6435=CARTESIAN_POINT('',(892.151795254275,-1994.22119343083,26.1669295839049));
#6436=CARTESIAN_POINT('',(891.151293513346,-1995.95411178129,26.1669295839049));
#6437=CARTESIAN_POINT('',(897.967121441705,-1992.14875301161,35.5669295839049));
#6438=CARTESIAN_POINT('',(897.967121441705,-1992.14875301162,26.1669295839049));
#6439=CARTESIAN_POINT('',(894.503023162616,-1990.14874723341,26.1669295839049));
#6440=CARTESIAN_POINT('',(894.503023162616,-1990.14874723341,35.5669295839049));
#6441=CARTESIAN_POINT('',(893.114845905773,-2000.55313160999,32.5669295839049));
#6442=CARTESIAN_POINT('',(893.114867165962,-2000.55309220939,29.1669295827909));
#6443=CARTESIAN_POINT('',(889.650629328753,-1998.55333516437,29.166929583794));
#6444=CARTESIAN_POINT('',(889.650638710119,-1998.55331995313,32.5669295839049));
#6445=CARTESIAN_POINT('',(897.967121441705,-1992.14875301162,26.1669295839049));
#6446=CARTESIAN_POINT('',(898.990257467388,-1992.6945123959,26.1669295839049));
#6447=CARTESIAN_POINT('',(903.85106592187,-1995.13738553943,26.1669295839049));
#6448=CARTESIAN_POINT('',(908.986190910717,-1997.02320741842,26.1669295839049));
#6449=CARTESIAN_POINT('',(914.310187374656,-1998.31154782155,26.1669295839049));
#6450=CARTESIAN_POINT('',(919.729257080088,-1998.98214312806,26.1669295839049));
#6451=CARTESIAN_POINT('',(924.005776385932,-1999.12579637486,26.1669295839049));
#6452=CARTESIAN_POINT('',(897.967121441705,-1992.14875301161,35.5669295839049));
#6453=CARTESIAN_POINT('',(898.990257467388,-1992.6945123959,35.5669295839049));
#6454=CARTESIAN_POINT('',(903.85106592187,-1995.13738553943,35.5669295839049));
#6455=CARTESIAN_POINT('',(908.986190910717,-1997.02320741842,35.5669295839049));
#6456=CARTESIAN_POINT('',(914.310187374656,-1998.31154782155,35.5669295839049));
#6457=CARTESIAN_POINT('',(919.729257080088,-1998.98214312806,35.5669295839049));
#6458=CARTESIAN_POINT('',(924.005776385932,-1999.12579637486,35.5669295839049));
#6459=CARTESIAN_POINT('',(892.151795254275,-1994.22119343083,26.1669295839049));
#6460=CARTESIAN_POINT('',(889.631092634626,-1992.65931587501,26.1669295839049));
#6461=CARTESIAN_POINT('',(884.769826572818,-1989.24483229572,26.1669295839049));
#6462=CARTESIAN_POINT('',(880.313547064094,-1985.27660738436,26.1669295839049));
#6463=CARTESIAN_POINT('',(876.345322117968,-1980.82032791164,26.1669295839049));
#6464=CARTESIAN_POINT('',(872.930838530525,-1975.95906185908,26.1669295839049));
#6465=CARTESIAN_POINT('',(871.368960976264,-1973.43835923385,26.1669295839049));
#6466=CARTESIAN_POINT('',(865.037022848301,-1972.4753085528,32.5669295839049));
#6467=CARTESIAN_POINT('',(863.918268701589,-1970.40193492994,32.5669295839049));
#6468=CARTESIAN_POINT('',(862.905012631604,-1968.27167187331,32.5669295839049));
#6469=CARTESIAN_POINT('',(862.003423557058,-1966.09511985864,32.5669295839049));
#6470=CARTESIAN_POINT('',(859.943771049007,-1961.12285373155,32.5669295839049));
#6471=CARTESIAN_POINT('',(858.466886224269,-1955.90901480372,32.5669295839049));
#6472=CARTESIAN_POINT('',(857.611296648764,-1950.59537462913,32.5669295839049));
#6473=CARTESIAN_POINT('',(857.131331673263,-1947.61455152279,32.5669295839049));
#6474=CARTESIAN_POINT('',(856.846884432685,-1944.60232158736,32.5669295839049));
#6475=CARTESIAN_POINT('',(856.759660116906,-1941.584377892,32.5669295839049));
#6476=CARTESIAN_POINT('',(891.151293513346,-1995.95411178129,26.1669295839049));
#6477=CARTESIAN_POINT('',(886.799715979542,-1993.26247131051,26.1669295839049));
#6478=CARTESIAN_POINT('',(882.760205762478,-1990.06622342945,26.1669295839049));
#6479=CARTESIAN_POINT('',(879.141953577094,-1986.44827620462,26.1669295839049));
#6480=CARTESIAN_POINT('',(876.810929480185,-1984.1174485756,26.1669295839049));
#6481=CARTESIAN_POINT('',(874.654746694216,-1981.61159647098,26.1669295839049));
#6482=CARTESIAN_POINT('',(872.696256554258,-1978.95996558711,26.1669295839049));
#6483=CARTESIAN_POINT('',(871.614754123392,-1977.49570228133,26.1669295839049));
#6484=CARTESIAN_POINT('',(870.593535786096,-1975.98698541724,26.1669295839049));
#6485=CARTESIAN_POINT('',(869.636102662776,-1974.43882472428,26.1669295839049));
#6486=CARTESIAN_POINT('',(895.615893516378,-1996.22119923846,20.8669295839049));
#6487=CARTESIAN_POINT('',(897.967121441704,-1992.14875301161,20.8669295839049));
#6488=CARTESIAN_POINT('',(894.503023162616,-1990.14874723341,20.8669295839049));
#6489=CARTESIAN_POINT('',(892.151795254275,-1994.22119343083,20.8669295839049));
#6490=CARTESIAN_POINT('',(871.368960976264,-1973.43835923385,26.1669295839049));
#6491=CARTESIAN_POINT('',(871.368960976264,-1973.43835923385,20.8669295839049));
#6492=CARTESIAN_POINT('',(869.368955179776,-1969.97426096532,20.8669295839049));
#6493=CARTESIAN_POINT('',(869.368955179776,-1969.97426096532,26.1669295839049));
#6494=CARTESIAN_POINT('',(869.368955179776,-1969.97426096532,20.8669295839049));
#6495=CARTESIAN_POINT('',(869.747265890632,-1970.67930515675,20.8669295839049));
#6496=CARTESIAN_POINT('',(870.13654758122,-1971.37846270712,20.8669295839049));
#6497=CARTESIAN_POINT('',(870.536678005507,-1972.07150605297,20.8669295839049));
#6498=CARTESIAN_POINT('',(870.947527842546,-1972.75821141841,20.8669295839049));
#6499=CARTESIAN_POINT('',(871.368960976264,-1973.43835923385,20.8669295839049));
#6500=CARTESIAN_POINT('',(875.441407125162,-1971.08713135352,26.1669295839049));
#6501=CARTESIAN_POINT('',(875.441407125163,-1971.08713135352,20.8669295839049));
#6502=CARTESIAN_POINT('',(873.441401370295,-1967.62303306096,20.8669295839049));
#6503=CARTESIAN_POINT('',(873.441401370294,-1967.62303306096,26.1669295839049));
#6504=CARTESIAN_POINT('',(873.441401370295,-1967.62303306096,20.8669295839049));
#6505=CARTESIAN_POINT('',(873.81798923859,-1968.32902298225,20.8669295839049));
#6506=CARTESIAN_POINT('',(874.206429816371,-1969.02869060128,20.8669295839049));
#6507=CARTESIAN_POINT('',(874.606581447458,-1969.72177066401,20.8669295839049));
#6508=CARTESIAN_POINT('',(875.018293575911,-1970.40800265275,20.8669295839049));
#6509=CARTESIAN_POINT('',(875.441407125163,-1971.08713135352,20.8669295839049));
#6510=CARTESIAN_POINT('',(869.636102662776,-1974.43882472428,26.1669295839049));
#6511=CARTESIAN_POINT('',(871.368960976264,-1973.43835923385,26.1669295839049));
#6512=CARTESIAN_POINT('',(869.368955179776,-1969.97426096532,26.1669295839049));
#6513=CARTESIAN_POINT('',(867.636235185664,-1970.97465215737,26.1669295839049));
#6514=CARTESIAN_POINT('',(875.441407125163,-1971.08713135352,35.5669295839049));
#6515=CARTESIAN_POINT('',(875.441407125162,-1971.08713135352,26.1669295839049));
#6516=CARTESIAN_POINT('',(873.441401370294,-1967.62303306096,26.1669295839049));
#6517=CARTESIAN_POINT('',(873.441401370294,-1967.62303306096,35.5669295839049));
#6518=CARTESIAN_POINT('',(867.0368994487,-1975.93947569629,32.5669295839049));
#6519=CARTESIAN_POINT('',(867.036902502915,-1975.93947381313,29.1669295838977));
#6520=CARTESIAN_POINT('',(865.037062248894,-1972.47528729261,29.1669295826521));
#6521=CARTESIAN_POINT('',(865.037022848301,-1972.4753085528,32.5669295839049));
#6522=CARTESIAN_POINT('',(869.636102662777,-1974.43882472428,35.5669295839049));
#6523=CARTESIAN_POINT('',(875.441407125163,-1971.08713135352,35.5669295839049));
#6524=CARTESIAN_POINT('',(873.441401370294,-1967.62303306096,35.5669295839049));
#6525=CARTESIAN_POINT('',(867.636235185664,-1970.97465215737,35.5669295839049));
#6526=CARTESIAN_POINT('',(875.441407125162,-1971.08713135352,26.1669295839049));
#6527=CARTESIAN_POINT('',(876.879334031952,-1973.39511093429,26.1669295839049));
#6528=CARTESIAN_POINT('',(880.018547182063,-1977.84699253732,26.1669295839049));
#6529=CARTESIAN_POINT('',(883.659503992002,-1981.93065044712,26.1669295839049));
#6530=CARTESIAN_POINT('',(887.743161970591,-1985.57160719062,26.1669295839049));
#6531=CARTESIAN_POINT('',(892.195043592136,-1988.71082032432,26.1669295839049));
#6532=CARTESIAN_POINT('',(894.503023162616,-1990.14874723341,26.1669295839049));
#6533=CARTESIAN_POINT('',(875.441407125163,-1971.08713135352,35.5669295839049));
#6534=CARTESIAN_POINT('',(876.879334031952,-1973.39511093429,35.5669295839049));
#6535=CARTESIAN_POINT('',(880.018547182063,-1977.84699253732,35.5669295839049));
#6536=CARTESIAN_POINT('',(883.659503992002,-1981.93065044712,35.5669295839049));
#6537=CARTESIAN_POINT('',(887.743161970591,-1985.57160719062,35.5669295839049));
#6538=CARTESIAN_POINT('',(892.195043592136,-1988.71082032432,35.5669295839049));
#6539=CARTESIAN_POINT('',(894.503023162616,-1990.14874723341,35.5669295839049));
#6540=CARTESIAN_POINT('',(869.368955179776,-1969.97426096532,26.1669295839049));
#6541=CARTESIAN_POINT('',(868.76250196762,-1968.84403572364,26.1669295839049));
#6542=CARTESIAN_POINT('',(866.088738679451,-1963.54814585623,26.1669295839049));
#6543=CARTESIAN_POINT('',(864.028498902901,-1957.94888021268,26.1669295839049));
#6544=CARTESIAN_POINT('',(862.626946856951,-1952.14138320708,26.1669295839049));
#6545=CARTESIAN_POINT('',(861.906537168024,-1946.23020586927,26.1669295839049));
#6546=CARTESIAN_POINT('',(861.76190129642,-1941.58437807312,26.1669295839049));
#6547=CARTESIAN_POINT('',(859.760987608978,-1941.58437816351,35.5669295839049));
#6548=CARTESIAN_POINT('',(859.676377387271,-1941.58437816605,35.566929372757));
#6549=CARTESIAN_POINT('',(859.504374465801,-1941.58437783557,35.5596549788603));
#6550=CARTESIAN_POINT('',(859.244507813282,-1941.58437798167,35.5261583529171));
#6551=CARTESIAN_POINT('',(858.981362260139,-1941.58437795643,35.4682309082174));
#6552=CARTESIAN_POINT('',(858.718270280527,-1941.5843779759,35.3846713132461));
#6553=CARTESIAN_POINT('',(858.458866406021,-1941.58437798518,35.274865401583));
#6554=CARTESIAN_POINT('',(858.206996040841,-1941.58437799738,35.1388828767647));
#6555=CARTESIAN_POINT('',(857.96654230964,-1941.58437800935,34.977538416787));
#6556=CARTESIAN_POINT('',(857.741248190038,-1941.58437802176,34.7924058744525));
#6557=CARTESIAN_POINT('',(857.534531907236,-1941.58437803419,34.5857796594009));
#6558=CARTESIAN_POINT('',(857.349318554789,-1941.58437804662,34.36058363353));
#6559=CARTESIAN_POINT('',(857.187903530307,-1941.58437805851,34.1202346356986));
#6560=CARTESIAN_POINT('',(857.051861449747,-1941.58437807101,33.8684741622557));
#6561=CARTESIAN_POINT('',(856.942007212686,-1941.58437807916,33.6091838350758));
#6562=CARTESIAN_POINT('',(856.85841120615,-1941.58437810038,33.3462075474414));
#6563=CARTESIAN_POINT('',(856.800456754637,-1941.58437807126,33.083178491375));
#6564=CARTESIAN_POINT('',(856.766950051052,-1941.58437821888,32.8234273980713));
#6565=CARTESIAN_POINT('',(856.759660265473,-1941.58437788945,32.651501469747));
#6566=CARTESIAN_POINT('',(856.759660116906,-1941.584377892,32.5669295839049));
#6567=CARTESIAN_POINT('',(865.037062248894,-1972.47528729261,29.1669295826521));
#6568=CARTESIAN_POINT('',(863.918305404356,-1970.40191518997,29.1669295827419));
#6569=CARTESIAN_POINT('',(862.905046604014,-1968.27165367189,29.1669295828328));
#6570=CARTESIAN_POINT('',(862.003454780504,-1966.09510320626,29.1669295829243));
#6571=CARTESIAN_POINT('',(859.943795992529,-1961.1228406179,29.1669295831333));
#6572=CARTESIAN_POINT('',(858.46690479077,-1955.90900528351,29.1669295833456));
#6573=CARTESIAN_POINT('',(857.611308914048,-1950.59536865966,29.1669295835553));
#6574=CARTESIAN_POINT('',(857.131340403718,-1947.61454754519,29.1669295836729));
#6575=CARTESIAN_POINT('',(856.846889652166,-1944.60231958819,29.1669295837898));
#6576=CARTESIAN_POINT('',(856.759661878994,-1941.58437784106,29.1669295839049));
#6577=CARTESIAN_POINT('',(871.368960976264,-1973.43835923385,20.8669295839049));
#6578=CARTESIAN_POINT('',(875.441407125163,-1971.08713135352,20.8669295839049));
#6579=CARTESIAN_POINT('',(873.441401370295,-1967.62303306096,20.8669295839049));
#6580=CARTESIAN_POINT('',(869.368955179776,-1969.97426096532,20.8669295839049));
#6581=CARTESIAN_POINT('',(861.76190129642,-1941.58437807312,26.1669295839049));
#6582=CARTESIAN_POINT('',(861.76190129642,-1941.58437807312,20.8669295839049));
#6583=CARTESIAN_POINT('',(861.76190129642,-1937.58437807312,20.8669295839049));
#6584=CARTESIAN_POINT('',(861.76190129642,-1937.58437807312,26.1669295839049));
#6585=CARTESIAN_POINT('',(861.76190129642,-1937.58437807312,20.8669295839049));
#6586=CARTESIAN_POINT('',(861.749452347864,-1937.9842489391,20.8669295839049));
#6587=CARTESIAN_POINT('',(861.740114620833,-1938.38421664942,20.8669295839049));
#6588=CARTESIAN_POINT('',(861.733889130173,-1938.78424893292,20.8669295839049));
#6589=CARTESIAN_POINT('',(861.730776384843,-1939.18431350302,20.8669295839049));
#6590=CARTESIAN_POINT('',(861.730776384843,-1939.58437807312,20.8669295839049));
#6591=CARTESIAN_POINT('',(866.464358137,-1941.58437807312,26.1669295839049));
#6592=CARTESIAN_POINT('',(866.464358137001,-1941.58437807312,20.8669295839049));
#6593=CARTESIAN_POINT('',(866.464358137001,-1937.58437807312,20.8669295839049));
#6594=CARTESIAN_POINT('',(866.464358137001,-1937.58437807312,26.1669295839049));
#6595=CARTESIAN_POINT('',(866.464358137001,-1937.58437807312,20.8669295839049));
#6596=CARTESIAN_POINT('',(866.450926712119,-1937.98422775047,20.8669295839049));
#6597=CARTESIAN_POINT('',(866.4408518681,-1938.38419016144,20.8669295839049));
#6598=CARTESIAN_POINT('',(866.434134879262,-1938.7842277421,20.8669295839049));
#6599=CARTESIAN_POINT('',(866.430776384843,-1939.18430290761,20.8669295839049));
#6600=CARTESIAN_POINT('',(866.430776384843,-1939.58437807312,20.8669295839049));
#6601=CARTESIAN_POINT('',(866.464358137,-1941.58437807312,35.5669295839049));
#6602=CARTESIAN_POINT('',(866.464358137,-1941.58437807312,26.1669295839049));
#6603=CARTESIAN_POINT('',(866.464358137001,-1937.58437807312,26.1669295839049));
#6604=CARTESIAN_POINT('',(866.464358137001,-1937.58437807312,35.5669295839049));
#6605=CARTESIAN_POINT('',(856.759660116906,-1941.584377892,32.5669295839049));
#6606=CARTESIAN_POINT('',(856.759661878994,-1941.58437784106,29.1669295839049));
#6607=CARTESIAN_POINT('',(856.759661878994,-1937.58437830517,29.1669295839049));
#6608=CARTESIAN_POINT('',(856.759660116905,-1937.58437825424,32.5669295839049));
#6609=CARTESIAN_POINT('',(859.760987608978,-1941.58437816351,35.5669295839049));
#6610=CARTESIAN_POINT('',(866.464358137,-1941.58437807312,35.5669295839049));
#6611=CARTESIAN_POINT('',(866.464358137001,-1937.58437807312,35.5669295839049));
#6612=CARTESIAN_POINT('',(859.760987608978,-1937.58437798272,35.5669295839049));
#6613=CARTESIAN_POINT('',(859.760987608976,-1941.58437816343,26.1669295839049));
#6614=CARTESIAN_POINT('',(861.76190129642,-1941.58437807312,26.1669295839049));
#6615=CARTESIAN_POINT('',(861.76190129642,-1937.58437807312,26.1669295839049));
#6616=CARTESIAN_POINT('',(859.760987608979,-1937.58437798272,26.1669295839049));
#6617=CARTESIAN_POINT('',(866.464358137,-1941.58437807312,26.1669295839049));
#6618=CARTESIAN_POINT('',(866.608011488428,-1945.86089726026,26.1669295839049));
#6619=CARTESIAN_POINT('',(867.278606849524,-1951.27996689336,26.1669295839049));
#6620=CARTESIAN_POINT('',(868.566947141443,-1956.60396345798,26.1669295839049));
#6621=CARTESIAN_POINT('',(870.452768914622,-1961.73908853644,26.1669295839049));
#6622=CARTESIAN_POINT('',(872.895641997472,-1966.59989703057,26.1669295839049));
#6623=CARTESIAN_POINT('',(873.441401370294,-1967.62303306096,26.1669295839049));
#6624=CARTESIAN_POINT('',(866.464358137,-1941.58437807312,35.5669295839049));
#6625=CARTESIAN_POINT('',(866.608011488428,-1945.86089726026,35.5669295839049));
#6626=CARTESIAN_POINT('',(867.278606849524,-1951.27996689336,35.5669295839049));
#6627=CARTESIAN_POINT('',(868.566947141443,-1956.60396345798,35.5669295839049));
#6628=CARTESIAN_POINT('',(870.452768914622,-1961.73908853644,35.5669295839049));
#6629=CARTESIAN_POINT('',(872.895641997472,-1966.59989703057,35.5669295839049));
#6630=CARTESIAN_POINT('',(873.441401370294,-1967.62303306096,35.5669295839049));
#6631=CARTESIAN_POINT('',(861.76190129642,-1937.58437807312,26.1669295839049));
#6632=CARTESIAN_POINT('',(861.906537168024,-1932.93855027696,26.1669295839049));
#6633=CARTESIAN_POINT('',(862.626946856944,-1927.02737293921,26.1669295839049));
#6634=CARTESIAN_POINT('',(864.028498902874,-1921.21987593366,26.1669295839049));
#6635=CARTESIAN_POINT('',(866.088738679391,-1915.62061029016,26.1669295839049));
#6636=CARTESIAN_POINT('',(868.762501967515,-1910.3247204228,26.1669295839049));
#6637=CARTESIAN_POINT('',(869.368955179638,-1909.19449518117,26.1669295839049));
#6638=CARTESIAN_POINT('',(924.005776295541,-2005.82916684901,35.5669295839049));
#6639=CARTESIAN_POINT('',(921.14751067429,-2005.74281819567,35.5669295839049));
#6640=CARTESIAN_POINT('',(918.294840799463,-2005.47155775315,35.5669295839049));
#6641=CARTESIAN_POINT('',(915.471621029591,-2005.01696970546,35.5669295839049));
#6642=CARTESIAN_POINT('',(910.388091357301,-2004.19843200119,35.5669295839049));
#6643=CARTESIAN_POINT('',(905.400045156332,-2002.78550741251,35.5669295839049));
#6644=CARTESIAN_POINT('',(900.64310912083,-2000.81505057742,35.5669295839049));
#6645=CARTESIAN_POINT('',(898.587498222829,-1999.96355866876,35.5669295839049));
#6646=CARTESIAN_POINT('',(896.575043828008,-1999.00795562281,35.5669295839049));
#6647=CARTESIAN_POINT('',(894.615502301198,-1997.95391927262,35.5669295839049));
#6648=CARTESIAN_POINT('',(856.759661878994,-1941.58437784106,29.1669295839049));
#6649=CARTESIAN_POINT('',(856.759662002735,-1941.58437783923,29.0823576980627));
#6650=CARTESIAN_POINT('',(856.766951735703,-1941.58437817019,28.9104317697385));
#6651=CARTESIAN_POINT('',(856.800458353198,-1941.58437802506,28.6506806764347));
#6652=CARTESIAN_POINT('',(856.858412710478,-1941.58437805691,28.3876516203683));
#6653=CARTESIAN_POINT('',(856.942008615267,-1941.58437803863,28.1246753327339));
#6654=CARTESIAN_POINT('',(857.051862743951,-1941.58437803363,27.8653850055541));
#6655=CARTESIAN_POINT('',(857.187904710653,-1941.58437802442,27.613624532111));
#6656=CARTESIAN_POINT('',(857.349319617176,-1941.58437801596,27.37327553428));
#6657=CARTESIAN_POINT('',(857.534532849123,-1941.58437800701,27.1480795084086));
#6658=CARTESIAN_POINT('',(857.741249010561,-1941.5843779981,26.9414532933574));
#6659=CARTESIAN_POINT('',(857.966543009653,-1941.58437798918,26.7563207510226));
#6660=CARTESIAN_POINT('',(858.206996622875,-1941.58437798063,26.5949762910452));
#6661=CARTESIAN_POINT('',(858.458866874167,-1941.58437797173,26.4589937662266));
#6662=CARTESIAN_POINT('',(858.718270640257,-1941.58437796559,26.3491878545637));
#6663=CARTESIAN_POINT('',(858.981362518075,-1941.58437794907,26.2656282595923));
#6664=CARTESIAN_POINT('',(859.244507976933,-1941.58437797702,26.2077008148926));
#6665=CARTESIAN_POINT('',(859.5043745433,-1941.58437783352,26.1742041889497));
#6666=CARTESIAN_POINT('',(859.676377412119,-1941.58437816526,26.1669297950527));
#6667=CARTESIAN_POINT('',(859.760987608976,-1941.58437816343,26.1669295839049));
#6668=CARTESIAN_POINT('',(861.76190129642,-1941.58437807312,20.8669295839049));
#6669=CARTESIAN_POINT('',(866.464358137001,-1941.58437807312,20.8669295839049));
#6670=CARTESIAN_POINT('',(866.464358137001,-1937.58437807312,20.8669295839049));
#6671=CARTESIAN_POINT('',(861.76190129642,-1937.58437807312,20.8669295839049));
#6672=CARTESIAN_POINT('',(869.368955179638,-1909.19449518117,26.1669295839049));
#6673=CARTESIAN_POINT('',(869.368955179638,-1909.19449518117,20.8669295839049));
#6674=CARTESIAN_POINT('',(871.368960976112,-1905.73039691263,20.8669295839049));
#6675=CARTESIAN_POINT('',(871.368960976111,-1905.73039691263,26.1669295839049));
#6676=CARTESIAN_POINT('',(871.368960976112,-1905.73039691263,20.8669295839049));
#6677=CARTESIAN_POINT('',(870.947527842396,-1906.41054472808,20.8669295839049));
#6678=CARTESIAN_POINT('',(870.53667800536,-1907.09725009351,20.8669295839049));
#6679=CARTESIAN_POINT('',(870.136547581076,-1907.79029343936,20.8669295839049));
#6680=CARTESIAN_POINT('',(869.747265890491,-1908.48945098974,20.8669295839049));
#6681=CARTESIAN_POINT('',(869.368955179638,-1909.19449518117,20.8669295839049));
#6682=CARTESIAN_POINT('',(873.441401370158,-1911.54572308553,26.1669295839049));
#6683=CARTESIAN_POINT('',(873.441401370158,-1911.54572308553,20.8669295839049));
#6684=CARTESIAN_POINT('',(875.441407125009,-1908.08162479296,20.8669295839049));
#6685=CARTESIAN_POINT('',(875.441407125009,-1908.08162479296,26.1669295839049));
#6686=CARTESIAN_POINT('',(875.441407125009,-1908.08162479296,20.8669295839049));
#6687=CARTESIAN_POINT('',(875.018293575761,-1908.76075349374,20.8669295839049));
#6688=CARTESIAN_POINT('',(874.606581447311,-1909.44698548247,20.8669295839049));
#6689=CARTESIAN_POINT('',(874.206429816228,-1910.14006554521,20.8669295839049));
#6690=CARTESIAN_POINT('',(873.81798923845,-1910.83973316424,20.8669295839049));
#6691=CARTESIAN_POINT('',(873.441401370158,-1911.54572308553,20.8669295839049));
#6692=CARTESIAN_POINT('',(865.037022848164,-1906.69344759369,32.5669295839049));
#6693=CARTESIAN_POINT('',(865.037062248756,-1906.69346885388,29.1669295827913));
#6694=CARTESIAN_POINT('',(867.036819293805,-1903.22923101669,29.1669295837274));
#6695=CARTESIAN_POINT('',(867.036834505036,-1903.22924039805,32.5669295839049));
#6696=CARTESIAN_POINT('',(867.636235185526,-1908.19410398912,35.5669295839049));
#6697=CARTESIAN_POINT('',(873.441401370158,-1911.54572308553,35.5669295839049));
#6698=CARTESIAN_POINT('',(875.441407125009,-1908.08162479296,35.5669295839049));
#6699=CARTESIAN_POINT('',(869.636042676878,-1904.72989520128,35.5669295839049));
#6700=CARTESIAN_POINT('',(867.636235185527,-1908.19410398912,26.1669295839049));
#6701=CARTESIAN_POINT('',(869.368955179638,-1909.19449518117,26.1669295839049));
#6702=CARTESIAN_POINT('',(871.368960976111,-1905.73039691263,26.1669295839049));
#6703=CARTESIAN_POINT('',(869.636042676848,-1904.72989520133,26.1669295839049));
#6704=CARTESIAN_POINT('',(873.441401370158,-1911.54572308553,35.5669295839049));
#6705=CARTESIAN_POINT('',(873.441401370158,-1911.54572308553,26.1669295839049));
#6706=CARTESIAN_POINT('',(875.441407125009,-1908.08162479296,26.1669295839049));
#6707=CARTESIAN_POINT('',(875.441407125009,-1908.08162479296,35.5669295839049));
#6708=CARTESIAN_POINT('',(873.441401370158,-1911.54572308553,26.1669295839049));
#6709=CARTESIAN_POINT('',(872.895641997368,-1912.56885911587,26.1669295839049));
#6710=CARTESIAN_POINT('',(870.452768914563,-1917.42966760996,26.1669295839049));
#6711=CARTESIAN_POINT('',(868.566947141417,-1922.56479268836,26.1669295839049));
#6712=CARTESIAN_POINT('',(867.278606849518,-1927.88878925293,26.1669295839049));
#6713=CARTESIAN_POINT('',(866.608011488428,-1933.30785888597,26.1669295839049));
#6714=CARTESIAN_POINT('',(866.464358137001,-1937.58437807312,26.1669295839049));
#6715=CARTESIAN_POINT('',(873.441401370158,-1911.54572308553,35.5669295839049));
#6716=CARTESIAN_POINT('',(872.895641997369,-1912.56885911587,35.5669295839049));
#6717=CARTESIAN_POINT('',(870.452768914563,-1917.42966760996,35.5669295839049));
#6718=CARTESIAN_POINT('',(868.566947141417,-1922.56479268836,35.5669295839049));
#6719=CARTESIAN_POINT('',(867.278606849518,-1927.88878925293,35.5669295839049));
#6720=CARTESIAN_POINT('',(866.608011488428,-1933.30785888597,35.5669295839049));
#6721=CARTESIAN_POINT('',(866.464358137001,-1937.58437807312,35.5669295839049));
#6722=CARTESIAN_POINT('',(871.368960976111,-1905.73039691263,26.1669295839049));
#6723=CARTESIAN_POINT('',(872.930838530391,-1903.20969428735,26.1669295839049));
#6724=CARTESIAN_POINT('',(876.345322117726,-1898.3484282349,26.1669295839049));
#6725=CARTESIAN_POINT('',(880.313547063715,-1893.89214876228,26.1669295839049));
#6726=CARTESIAN_POINT('',(884.769826572279,-1889.92392385098,26.1669295839049));
#6727=CARTESIAN_POINT('',(889.631092633913,-1886.50944027172,26.1669295839049));
#6728=CARTESIAN_POINT('',(892.15179525335,-1884.94756271598,26.1669295839049));
#6729=CARTESIAN_POINT('',(867.636235185664,-1970.97465215737,35.5669295839049));
#6730=CARTESIAN_POINT('',(866.582198835345,-1969.01511063037,35.566929583905));
#6731=CARTESIAN_POINT('',(865.626595789288,-1967.00265623534,35.566929583905));
#6732=CARTESIAN_POINT('',(864.775103880537,-1964.94704533713,35.5669295839049));
#6733=CARTESIAN_POINT('',(862.804647045531,-1960.19010930183,35.5669295839049));
#6734=CARTESIAN_POINT('',(861.391722456891,-1955.20206310109,35.5669295839049));
#6735=CARTESIAN_POINT('',(860.573184752603,-1950.11853342903,35.5669295839049));
#6736=CARTESIAN_POINT('',(860.118596704911,-1947.2953136593,35.5669295839049));
#6737=CARTESIAN_POINT('',(859.847336262362,-1944.44264378461,35.5669295839049));
#6738=CARTESIAN_POINT('',(859.760987608978,-1941.58437816351,35.5669295839049));
#6739=CARTESIAN_POINT('',(867.036902502915,-1975.93947381313,29.1669295838977));
#6740=CARTESIAN_POINT('',(867.036902436111,-1975.93947385444,29.082357583173));
#6741=CARTESIAN_POINT('',(867.043225898895,-1975.9358237957,28.9104320456792));
#6742=CARTESIAN_POINT('',(867.072238484111,-1975.91907305452,28.6506806246626));
#6743=CARTESIAN_POINT('',(867.122429086127,-1975.89009559866,28.3876516245509));
#6744=CARTESIAN_POINT('',(867.194824310302,-1975.84829818232,28.1246753177595));
#6745=CARTESIAN_POINT('',(867.289960251312,-1975.79337144013,27.8653849928588));
#6746=CARTESIAN_POINT('',(867.407775398015,-1975.72535084409,27.6136245166991));
#6747=CARTESIAN_POINT('',(867.5475641915,-1975.64464376006,27.3732755186805));
#6748=CARTESIAN_POINT('',(867.707962941964,-1975.55203751146,27.1480794932166));
#6749=CARTESIAN_POINT('',(867.886983798424,-1975.44867978514,26.9414532795199));
#6750=CARTESIAN_POINT('',(868.082093562368,-1975.33603312394,26.7563207395306));
#6751=CARTESIAN_POINT('',(868.290331972974,-1975.21580663354,26.5949762811311));
#6752=CARTESIAN_POINT('',(868.508457526644,-1975.08987180258,26.4589937622979));
#6753=CARTESIAN_POINT('',(868.733107335429,-1974.96017017379,26.3491878406026));
#6754=CARTESIAN_POINT('',(868.960951219761,-1974.82862450208,26.2656282924071));
#6755=CARTESIAN_POINT('',(869.188841467453,-1974.69705185729,26.2077006877115));
#6756=CARTESIAN_POINT('',(869.413885064442,-1974.56712344122,26.174205744508));
#6757=CARTESIAN_POINT('',(869.562835627306,-1974.4811254642,26.1669295839048));
#6758=CARTESIAN_POINT('',(869.636102662776,-1974.43882472428,26.1669295839049));
#6759=CARTESIAN_POINT('',(869.368955179638,-1909.19449518117,20.8669295839049));
#6760=CARTESIAN_POINT('',(873.441401370158,-1911.54572308553,20.8669295839049));
#6761=CARTESIAN_POINT('',(875.441407125009,-1908.08162479296,20.8669295839049));
#6762=CARTESIAN_POINT('',(871.368960976112,-1905.73039691263,20.8669295839049));
#6763=CARTESIAN_POINT('',(892.15179525335,-1884.94756271598,26.1669295839049));
#6764=CARTESIAN_POINT('',(892.151795253351,-1884.94756271598,20.8669295839049));
#6765=CARTESIAN_POINT('',(895.615893515419,-1882.94755690829,20.8669295839049));
#6766=CARTESIAN_POINT('',(895.615893515419,-1882.94755690829,26.1669295839049));
#6767=CARTESIAN_POINT('',(895.615893515419,-1882.94755690829,20.8669295839049));
#6768=CARTESIAN_POINT('',(894.910849326339,-1883.32586762239,20.8669295839049));
#6769=CARTESIAN_POINT('',(894.211691777804,-1883.71514931573,20.8669295839049));
#6770=CARTESIAN_POINT('',(893.518648433251,-1884.11527974226,20.8669295839049));
#6771=CARTESIAN_POINT('',(892.831943068567,-1884.52612958103,20.8669295839049));
#6772=CARTESIAN_POINT('',(892.151795253351,-1884.94756271598,20.8669295839049));
#6773=CARTESIAN_POINT('',(894.503023161692,-1889.0200089134,26.1669295839049));
#6774=CARTESIAN_POINT('',(894.503023161692,-1889.0200089134,20.8669295839049));
#6775=CARTESIAN_POINT('',(897.967121440745,-1887.02000313513,20.8669295839049));
#6776=CARTESIAN_POINT('',(897.967121440744,-1887.02000313513,26.1669295839049));
#6777=CARTESIAN_POINT('',(897.967121440745,-1887.02000313513,20.8669295839049));
#6778=CARTESIAN_POINT('',(897.261131524556,-1887.39659101036,20.8669295839049));
#6779=CARTESIAN_POINT('',(896.561463909452,-1887.78503159399,20.8669295839049));
#6780=CARTESIAN_POINT('',(895.868383849421,-1888.18518322977,20.8669295839049));
#6781=CARTESIAN_POINT('',(895.182151862172,-1888.59689536175,20.8669295839049));
#6782=CARTESIAN_POINT('',(894.503023161692,-1889.0200089134,20.8669295839049));
#6783=CARTESIAN_POINT('',(891.151329733338,-1883.21470435126,35.5669295839049));
#6784=CARTESIAN_POINT('',(894.503023161692,-1889.0200089134,35.5669295839049));
#6785=CARTESIAN_POINT('',(897.967121440744,-1887.02000313513,35.5669295839049));
#6786=CARTESIAN_POINT('',(894.61550230024,-1881.21483687413,35.5669295839049));
#6787=CARTESIAN_POINT('',(891.151329733338,-1883.21470435126,26.1669295839049));
#6788=CARTESIAN_POINT('',(892.15179525335,-1884.94756271598,26.1669295839049));
#6789=CARTESIAN_POINT('',(895.615893515419,-1882.94755690829,26.1669295839049));
#6790=CARTESIAN_POINT('',(894.61550230024,-1881.21483687413,26.1669295839049));
#6791=CARTESIAN_POINT('',(894.503023161692,-1889.0200089134,35.5669295839049));
#6792=CARTESIAN_POINT('',(894.503023161692,-1889.0200089134,26.1669295839049));
#6793=CARTESIAN_POINT('',(897.967121440744,-1887.02000313513,26.1669295839049));
#6794=CARTESIAN_POINT('',(897.967121440744,-1887.02000313513,35.5669295839049));
#6795=CARTESIAN_POINT('',(889.650678761194,-1880.61550113727,32.5669295839049));
#6796=CARTESIAN_POINT('',(889.650680644453,-1880.61550419142,29.1669295839048));
#6797=CARTESIAN_POINT('',(893.114867165005,-1878.61566393736,29.1669295827909));
#6798=CARTESIAN_POINT('',(893.114845904815,-1878.61562453676,32.5669295839049));
#6799=CARTESIAN_POINT('',(894.503023161692,-1889.0200089134,26.1669295839049));
#6800=CARTESIAN_POINT('',(892.195043591424,-1890.45793582242,26.1669295839049));
#6801=CARTESIAN_POINT('',(887.743161970053,-1893.59714895608,26.1669295839049));
#6802=CARTESIAN_POINT('',(883.659503991623,-1897.23810569951,26.1669295839049));
#6803=CARTESIAN_POINT('',(880.018547181821,-1901.32176360922,26.1669295839049));
#6804=CARTESIAN_POINT('',(876.879334031818,-1905.77364521213,26.1669295839049));
#6805=CARTESIAN_POINT('',(875.441407125009,-1908.08162479296,26.1669295839049));
#6806=CARTESIAN_POINT('',(894.503023161692,-1889.0200089134,35.5669295839049));
#6807=CARTESIAN_POINT('',(892.195043591424,-1890.45793582242,35.5669295839049));
#6808=CARTESIAN_POINT('',(887.743161970053,-1893.59714895608,35.5669295839049));
#6809=CARTESIAN_POINT('',(883.659503991623,-1897.23810569951,35.5669295839049));
#6810=CARTESIAN_POINT('',(880.018547181821,-1901.32176360922,35.5669295839049));
#6811=CARTESIAN_POINT('',(876.879334031818,-1905.77364521213,35.5669295839049));
#6812=CARTESIAN_POINT('',(875.441407125009,-1908.08162479296,35.5669295839049));
#6813=CARTESIAN_POINT('',(895.615893515419,-1882.94755690829,26.1669295839049));
#6814=CARTESIAN_POINT('',(896.746118754849,-1882.34110369012,26.1669295839049));
#6815=CARTESIAN_POINT('',(902.042008601447,-1879.66734037095,26.1669295839049));
#6816=CARTESIAN_POINT('',(907.641274197613,-1877.60710053927,26.1669295839049));
#6817=CARTESIAN_POINT('',(913.448771149552,-1876.20554843484,26.1669295839049));
#6818=CARTESIAN_POINT('',(919.359948525871,-1875.48513877557,26.1669295839049));
#6819=CARTESIAN_POINT('',(924.005776383757,-1875.34050295888,26.1669295839049));
#6820=CARTESIAN_POINT('',(889.650638710119,-1998.55331995313,32.5669295839049));
#6821=CARTESIAN_POINT('',(889.650639127975,-1998.55331924804,32.6515002427829));
#6822=CARTESIAN_POINT('',(889.654223217761,-1998.54711828347,32.8234303951689));
#6823=CARTESIAN_POINT('',(889.671003319929,-1998.5180515312,33.083178023431));
#6824=CARTESIAN_POINT('',(889.699974909521,-1998.46787212719,33.3462077248359));
#6825=CARTESIAN_POINT('',(889.741776585073,-1998.39546935803,33.6091838496685));
#6826=CARTESIAN_POINT('',(889.796705023813,-1998.30033065351,33.8684742357435));
#6827=CARTESIAN_POINT('',(889.864728246184,-1998.18251104515,34.1202347026542));
#6828=CARTESIAN_POINT('',(889.945437889612,-1998.04271793524,34.3605837065246));
#6829=CARTESIAN_POINT('',(890.038046862579,-1997.88231457821,34.585779729234));
#6830=CARTESIAN_POINT('',(890.141407368375,-1997.70328902194,34.7924059380266));
#6831=CARTESIAN_POINT('',(890.254056844967,-1997.50817449645,34.9775384710639));
#6832=CARTESIAN_POINT('',(890.374286137863,-1997.29993133776,35.1388829180732));
#6833=CARTESIAN_POINT('',(890.500223734659,-1997.08180111997,35.2748654365982));
#6834=CARTESIAN_POINT('',(890.62992800851,-1996.85714676227,35.3846713173355));
#6835=CARTESIAN_POINT('',(890.761476350013,-1996.62929860227,35.4682309764005));
#6836=CARTESIAN_POINT('',(890.893051027883,-1996.40140401233,35.5261581528471));
#6837=CARTESIAN_POINT('',(891.022987388027,-1996.17634999127,35.55965571303));
#6838=CARTESIAN_POINT('',(891.108987768496,-1996.02738746371,35.5669278437952));
#6839=CARTESIAN_POINT('',(891.151293513444,-1995.95411178135,35.5669295839049));
#6840=CARTESIAN_POINT('',(867.636235185664,-1970.97465215737,26.1669295839049));
#6841=CARTESIAN_POINT('',(867.563012140081,-1971.01692752182,26.1669295839003));
#6842=CARTESIAN_POINT('',(867.414102820649,-1971.10289145654,26.1742140770021));
#6843=CARTESIAN_POINT('',(867.189107339981,-1971.23279643555,26.2077001332047));
#6844=CARTESIAN_POINT('',(866.961220566434,-1971.36436595772,26.2656284653652));
#6845=CARTESIAN_POINT('',(866.733380933133,-1971.49590960073,26.3491878278601));
#6846=CARTESIAN_POINT('',(866.508735275205,-1971.62560883564,26.4589938216662));
#6847=CARTESIAN_POINT('',(866.290613951883,-1971.75154135138,26.5949763439315));
#6848=CARTESIAN_POINT('',(866.082379727962,-1971.87176552263,26.7563208244289));
#6849=CARTESIAN_POINT('',(865.887274069592,-1971.98440992253,26.9414533785473));
#6850=CARTESIAN_POINT('',(865.708257155093,-1972.08776548101,27.1480796020198));
#6851=CARTESIAN_POINT('',(865.547862194458,-1972.18036964706,27.3732756329387));
#6852=CARTESIAN_POINT('',(865.408076739837,-1972.26107491543,27.6136246194663));
#6853=CARTESIAN_POINT('',(865.290265348755,-1972.3290934187,27.8653851133084));
#6854=CARTESIAN_POINT('',(865.195130224247,-1972.38401988003,28.1246753188577));
#6855=CARTESIAN_POINT('',(865.12274491356,-1972.42581132305,28.387651978817));
#6856=CARTESIAN_POINT('',(865.07252982906,-1972.45480422206,28.6506796151679));
#6857=CARTESIAN_POINT('',(865.043614010893,-1972.47149479136,28.9104384080542));
#6858=CARTESIAN_POINT('',(865.037061755235,-1972.47528755825,29.0823549737675));
#6859=CARTESIAN_POINT('',(865.037062248894,-1972.47528729261,29.1669295826521));
#6860=CARTESIAN_POINT('',(892.151795253351,-1884.94756271598,20.8669295839049));
#6861=CARTESIAN_POINT('',(894.503023161692,-1889.0200089134,20.8669295839049));
#6862=CARTESIAN_POINT('',(897.967121440745,-1887.02000313513,20.8669295839049));
#6863=CARTESIAN_POINT('',(895.615893515419,-1882.94755690829,20.8669295839049));
#6864=CARTESIAN_POINT('',(924.005776383757,-1875.34050295888,26.1669295839049));
#6865=CARTESIAN_POINT('',(924.005776383756,-1875.34050295888,20.8669295839049));
#6866=CARTESIAN_POINT('',(928.005776383757,-1875.34050301215,20.8669295839049));
#6867=CARTESIAN_POINT('',(928.005776383757,-1875.34050301215,26.1669295839049));
#6868=CARTESIAN_POINT('',(928.005776383757,-1875.34050301215,20.8669295839049));
#6869=CARTESIAN_POINT('',(927.605905517725,-1875.32805405805,20.8669295839049));
#6870=CARTESIAN_POINT('',(926.805970096026,-1875.30937859287,20.8669295839049));
#6871=CARTESIAN_POINT('',(926.005776382136,-1875.30315207332,20.8669295839049));
#6872=CARTESIAN_POINT('',(925.205582669004,-1875.30937857129,20.8669295839049));
#6873=CARTESIAN_POINT('',(924.405647249508,-1875.32805401523,20.8669295839049));
#6874=CARTESIAN_POINT('',(924.005776383756,-1875.34050295888,20.8669295839049));
#6875=CARTESIAN_POINT('',(924.005776383757,-1880.04295977144,26.1669295839049));
#6876=CARTESIAN_POINT('',(924.005776383757,-1880.04295977144,20.8669295839049));
#6877=CARTESIAN_POINT('',(928.005776383757,-1880.04295988281,20.8669295839049));
#6878=CARTESIAN_POINT('',(928.005776383757,-1880.04295988281,26.1669295839049));
#6879=CARTESIAN_POINT('',(928.005776383757,-1880.04295988281,20.8669295839049));
#6880=CARTESIAN_POINT('',(927.605926706031,-1880.02952844632,20.8669295839049));
#6881=CARTESIAN_POINT('',(926.806001881711,-1880.00937873498,20.8669295839049));
#6882=CARTESIAN_POINT('',(926.005776379828,-1880.00266044465,20.8669295839049));
#6883=CARTESIAN_POINT('',(925.205550879663,-1880.00937868975,20.8669295839049));
#6884=CARTESIAN_POINT('',(924.405626060311,-1880.02952835673,20.8669295839049));
#6885=CARTESIAN_POINT('',(924.005776383757,-1880.04295977144,20.8669295839049));
#6886=CARTESIAN_POINT('',(924.005776293365,-1873.33958929728,26.1669295839049));
#6887=CARTESIAN_POINT('',(924.005776383757,-1875.34050295888,26.1669295839049));
#6888=CARTESIAN_POINT('',(928.005776383757,-1875.34050301215,26.1669295839049));
#6889=CARTESIAN_POINT('',(928.005776474148,-1873.33958929722,26.1669295839049));
#6890=CARTESIAN_POINT('',(924.005776383757,-1880.04295977144,35.5669295839049));
#6891=CARTESIAN_POINT('',(924.005776383757,-1880.04295977144,26.1669295839049));
#6892=CARTESIAN_POINT('',(928.005776383757,-1880.04295988281,26.1669295839049));
#6893=CARTESIAN_POINT('',(928.005776383756,-1880.04295988281,35.5669295839049));
#6894=CARTESIAN_POINT('',(924.005776564887,-1870.33826180521,32.5669295839049));
#6895=CARTESIAN_POINT('',(924.005776615815,-1870.3382635673,29.166929583903));
#6896=CARTESIAN_POINT('',(928.005776151684,-1870.33826356724,29.166929583904));
#6897=CARTESIAN_POINT('',(928.005776202575,-1870.33826180515,32.5669295839049));
#6898=CARTESIAN_POINT('',(924.005776293365,-1873.33958929728,35.5669295839049));
#6899=CARTESIAN_POINT('',(924.005776383757,-1880.04295977144,35.5669295839049));
#6900=CARTESIAN_POINT('',(928.005776383756,-1880.04295988281,35.5669295839049));
#6901=CARTESIAN_POINT('',(928.005776474148,-1873.33958929722,35.5669295839049));
#6902=CARTESIAN_POINT('',(924.005776383757,-1880.04295977144,26.1669295839049));
#6903=CARTESIAN_POINT('',(919.729257078354,-1880.18661301839,26.1669295839049));
#6904=CARTESIAN_POINT('',(914.310187373161,-1880.85720832502,26.1669295839049));
#6905=CARTESIAN_POINT('',(908.98619090947,-1882.14554872822,26.1669295839049));
#6906=CARTESIAN_POINT('',(903.851065920865,-1884.03137060722,26.1669295839049));
#6907=CARTESIAN_POINT('',(898.990257466611,-1886.47424375073,26.1669295839049));
#6908=CARTESIAN_POINT('',(897.967121440744,-1887.02000313513,26.1669295839049));
#6909=CARTESIAN_POINT('',(924.005776383757,-1880.04295977144,35.5669295839049));
#6910=CARTESIAN_POINT('',(919.729257078354,-1880.18661301839,35.5669295839049));
#6911=CARTESIAN_POINT('',(914.310187373161,-1880.85720832502,35.5669295839049));
#6912=CARTESIAN_POINT('',(908.986190909469,-1882.14554872822,35.5669295839049));
#6913=CARTESIAN_POINT('',(903.851065920865,-1884.03137060722,35.5669295839049));
#6914=CARTESIAN_POINT('',(898.990257466611,-1886.47424375073,35.5669295839049));
#6915=CARTESIAN_POINT('',(897.967121440744,-1887.02000313513,35.5669295839049));
#6916=CARTESIAN_POINT('',(928.005776383757,-1875.34050301215,26.1669295839049));
#6917=CARTESIAN_POINT('',(932.651604259624,-1875.48513895059,26.1669295839049));
#6918=CARTESIAN_POINT('',(938.56278177829,-1876.20554875017,26.1669295839049));
#6919=CARTESIAN_POINT('',(944.370278905635,-1877.60710086948,26.1669295839049));
#6920=CARTESIAN_POINT('',(949.969544384568,-1879.66734047277,26.1669295839049));
#6921=CARTESIAN_POINT('',(955.265434071736,-1882.34110359048,26.1669295839049));
#6922=CARTESIAN_POINT('',(956.395659318575,-1882.94755679256,26.1669295839049));
#6923=CARTESIAN_POINT('',(894.615502301198,-1997.95391927262,35.5669295839049));
#6924=CARTESIAN_POINT('',(894.573226637153,-1998.02714287343,35.5669295839049));
#6925=CARTESIAN_POINT('',(894.48726206738,-1998.17605336979,35.5596450907933));
#6926=CARTESIAN_POINT('',(894.357356049174,-1998.40105077634,35.5261590345749));
#6927=CARTESIAN_POINT('',(894.225785389426,-1998.62893965812,35.468230702397));
#6928=CARTESIAN_POINT('',(894.094240518247,-1998.85678156754,35.3846713398833));
#6929=CARTESIAN_POINT('',(893.964539975268,-1999.08142964965,35.2748653460574));
#6930=CARTESIAN_POINT('',(893.838606085444,-1999.2995535195,35.1388828237708));
#6931=CARTESIAN_POINT('',(893.718380490734,-1999.50779038146,34.9775383432519));
#6932=CARTESIAN_POINT('',(893.605734636838,-1999.70289873445,34.7924057891112));
#6933=CARTESIAN_POINT('',(893.50237761406,-1999.88191836267,34.5857795656164));
#6934=CARTESIAN_POINT('',(893.409771994138,-2000.04231601771,34.3605835346752));
#6935=CARTESIAN_POINT('',(893.329065302556,-2000.18210410992,34.1202345481258));
#6936=CARTESIAN_POINT('',(893.261045425555,-2000.29991804687,33.8684740542629));
#6937=CARTESIAN_POINT('',(893.206117656604,-2000.39505559473,33.6091838486936));
#6938=CARTESIAN_POINT('',(893.164324986,-2000.46744318045,33.3462071887154));
#6939=CARTESIAN_POINT('',(893.135330949921,-2000.51766037222,33.0831795523472));
#6940=CARTESIAN_POINT('',(893.118639342268,-2000.54657811473,32.8234207591384));
#6941=CARTESIAN_POINT('',(893.114845939674,-2000.55313154851,32.6515041931032));
#6942=CARTESIAN_POINT('',(893.114845905773,-2000.55313160999,32.5669295839049));
#6943=CARTESIAN_POINT('',(891.151293513346,-1995.95411178129,26.1669295839049));
#6944=CARTESIAN_POINT('',(891.108987636097,-1996.02738767816,26.166931324014));
#6945=CARTESIAN_POINT('',(891.02298697569,-1996.17635066042,26.1742034547777));
#6946=CARTESIAN_POINT('',(890.89305015671,-1996.40140542511,26.2077010149593));
#6947=CARTESIAN_POINT('',(890.761474976894,-1996.62930082899,26.2656281914038));
#6948=CARTESIAN_POINT('',(890.629926093412,-1996.85714986773,26.3491878504667));
#6949=CARTESIAN_POINT('',(890.500221242344,-1997.08180516133,26.4589937312019));
#6950=CARTESIAN_POINT('',(890.374283039193,-1997.29993636226,26.5949762497243));
#6951=CARTESIAN_POINT('',(890.254053118154,-1997.50818053942,26.7563206967313));
#6952=CARTESIAN_POINT('',(890.141402999945,-1997.70329610522,26.9414532297659));
#6953=CARTESIAN_POINT('',(890.038041847986,-1997.88232270917,27.148079438556));
#6954=CARTESIAN_POINT('',(889.945432233455,-1998.04272710644,27.3732754612629));
#6955=CARTESIAN_POINT('',(889.864721961989,-1998.18252123464,27.6136244651308));
#6956=CARTESIAN_POINT('',(889.79669813342,-1998.30034182589,27.8653849320391));
#6957=CARTESIAN_POINT('',(889.741769117661,-1998.39548146599,28.1246753181119));
#6958=CARTESIAN_POINT('',(889.699966900378,-1998.46788511351,28.3876514429423));
#6959=CARTESIAN_POINT('',(889.670994809094,-1998.51806533096,28.6506811443451));
#6960=CARTESIAN_POINT('',(889.654214248487,-1998.54713282654,28.9104287725811));
#6961=CARTESIAN_POINT('',(889.650629878787,-1998.55333424496,29.0823589249411));
#6962=CARTESIAN_POINT('',(889.650629328753,-1998.55333516437,29.166929583794));
#6963=CARTESIAN_POINT('',(924.005776383756,-1875.34050295888,20.8669295839049));
#6964=CARTESIAN_POINT('',(924.005776383757,-1880.04295977144,20.8669295839049));
#6965=CARTESIAN_POINT('',(928.005776383757,-1880.04295988281,20.8669295839049));
#6966=CARTESIAN_POINT('',(928.005776383757,-1875.34050301215,20.8669295839049));
#6967=CARTESIAN_POINT('',(956.395659318575,-1882.94755679256,26.1669295839049));
#6968=CARTESIAN_POINT('',(956.395659318575,-1882.94755679256,20.8669295839049));
#6969=CARTESIAN_POINT('',(959.859757596441,-1884.94756257289,20.8669295839049));
#6970=CARTESIAN_POINT('',(959.85975759644,-1884.94756257289,26.1669295839049));
#6971=CARTESIAN_POINT('',(959.859757596441,-1884.94756257289,20.8669295839049));
#6972=CARTESIAN_POINT('',(959.179609775222,-1884.5261294359,20.8669295839049));
#6973=CARTESIAN_POINT('',(958.492904406695,-1884.11527959955,20.8669295839049));
#6974=CARTESIAN_POINT('',(957.799861059719,-1883.71514917921,20.8669295839049));
#6975=CARTESIAN_POINT('',(957.100703509431,-1883.32586749509,20.8669295839049));
#6976=CARTESIAN_POINT('',(956.395659318575,-1882.94755679256,20.8669295839049));
#6977=CARTESIAN_POINT('',(954.044431453357,-1887.02000291529,26.1669295839049));
#6978=CARTESIAN_POINT('',(954.044431453357,-1887.02000291529,20.8669295839049));
#6979=CARTESIAN_POINT('',(957.508529765367,-1889.02000863648,20.8669295839049));
#6980=CARTESIAN_POINT('',(957.508529765367,-1889.02000863648,26.1669295839049));
#6981=CARTESIAN_POINT('',(957.508529765367,-1889.02000863648,20.8669295839049));
#6982=CARTESIAN_POINT('',(956.829401051741,-1888.59689507917,20.8669295839049));
#6983=CARTESIAN_POINT('',(956.143169056414,-1888.18518295178,20.8669295839049));
#6984=CARTESIAN_POINT('',(955.450088991588,-1887.78503132916,20.8669295839049));
#6985=CARTESIAN_POINT('',(954.750421373131,-1887.39659076548,20.8669295839049));
#6986=CARTESIAN_POINT('',(954.044431453357,-1887.02000291529,20.8669295839049));
#6987=CARTESIAN_POINT('',(954.044431453357,-1887.02000291529,35.5669295839049));
#6988=CARTESIAN_POINT('',(954.044431453357,-1887.02000291529,26.1669295839049));
#6989=CARTESIAN_POINT('',(957.508529765367,-1889.02000863648,26.1669295839049));
#6990=CARTESIAN_POINT('',(957.508529765367,-1889.02000863648,35.5669295839049));
#6991=CARTESIAN_POINT('',(958.896706862958,-1878.61562453573,32.5669295839049));
#6992=CARTESIAN_POINT('',(958.896685602769,-1878.61566393632,29.1669295816778));
#6993=CARTESIAN_POINT('',(962.360923439712,-1880.61542098111,29.1669295839048));
#6994=CARTESIAN_POINT('',(962.360914058643,-1880.61543619253,32.5669295839049));
#6995=CARTESIAN_POINT('',(957.396050467533,-1881.2148368731,35.5669295839049));
#6996=CARTESIAN_POINT('',(954.044431453357,-1887.02000291529,35.5669295839049));
#6997=CARTESIAN_POINT('',(957.508529765367,-1889.02000863648,35.5669295839049));
#6998=CARTESIAN_POINT('',(960.860259255417,-1883.21464436437,35.5669295839049));
#6999=CARTESIAN_POINT('',(957.396050467533,-1881.2148368731,26.1669295839049));
#7000=CARTESIAN_POINT('',(956.395659318575,-1882.94755679256,26.1669295839049));
#7001=CARTESIAN_POINT('',(959.85975759644,-1884.94756257289,26.1669295839049));
#7002=CARTESIAN_POINT('',(960.860259255417,-1883.21464436437,26.1669295839049));
#7003=CARTESIAN_POINT('',(954.044431453357,-1887.02000291529,26.1669295839049));
#7004=CARTESIAN_POINT('',(953.021295413146,-1886.4742435623,26.1669295839049));
#7005=CARTESIAN_POINT('',(948.160487264579,-1884.0313708075,26.1669295839049));
#7006=CARTESIAN_POINT('',(943.025362496709,-1882.14554936261,26.1669295839049));
#7007=CARTESIAN_POINT('',(937.701365703996,-1880.8572089352,26.1669295839049));
#7008=CARTESIAN_POINT('',(932.282295726067,-1880.18661336347,26.1669295839049));
#7009=CARTESIAN_POINT('',(928.005776383757,-1880.04295988281,26.1669295839049));
#7010=CARTESIAN_POINT('',(954.044431453357,-1887.02000291529,35.5669295839049));
#7011=CARTESIAN_POINT('',(953.021295413146,-1886.4742435623,35.5669295839049));
#7012=CARTESIAN_POINT('',(948.160487264579,-1884.0313708075,35.5669295839049));
#7013=CARTESIAN_POINT('',(943.025362496709,-1882.14554936261,35.5669295839049));
#7014=CARTESIAN_POINT('',(937.701365703996,-1880.8572089352,35.5669295839049));
#7015=CARTESIAN_POINT('',(932.282295726067,-1880.18661336347,35.5669295839049));
#7016=CARTESIAN_POINT('',(928.005776383756,-1880.04295988281,35.5669295839049));
#7017=CARTESIAN_POINT('',(959.85975759644,-1884.94756257289,26.1669295839049));
#7018=CARTESIAN_POINT('',(962.380460048854,-1886.50944001892,26.1669295839049));
#7019=CARTESIAN_POINT('',(967.241725531221,-1889.92392322478,26.1669295839049));
#7020=CARTESIAN_POINT('',(971.698004847952,-1893.89214799265,26.1669295839049));
#7021=CARTESIAN_POINT('',(975.666230295456,-1898.3484278144,26.1669295839049));
#7022=CARTESIAN_POINT('',(979.080714413609,-1903.2096941932,26.1669295839049));
#7023=CARTESIAN_POINT('',(980.642592085599,-1905.73039674152,26.1669295839049));
#7024=CARTESIAN_POINT('',(889.650638710119,-1998.55331995313,32.5669295839049));
#7025=CARTESIAN_POINT('',(885.072710473141,-1995.72995264464,32.5669295839049));
#7026=CARTESIAN_POINT('',(880.82401956335,-1992.37267177052,32.5669295839049));
#7027=CARTESIAN_POINT('',(877.020631598582,-1988.56960498828,32.5669295839049));
#7028=CARTESIAN_POINT('',(874.584089432607,-1986.13326857959,32.5669295839049));
#7029=CARTESIAN_POINT('',(872.330299281842,-1983.51398194798,32.5669295839049));
#7030=CARTESIAN_POINT('',(870.283157548419,-1980.74232550254,32.5669295839049));
#7031=CARTESIAN_POINT('',(869.134762890221,-1979.18749644291,32.5669295839049));
#7032=CARTESIAN_POINT('',(868.05139895569,-1977.58471773341,32.5669295839049));
#7033=CARTESIAN_POINT('',(867.0368994487,-1975.93947569629,32.5669295839049));
#7034=CARTESIAN_POINT('',(889.650629328753,-1998.55333516437,29.166929583794));
#7035=CARTESIAN_POINT('',(885.072703126766,-1995.7299650584,29.1669295838109));
#7036=CARTESIAN_POINT('',(880.824014308243,-1992.37268130944,29.1669295838284));
#7037=CARTESIAN_POINT('',(877.020628434877,-1988.56961165218,29.1669295838458));
#7038=CARTESIAN_POINT('',(874.584087608706,-1986.13327340168,29.166929583857));
#7039=CARTESIAN_POINT('',(872.3302987978,-1983.51398492818,29.1669295838682));
#7040=CARTESIAN_POINT('',(870.283158389311,-1980.74232666137,29.1669295838792));
#7041=CARTESIAN_POINT('',(869.134764474447,-1979.18749658011,29.1669295838855));
#7042=CARTESIAN_POINT('',(868.051401278545,-1977.58471685544,29.1669295838916));
#7043=CARTESIAN_POINT('',(867.036902502915,-1975.93947381313,29.1669295838977));
#7044=CARTESIAN_POINT('',(956.395659318575,-1882.94755679256,20.8669295839049));
#7045=CARTESIAN_POINT('',(954.044431453357,-1887.02000291529,20.8669295839049));
#7046=CARTESIAN_POINT('',(957.508529765367,-1889.02000863648,20.8669295839049));
#7047=CARTESIAN_POINT('',(959.859757596441,-1884.94756257289,20.8669295839049));
#7048=CARTESIAN_POINT('',(980.642592085599,-1905.73039674152,26.1669295839049));
#7049=CARTESIAN_POINT('',(980.642592085599,-1905.73039674152,20.8669295839049));
#7050=CARTESIAN_POINT('',(982.642598046916,-1909.19449491489,20.8669295839049));
#7051=CARTESIAN_POINT('',(982.642598046916,-1909.19449491489,26.1669295839049));
#7052=CARTESIAN_POINT('',(982.642598046916,-1909.19449491489,20.8669295839049));
#7053=CARTESIAN_POINT('',(982.264287312602,-1908.48945075696,20.8669295839049));
#7054=CARTESIAN_POINT('',(981.875005592927,-1907.79029323187,20.8669295839049));
#7055=CARTESIAN_POINT('',(981.474875134688,-1907.09724990402,20.8669295839049));
#7056=CARTESIAN_POINT('',(981.064025259842,-1906.41054455035,20.8669295839049));
#7057=CARTESIAN_POINT('',(980.642592085599,-1905.73039674152,20.8669295839049));
#7058=CARTESIAN_POINT('',(976.570146199725,-1908.08162446999,26.1669295839049));
#7059=CARTESIAN_POINT('',(976.570146199725,-1908.08162446999,20.8669295839049));
#7060=CARTESIAN_POINT('',(978.570152298881,-1911.54572256378,20.8669295839049));
#7061=CARTESIAN_POINT('',(978.570152298881,-1911.54572256378,26.1669295839049));
#7062=CARTESIAN_POINT('',(978.570152298881,-1911.54572256378,20.8669295839049));
#7063=CARTESIAN_POINT('',(978.193564383351,-1910.83973271509,20.8669295839049));
#7064=CARTESIAN_POINT('',(977.805123745416,-1910.14006514985,20.8669295839049));
#7065=CARTESIAN_POINT('',(977.404972043065,-1909.44698512434,20.8669295839049));
#7066=CARTESIAN_POINT('',(976.993259834714,-1908.76075315885,20.8669295839049));
#7067=CARTESIAN_POINT('',(976.570146199725,-1908.08162446999,20.8669295839049));
#7068=CARTESIAN_POINT('',(984.974653319915,-1903.2292804482,32.5669295839049));
#7069=CARTESIAN_POINT('',(984.97465026576,-1903.22928233146,29.1669295839049));
#7070=CARTESIAN_POINT('',(986.974636380727,-1906.69339014623,29.1669295839));
#7071=CARTESIAN_POINT('',(986.974643763152,-1906.69338616303,32.5669295839049));
#7072=CARTESIAN_POINT('',(982.375450105919,-1904.72993142035,35.5669295839049));
#7073=CARTESIAN_POINT('',(976.570146199725,-1908.08162446999,35.5669295839049));
#7074=CARTESIAN_POINT('',(978.570152298881,-1911.54572256378,35.5669295839049));
#7075=CARTESIAN_POINT('',(984.375446732354,-1908.19403313403,35.5669295839049));
#7076=CARTESIAN_POINT('',(982.37545010592,-1904.72993142035,26.1669295839049));
#7077=CARTESIAN_POINT('',(980.642592085599,-1905.73039674152,26.1669295839049));
#7078=CARTESIAN_POINT('',(982.642598046916,-1909.19449491489,26.1669295839049));
#7079=CARTESIAN_POINT('',(984.375446732309,-1908.19403313395,26.1669295839049));
#7080=CARTESIAN_POINT('',(976.570146199725,-1908.08162446999,35.5669295839049));
#7081=CARTESIAN_POINT('',(976.570146199725,-1908.08162446999,26.1669295839049));
#7082=CARTESIAN_POINT('',(978.570152298881,-1911.54572256378,26.1669295839049));
#7083=CARTESIAN_POINT('',(978.570152298881,-1911.54572256378,35.5669295839049));
#7084=CARTESIAN_POINT('',(976.570146199725,-1908.08162446999,26.1669295839049));
#7085=CARTESIAN_POINT('',(975.132219064414,-1905.77364503061,26.1669295839049));
#7086=CARTESIAN_POINT('',(971.993004900267,-1901.32176280325,26.1669295839049));
#7087=CARTESIAN_POINT('',(968.352047146022,-1897.23810423553,26.1669295839049));
#7088=CARTESIAN_POINT('',(964.268389530534,-1893.59714776072,26.1669295839049));
#7089=CARTESIAN_POINT('',(959.816509014269,-1890.45793533668,26.1669295839049));
#7090=CARTESIAN_POINT('',(957.508529765367,-1889.02000863648,26.1669295839049));
#7091=CARTESIAN_POINT('',(976.570146199725,-1908.08162446999,35.5669295839049));
#7092=CARTESIAN_POINT('',(975.132219064414,-1905.77364503061,35.5669295839049));
#7093=CARTESIAN_POINT('',(971.993004900267,-1901.32176280325,35.5669295839049));
#7094=CARTESIAN_POINT('',(968.352047146022,-1897.23810423553,35.5669295839049));
#7095=CARTESIAN_POINT('',(964.268389530534,-1893.59714776072,35.5669295839049));
#7096=CARTESIAN_POINT('',(959.816509014269,-1890.45793533668,35.5669295839049));
#7097=CARTESIAN_POINT('',(957.508529765367,-1889.02000863648,35.5669295839049));
#7098=CARTESIAN_POINT('',(982.642598046916,-1909.19449491489,26.1669295839049));
#7099=CARTESIAN_POINT('',(983.249051678089,-1910.32472081368,26.1669295839049));
#7100=CARTESIAN_POINT('',(985.922815626377,-1915.62061163697,26.1669295839049));
#7101=CARTESIAN_POINT('',(987.983055388424,-1921.21987783388,26.1669295839049));
#7102=CARTESIAN_POINT('',(989.38460656747,-1927.02737461793,26.1669295839049));
#7103=CARTESIAN_POINT('',(990.105015717728,-1932.93855132331,26.1669295839049));
#7104=CARTESIAN_POINT('',(990.249651488102,-1937.58437807094,26.1669295839049));
#7105=CARTESIAN_POINT('',(891.151293513444,-1995.95411178135,35.5669295839049));
#7106=CARTESIAN_POINT('',(886.799715979571,-1993.26247131056,35.5669295839049));
#7107=CARTESIAN_POINT('',(882.760205762447,-1990.06622342946,35.5669295839049));
#7108=CARTESIAN_POINT('',(879.14195357702,-1986.44827620457,35.5669295839049));
#7109=CARTESIAN_POINT('',(876.810929480127,-1984.11744857556,35.5669295839049));
#7110=CARTESIAN_POINT('',(874.654746694174,-1981.61159647095,35.5669295839049));
#7111=CARTESIAN_POINT('',(872.696256554232,-1978.95996558709,35.5669295839049));
#7112=CARTESIAN_POINT('',(871.614754123375,-1977.49570228132,35.5669295839049));
#7113=CARTESIAN_POINT('',(870.593535786087,-1975.98698541723,35.5669295839049));
#7114=CARTESIAN_POINT('',(869.636102662777,-1974.43882472428,35.5669295839049));
#7115=CARTESIAN_POINT('',(924.005776295687,-2005.82916684902,26.1669295839049));
#7116=CARTESIAN_POINT('',(921.147510674337,-2005.74281819569,26.166929583905));
#7117=CARTESIAN_POINT('',(918.294840799407,-2005.47155775316,26.1669295839049));
#7118=CARTESIAN_POINT('',(915.471621029435,-2005.01696970546,26.1669295839049));
#7119=CARTESIAN_POINT('',(910.388091357181,-2004.19843200119,26.1669295839049));
#7120=CARTESIAN_POINT('',(905.400045156248,-2002.78550741251,26.1669295839048));
#7121=CARTESIAN_POINT('',(900.643109120782,-2000.81505057742,26.1669295839048));
#7122=CARTESIAN_POINT('',(898.587498222797,-1999.96355866876,26.1669295839048));
#7123=CARTESIAN_POINT('',(896.575043827991,-1999.00795562281,26.1669295839048));
#7124=CARTESIAN_POINT('',(894.615502301197,-1997.95391927262,26.1669295839049));
#7125=CARTESIAN_POINT('',(980.642592085599,-1905.73039674152,20.8669295839049));
#7126=CARTESIAN_POINT('',(976.570146199725,-1908.08162446999,20.8669295839049));
#7127=CARTESIAN_POINT('',(978.570152298881,-1911.54572256378,20.8669295839049));
#7128=CARTESIAN_POINT('',(982.642598046916,-1909.19449491489,20.8669295839049));
#7129=CARTESIAN_POINT('',(990.249651488102,-1937.58437807094,26.1669295839049));
#7130=CARTESIAN_POINT('',(990.249651488102,-1937.58437807094,20.8669295839049));
#7131=CARTESIAN_POINT('',(990.249651488237,-1941.58437807094,20.8669295839049));
#7132=CARTESIAN_POINT('',(990.249651488237,-1941.58437807094,26.1669295839049));
#7133=CARTESIAN_POINT('',(990.249651488237,-1941.58437807094,20.8669295839049));
#7134=CARTESIAN_POINT('',(990.262100430863,-1941.18450720493,20.8669295839049));
#7135=CARTESIAN_POINT('',(990.271438153389,-1940.78453949493,20.8669295839049));
#7136=CARTESIAN_POINT('',(990.277663641025,-1940.38450721198,20.8669295839049));
#7137=CARTESIAN_POINT('',(990.280776384844,-1939.98444264255,20.8669295839049));
#7138=CARTESIAN_POINT('',(990.280776384844,-1939.58437807312,20.8669295839049));
#7139=CARTESIAN_POINT('',(990.280776384844,-1939.58437807312,20.8669295839049));
#7140=CARTESIAN_POINT('',(990.280776384844,-1939.18431350281,20.8669295839049));
#7141=CARTESIAN_POINT('',(990.277663641012,-1938.78424893251,20.8669295839049));
#7142=CARTESIAN_POINT('',(990.271438153348,-1938.38421664869,20.8669295839049));
#7143=CARTESIAN_POINT('',(990.262100430781,-1937.98424893782,20.8669295839049));
#7144=CARTESIAN_POINT('',(990.249651488102,-1937.58437807094,20.8669295839049));
#7145=CARTESIAN_POINT('',(985.547194666226,-1937.58437807094,26.1669295839049));
#7146=CARTESIAN_POINT('',(985.547194666226,-1937.58437807094,20.8669295839049));
#7147=CARTESIAN_POINT('',(985.547194666372,-1941.58437807094,20.8669295839049));
#7148=CARTESIAN_POINT('',(985.547194666372,-1941.58437807094,26.1669295839049));
#7149=CARTESIAN_POINT('',(985.547194666372,-1941.58437807094,20.8669295839049));
#7150=CARTESIAN_POINT('',(985.560626077933,-1941.1845283929,20.8669295839049));
#7151=CARTESIAN_POINT('',(985.570700911809,-1940.78456598208,20.8669295839049));
#7152=CARTESIAN_POINT('',(985.577417893832,-1940.38452840213,20.8669295839049));
#7153=CARTESIAN_POINT('',(985.580776384844,-1939.98445323762,20.8669295839049));
#7154=CARTESIAN_POINT('',(985.580776384843,-1939.58437807312,20.8669295839049));
#7155=CARTESIAN_POINT('',(985.580776384843,-1939.58437807312,20.8669295839049));
#7156=CARTESIAN_POINT('',(985.580776384844,-1939.18430290774,20.8669295839049));
#7157=CARTESIAN_POINT('',(985.577417893818,-1938.78422774236,20.8669295839049));
#7158=CARTESIAN_POINT('',(985.570700911765,-1938.38419016154,20.8669295839049));
#7159=CARTESIAN_POINT('',(985.560626077845,-1937.98422774985,20.8669295839049));
#7160=CARTESIAN_POINT('',(985.547194666226,-1937.58437807094,20.8669295839049));
#7161=CARTESIAN_POINT('',(995.252157073725,-1941.58438549838,29.1669295821193));
#7162=CARTESIAN_POINT('',(995.252100405405,-1941.58438386797,32.5669295839049));
#7163=CARTESIAN_POINT('',(985.547194666372,-1941.58437807094,26.1669295839049));
#7164=CARTESIAN_POINT('',(985.547194666372,-1941.58437807094,35.5669295839049));
#7165=CARTESIAN_POINT('',(992.250748640216,-1937.58437471727,35.5669295839049));
#7166=CARTESIAN_POINT('',(985.547194666226,-1937.58437807094,35.5669295839049));
#7167=CARTESIAN_POINT('',(985.547194666372,-1941.58437807094,35.5669295839049));
#7168=CARTESIAN_POINT('',(992.25074864045,-1941.58438142461,35.5669295839049));
#7169=CARTESIAN_POINT('',(992.250748640217,-1937.58437471734,26.1669295839049));
#7170=CARTESIAN_POINT('',(990.249651488102,-1937.58437807094,26.1669295839049));
#7171=CARTESIAN_POINT('',(990.249651488237,-1941.58437807094,26.1669295839049));
#7172=CARTESIAN_POINT('',(992.250748640451,-1941.58438142461,26.1669295839049));
#7173=CARTESIAN_POINT('',(985.547194666226,-1937.58437807094,35.5669295839049));
#7174=CARTESIAN_POINT('',(985.547194666226,-1937.58437807094,26.1669295839049));
#7175=CARTESIAN_POINT('',(995.25210040528,-1937.58437227391,32.5669295839049));
#7176=CARTESIAN_POINT('',(995.2521570736,-1937.5843706435,29.1669295803338));
#7177=CARTESIAN_POINT('',(990.249651488237,-1941.58437807094,26.1669295839049));
#7178=CARTESIAN_POINT('',(990.105015718151,-1946.23020481945,26.1669295839049));
#7179=CARTESIAN_POINT('',(989.384606568185,-1952.14138152493,26.1669295839049));
#7180=CARTESIAN_POINT('',(987.983055389412,-1957.94887830911,26.1669295839049));
#7181=CARTESIAN_POINT('',(985.922815627616,-1963.54814450619,26.1669295839049));
#7182=CARTESIAN_POINT('',(983.249051679553,-1968.84403532965,26.1669295839049));
#7183=CARTESIAN_POINT('',(982.642598048836,-1969.97426122776,26.1669295839049));
#7184=CARTESIAN_POINT('',(985.547194666226,-1937.58437807094,26.1669295839049));
#7185=CARTESIAN_POINT('',(985.403541525436,-1933.30786091481,26.1669295839049));
#7186=CARTESIAN_POINT('',(984.732947205043,-1927.88879247727,26.1669295839049));
#7187=CARTESIAN_POINT('',(983.444608552004,-1922.56479632111,26.1669295839049));
#7188=CARTESIAN_POINT('',(981.558786811507,-1917.42967018777,26.1669295839049));
#7189=CARTESIAN_POINT('',(979.115912475727,-1912.56885986792,26.1669295839049));
#7190=CARTESIAN_POINT('',(978.570152298881,-1911.54572256378,26.1669295839049));
#7191=CARTESIAN_POINT('',(985.580776384843,-1939.58437807312,20.8669295839049));
#7192=CARTESIAN_POINT('',(985.580776384843,-1939.58437807312,15.8669295839049));
#7193=CARTESIAN_POINT('',(924.005776567048,-2008.83049434108,32.5669295839049));
#7194=CARTESIAN_POINT('',(924.005776569596,-2008.83049419252,32.651501469747));
#7195=CARTESIAN_POINT('',(924.005776240166,-2008.82320440694,32.8234273980713));
#7196=CARTESIAN_POINT('',(924.005776387784,-2008.78969770335,33.083178491375));
#7197=CARTESIAN_POINT('',(924.005776358664,-2008.73174325184,33.3462075474414));
#7198=CARTESIAN_POINT('',(924.005776379893,-2008.6481472453,33.6091838350758));
#7199=CARTESIAN_POINT('',(924.005776388036,-2008.53829300824,33.8684741622556));
#7200=CARTESIAN_POINT('',(924.005776400542,-2008.40225092768,34.1202346356988));
#7201=CARTESIAN_POINT('',(924.005776412425,-2008.2408359032,34.3605836335298));
#7202=CARTESIAN_POINT('',(924.005776424856,-2008.05562255075,34.5857796594011));
#7203=CARTESIAN_POINT('',(924.005776437288,-2007.84890626795,34.7924058744524));
#7204=CARTESIAN_POINT('',(924.005776449699,-2007.62361214835,34.9775384167872));
#7205=CARTESIAN_POINT('',(924.005776461669,-2007.38315841715,35.1388828767645));
#7206=CARTESIAN_POINT('',(924.005776473868,-2007.13128805197,35.2748654015832));
#7207=CARTESIAN_POINT('',(924.005776483144,-2006.87188417746,35.384671313246));
#7208=CARTESIAN_POINT('',(924.005776502622,-2006.60879219785,35.4682309082174));
#7209=CARTESIAN_POINT('',(924.005776477376,-2006.34564664471,35.5261583529171));
#7210=CARTESIAN_POINT('',(924.005776623477,-2006.08577999219,35.5596549788603));
#7211=CARTESIAN_POINT('',(924.005776293,-2005.91377707072,35.566929372757));
#7212=CARTESIAN_POINT('',(924.005776295541,-2005.82916684901,35.5669295839049));
#7213=CARTESIAN_POINT('',(924.005776295687,-2005.82916684902,26.1669295839049));
#7214=CARTESIAN_POINT('',(924.005776293868,-2005.91377704587,26.1669297950527));
#7215=CARTESIAN_POINT('',(924.005776625332,-2006.08577991469,26.17420418895));
#7216=CARTESIAN_POINT('',(924.005776481957,-2006.34564648105,26.2077008148925));
#7217=CARTESIAN_POINT('',(924.005776509878,-2006.60879193991,26.2656282595921));
#7218=CARTESIAN_POINT('',(924.005776493373,-2006.87188381773,26.3491878545634));
#7219=CARTESIAN_POINT('',(924.005776487238,-2007.13128758382,26.4589937662262));
#7220=CARTESIAN_POINT('',(924.005776478348,-2007.38315783511,26.5949762910447));
#7221=CARTESIAN_POINT('',(924.005776469803,-2007.62361144834,26.7563207510219));
#7222=CARTESIAN_POINT('',(924.005776460891,-2007.84890544743,26.9414532933566));
#7223=CARTESIAN_POINT('',(924.005776451982,-2008.05562160887,27.1480795084078));
#7224=CARTESIAN_POINT('',(924.00577644305,-2008.24083484081,27.3732755342789));
#7225=CARTESIAN_POINT('',(924.005776434591,-2008.40224974734,27.6136245321099));
#7226=CARTESIAN_POINT('',(924.005776425391,-2008.53829171404,27.8653850055529));
#7227=CARTESIAN_POINT('',(924.005776420393,-2008.64814584272,28.1246753327326));
#7228=CARTESIAN_POINT('',(924.00577640212,-2008.73174174751,28.387651620367));
#7229=CARTESIAN_POINT('',(924.005776433975,-2008.78969610479,28.6506806764332));
#7230=CARTESIAN_POINT('',(924.005776288856,-2008.82320272229,28.9104317697369));
#7231=CARTESIAN_POINT('',(924.005776619814,-2008.83049245526,29.0823576980611));
#7232=CARTESIAN_POINT('',(924.005776617986,-2008.830492579,29.1669295839032));
#7233=CARTESIAN_POINT('',(985.547194666226,-1937.58437807094,35.5669295839049));
#7234=CARTESIAN_POINT('',(985.403541525436,-1933.30786091481,35.5669295839049));
#7235=CARTESIAN_POINT('',(984.732947205043,-1927.88879247727,35.5669295839049));
#7236=CARTESIAN_POINT('',(983.444608552004,-1922.56479632111,35.5669295839049));
#7237=CARTESIAN_POINT('',(981.558786811507,-1917.42967018777,35.5669295839049));
#7238=CARTESIAN_POINT('',(979.115912475727,-1912.56885986792,35.5669295839049));
#7239=CARTESIAN_POINT('',(978.570152298881,-1911.54572256378,35.5669295839049));
#7240=CARTESIAN_POINT('',(990.249651488102,-1937.58437807094,20.8669295839049));
#7241=CARTESIAN_POINT('',(985.547194666226,-1937.58437807094,20.8669295839049));
#7242=CARTESIAN_POINT('',(985.547194666372,-1941.58437807094,20.8669295839049));
#7243=CARTESIAN_POINT('',(990.249651488237,-1941.58437807094,20.8669295839049));
#7244=CARTESIAN_POINT('',(982.642598048836,-1969.97426122776,26.1669295839049));
#7245=CARTESIAN_POINT('',(982.642598048836,-1969.97426122776,20.8669295839049));
#7246=CARTESIAN_POINT('',(980.642592087738,-1973.43835940126,20.8669295839049));
#7247=CARTESIAN_POINT('',(980.642592087738,-1973.43835940126,26.1669295839049));
#7248=CARTESIAN_POINT('',(980.642592087738,-1973.43835940126,20.8669295839049));
#7249=CARTESIAN_POINT('',(981.064025261938,-1972.75821159241,20.8669295839049));
#7250=CARTESIAN_POINT('',(981.474875136741,-1972.0715062387,20.8669295839049));
#7251=CARTESIAN_POINT('',(981.875005594936,-1971.37846291083,20.8669295839049));
#7252=CARTESIAN_POINT('',(982.264287314566,-1970.67930538572,20.8669295839049));
#7253=CARTESIAN_POINT('',(982.642598048836,-1969.97426122776,20.8669295839049));
#7254=CARTESIAN_POINT('',(986.974643765086,-1972.47536997962,32.5669295839049));
#7255=CARTESIAN_POINT('',(986.974636382656,-1972.47536599642,29.1669295839048));
#7256=CARTESIAN_POINT('',(984.974733476897,-1975.9395251279,29.1669295839049));
#7257=CARTESIAN_POINT('',(984.974718265732,-1975.93951574643,32.5669295839049));
#7258=CARTESIAN_POINT('',(978.570152300793,-1967.62303357887,35.5669295839049));
#7259=CARTESIAN_POINT('',(978.570152300792,-1967.62303357887,26.1669295839049));
#7260=CARTESIAN_POINT('',(976.570146201872,-1971.0871316728,26.1669295839049));
#7261=CARTESIAN_POINT('',(976.570146201873,-1971.0871316728,35.5669295839049));
#7262=CARTESIAN_POINT('',(984.37544673423,-1970.97472300871,35.5669295839049));
#7263=CARTESIAN_POINT('',(978.570152300793,-1967.62303357887,35.5669295839049));
#7264=CARTESIAN_POINT('',(976.570146201873,-1971.0871316728,35.5669295839049));
#7265=CARTESIAN_POINT('',(982.375510093801,-1974.43886094335,35.5669295839049));
#7266=CARTESIAN_POINT('',(984.37544673423,-1970.97472300871,26.1669295839049));
#7267=CARTESIAN_POINT('',(982.642598048836,-1969.97426122776,26.1669295839049));
#7268=CARTESIAN_POINT('',(980.642592087738,-1973.43835940126,26.1669295839049));
#7269=CARTESIAN_POINT('',(982.375510093842,-1974.43886094328,26.1669295839049));
#7270=CARTESIAN_POINT('',(978.570152300792,-1967.62303357887,26.1669295839049));
#7271=CARTESIAN_POINT('',(978.570152300792,-1967.62303357887,20.8669295839049));
#7272=CARTESIAN_POINT('',(976.570146201872,-1971.0871316728,20.8669295839049));
#7273=CARTESIAN_POINT('',(976.570146201872,-1971.0871316728,26.1669295839049));
#7274=CARTESIAN_POINT('',(976.570146201872,-1971.0871316728,20.8669295839049));
#7275=CARTESIAN_POINT('',(976.993259836815,-1970.40800298391,20.8669295839049));
#7276=CARTESIAN_POINT('',(977.404972045119,-1969.72177101839,20.8669295839049));
#7277=CARTESIAN_POINT('',(977.805123747423,-1969.02869099285,20.8669295839049));
#7278=CARTESIAN_POINT('',(978.19356438531,-1968.32902342758,20.8669295839049));
#7279=CARTESIAN_POINT('',(978.570152300792,-1967.62303357887,20.8669295839049));
#7280=CARTESIAN_POINT('',(978.570152300792,-1967.62303357887,26.1669295839049));
#7281=CARTESIAN_POINT('',(979.115912477186,-1966.5998962754,26.1669295839049));
#7282=CARTESIAN_POINT('',(981.558786812742,-1961.73908595538,26.1669295839049));
#7283=CARTESIAN_POINT('',(983.444608552991,-1956.60395982189,26.1669295839049));
#7284=CARTESIAN_POINT('',(984.732947205761,-1951.27996366559,26.1669295839049));
#7285=CARTESIAN_POINT('',(985.403541525864,-1945.86089522795,26.1669295839049));
#7286=CARTESIAN_POINT('',(985.547194666372,-1941.58437807094,26.1669295839049));
#7287=CARTESIAN_POINT('',(978.570152300793,-1967.62303357887,35.5669295839049));
#7288=CARTESIAN_POINT('',(979.115912477187,-1966.5998962754,35.5669295839049));
#7289=CARTESIAN_POINT('',(981.558786812743,-1961.73908595538,35.5669295839049));
#7290=CARTESIAN_POINT('',(983.444608552992,-1956.60395982189,35.5669295839049));
#7291=CARTESIAN_POINT('',(984.732947205762,-1951.27996366559,35.5669295839049));
#7292=CARTESIAN_POINT('',(985.403541525865,-1945.86089522795,35.5669295839049));
#7293=CARTESIAN_POINT('',(985.547194666372,-1941.58437807094,35.5669295839049));
#7294=CARTESIAN_POINT('',(980.642592087738,-1973.43835940126,26.1669295839049));
#7295=CARTESIAN_POINT('',(979.080714415479,-1975.95906195036,26.1669295839049));
#7296=CARTESIAN_POINT('',(975.666230297462,-1980.82032832946,26.1669295839049));
#7297=CARTESIAN_POINT('',(971.698004850046,-1985.27660815151,26.1669295839049));
#7298=CARTESIAN_POINT('',(967.241725533359,-1989.24483291967,26.1669295839049));
#7299=CARTESIAN_POINT('',(962.380460050994,-1992.65931612581,26.1669295839049));
#7300=CARTESIAN_POINT('',(959.859757599215,-1994.22119357163,26.1669295839049));
#7301=CARTESIAN_POINT('',(869.636102662777,-1974.43882472428,35.5669295839049));
#7302=CARTESIAN_POINT('',(869.562835584242,-1974.48112549075,35.5669295839049));
#7303=CARTESIAN_POINT('',(869.413884930128,-1974.56712352404,35.5596534233015));
#7304=CARTESIAN_POINT('',(869.188841183825,-1974.69705203219,35.5261584800976));
#7305=CARTESIAN_POINT('',(868.960950772712,-1974.82862477776,35.4682308754016));
#7306=CARTESIAN_POINT('',(868.733106711948,-1974.96017055827,35.3846713272058));
#7307=CARTESIAN_POINT('',(868.508456715252,-1975.08987230293,35.27486540551));
#7308=CARTESIAN_POINT('',(868.290330964188,-1975.21580725562,35.1388828866764));
#7309=CARTESIAN_POINT('',(868.082092349095,-1975.33603387211,34.9775384282761));
#7310=CARTESIAN_POINT('',(867.886982376278,-1975.44868066211,34.7924058882869));
#7311=CARTESIAN_POINT('',(867.707961309466,-1975.55203851815,34.5857796745891));
#7312=CARTESIAN_POINT('',(867.547562350146,-1975.64464489554,34.360583649125));
#7313=CARTESIAN_POINT('',(867.407773352209,-1975.72535210564,34.1202346511059));
#7314=CARTESIAN_POINT('',(867.289958008162,-1975.79337282338,33.8684741749458));
#7315=CARTESIAN_POINT('',(867.194821879308,-1975.8482996814,33.6091838500446));
#7316=CARTESIAN_POINT('',(867.122426478784,-1975.8900972065,33.3462075432527));
#7317=CARTESIAN_POINT('',(867.072235713422,-1975.91907476305,33.0831785431407));
#7318=CARTESIAN_POINT('',(867.043222979057,-1975.93582559634,32.8234271221235));
#7319=CARTESIAN_POINT('',(867.036899424927,-1975.93947571106,32.6515015846298));
#7320=CARTESIAN_POINT('',(867.0368994487,-1975.93947569629,32.5669295839049));
#7321=CARTESIAN_POINT('',(982.375510093842,-1974.43886094328,26.1669295839049));
#7322=CARTESIAN_POINT('',(982.448785990708,-1974.48116682053,26.1669313240145));
#7323=CARTESIAN_POINT('',(982.59774897283,-1974.56716748118,26.1742034547796));
#7324=CARTESIAN_POINT('',(982.822803737575,-1974.69710430005,26.2077010149627));
#7325=CARTESIAN_POINT('',(983.050699141448,-1974.82867947989,26.2656281914092));
#7326=CARTESIAN_POINT('',(983.278548180191,-1974.96022836335,26.3491878504743));
#7327=CARTESIAN_POINT('',(983.503203473804,-1975.08993321441,26.4589937312115));
#7328=CARTESIAN_POINT('',(983.721334674733,-1975.21587141755,26.5949762497367));
#7329=CARTESIAN_POINT('',(983.929578851899,-1975.33610133858,26.7563206967458));
#7330=CARTESIAN_POINT('',(984.124694417708,-1975.44875145678,26.9414532297832));
#7331=CARTESIAN_POINT('',(984.303721021666,-1975.55211260873,27.1480794385758));
#7332=CARTESIAN_POINT('',(984.464125418936,-1975.64472222325,27.3732754612851));
#7333=CARTESIAN_POINT('',(984.603919547148,-1975.72543249471,27.6136244651557));
#7334=CARTESIAN_POINT('',(984.721740138404,-1975.79345632327,27.8653849320662));
#7335=CARTESIAN_POINT('',(984.816879778501,-1975.84838533902,28.1246753181414));
#7336=CARTESIAN_POINT('',(984.889283426026,-1975.89018755629,28.3876514429739));
#7337=CARTESIAN_POINT('',(984.939463643482,-1975.91915964757,28.6506811443787));
#7338=CARTESIAN_POINT('',(984.96853113907,-1975.93594020817,28.9104287726409));
#7339=CARTESIAN_POINT('',(984.974732557489,-1975.93952457787,29.0823589250268));
#7340=CARTESIAN_POINT('',(984.974733476897,-1975.9395251279,29.1669295839049));
#7341=CARTESIAN_POINT('',(982.642598048836,-1969.97426122776,20.8669295839049));
#7342=CARTESIAN_POINT('',(978.570152300792,-1967.62303357887,20.8669295839049));
#7343=CARTESIAN_POINT('',(976.570146201872,-1971.0871316728,20.8669295839049));
#7344=CARTESIAN_POINT('',(980.642592087738,-1973.43835940126,20.8669295839049));
#7345=CARTESIAN_POINT('',(959.859757599215,-1994.22119357163,26.1669295839049));
#7346=CARTESIAN_POINT('',(959.859757599216,-1994.22119357163,20.8669295839049));
#7347=CARTESIAN_POINT('',(956.395659321452,-1996.22119935213,20.8669295839049));
#7348=CARTESIAN_POINT('',(956.395659321452,-1996.22119935213,26.1669295839049));
#7349=CARTESIAN_POINT('',(956.395659321452,-1996.22119935213,20.8669295839049));
#7350=CARTESIAN_POINT('',(957.100703512288,-1995.84288864956,20.8669295839049));
#7351=CARTESIAN_POINT('',(957.799861062557,-1995.45360696541,20.8669295839049));
#7352=CARTESIAN_POINT('',(958.492904409512,-1995.05347654503,20.8669295839049));
#7353=CARTESIAN_POINT('',(959.179609778019,-1994.64262670864,20.8669295839049));
#7354=CARTESIAN_POINT('',(959.859757599216,-1994.22119357163,20.8669295839049));
#7355=CARTESIAN_POINT('',(962.360874009421,-1998.5532550084,32.5669295839049));
#7356=CARTESIAN_POINT('',(962.360872126162,-1998.55325195424,29.1669295839048));
#7357=CARTESIAN_POINT('',(958.896685605642,-2000.55309220836,29.1669295827911));
#7358=CARTESIAN_POINT('',(958.896706865831,-2000.55313160895,32.5669295839049));
#7359=CARTESIAN_POINT('',(957.508529768138,-1990.14874750803,35.5669295839049));
#7360=CARTESIAN_POINT('',(957.508529768138,-1990.14874750803,26.1669295839049));
#7361=CARTESIAN_POINT('',(954.044431456237,-1992.1487532294,26.1669295839049));
#7362=CARTESIAN_POINT('',(954.044431456238,-1992.1487532294,35.5669295839049));
#7363=CARTESIAN_POINT('',(960.860223037276,-1995.9540517944,35.5669295839049));
#7364=CARTESIAN_POINT('',(957.508529768138,-1990.14874750803,35.5669295839049));
#7365=CARTESIAN_POINT('',(954.044431456238,-1992.1487532294,35.5669295839049));
#7366=CARTESIAN_POINT('',(957.396050470408,-1997.95391927159,35.5669295839049));
#7367=CARTESIAN_POINT('',(960.860223037276,-1995.9540517944,26.1669295839049));
#7368=CARTESIAN_POINT('',(959.859757599215,-1994.22119357163,26.1669295839049));
#7369=CARTESIAN_POINT('',(956.395659321452,-1996.22119935213,26.1669295839049));
#7370=CARTESIAN_POINT('',(957.396050470408,-1997.95391927159,26.1669295839049));
#7371=CARTESIAN_POINT('',(957.508529768138,-1990.14874750803,26.1669295839049));
#7372=CARTESIAN_POINT('',(957.508529768138,-1990.14874750803,20.8669295839049));
#7373=CARTESIAN_POINT('',(954.044431456238,-1992.1487532294,20.8669295839049));
#7374=CARTESIAN_POINT('',(954.044431456237,-1992.1487532294,26.1669295839049));
#7375=CARTESIAN_POINT('',(954.044431456238,-1992.1487532294,20.8669295839049));
#7376=CARTESIAN_POINT('',(954.750421375991,-1991.77216537918,20.8669295839049));
#7377=CARTESIAN_POINT('',(955.450088994427,-1991.38372481546,20.8669295839049));
#7378=CARTESIAN_POINT('',(956.143169059231,-1990.9835731928,20.8669295839049));
#7379=CARTESIAN_POINT('',(956.829401054535,-1990.57186106538,20.8669295839049));
#7380=CARTESIAN_POINT('',(957.508529768138,-1990.14874750803,20.8669295839049));
#7381=CARTESIAN_POINT('',(957.508529768138,-1990.14874750803,26.1669295839049));
#7382=CARTESIAN_POINT('',(959.816509016406,-1988.71082080805,26.1669295839049));
#7383=CARTESIAN_POINT('',(964.268389532669,-1985.57160838373,26.1669295839049));
#7384=CARTESIAN_POINT('',(968.352047148116,-1981.93065190864,26.1669295839049));
#7385=CARTESIAN_POINT('',(971.993004902275,-1977.84699334061,26.1669295839049));
#7386=CARTESIAN_POINT('',(975.132219066289,-1973.39511111297,26.1669295839049));
#7387=CARTESIAN_POINT('',(976.570146201872,-1971.0871316728,26.1669295839049));
#7388=CARTESIAN_POINT('',(957.508529768138,-1990.14874750803,35.5669295839049));
#7389=CARTESIAN_POINT('',(959.816509016407,-1988.71082080805,35.5669295839049));
#7390=CARTESIAN_POINT('',(964.268389532669,-1985.57160838373,35.5669295839049));
#7391=CARTESIAN_POINT('',(968.352047148116,-1981.93065190864,35.5669295839049));
#7392=CARTESIAN_POINT('',(971.993004902275,-1977.84699334061,35.5669295839049));
#7393=CARTESIAN_POINT('',(975.13221906629,-1973.39511111297,35.5669295839049));
#7394=CARTESIAN_POINT('',(976.570146201873,-1971.0871316728,35.5669295839049));
#7395=CARTESIAN_POINT('',(956.395659321452,-1996.22119935213,26.1669295839049));
#7396=CARTESIAN_POINT('',(955.265434074068,-1996.82765255457,26.1669295839049));
#7397=CARTESIAN_POINT('',(949.969544386807,-1999.50141567259,26.1669295839049));
#7398=CARTESIAN_POINT('',(944.370278907736,-2001.56165527614,26.1669295839049));
#7399=CARTESIAN_POINT('',(938.56278178022,-2002.96320739567,26.1669295839049));
#7400=CARTESIAN_POINT('',(932.65160426136,-2003.68361719543,26.1669295839049));
#7401=CARTESIAN_POINT('',(928.005776385933,-2003.82825313402,26.1669295839049));
#7402=CARTESIAN_POINT('',(865.037022848301,-1972.4753085528,32.5669295839049));
#7403=CARTESIAN_POINT('',(865.037022909782,-1972.47530851889,32.6515041931032));
#7404=CARTESIAN_POINT('',(865.043576343563,-1972.4715151163,32.8234207591384));
#7405=CARTESIAN_POINT('',(865.072494086068,-1972.45482350865,33.0831795523471));
#7406=CARTESIAN_POINT('',(865.122711277834,-1972.42582947257,33.3462071887154));
#7407=CARTESIAN_POINT('',(865.195098863562,-1972.38403680196,33.6091838486936));
#7408=CARTESIAN_POINT('',(865.290236411419,-1972.32910903301,33.8684740542628));
#7409=CARTESIAN_POINT('',(865.408050348372,-1972.26108915601,34.1202345481259));
#7410=CARTESIAN_POINT('',(865.547838440582,-1972.18038246443,34.3605835346752));
#7411=CARTESIAN_POINT('',(865.70823609562,-1972.08777684451,34.5857795656165));
#7412=CARTESIAN_POINT('',(865.887255723834,-1971.98441982173,34.7924057891111));
#7413=CARTESIAN_POINT('',(866.082364076831,-1971.87177396783,34.977538343252));
#7414=CARTESIAN_POINT('',(866.290600938787,-1971.75154837312,35.1388828237709));
#7415=CARTESIAN_POINT('',(866.50872480864,-1971.6256144833,35.2748653460573));
#7416=CARTESIAN_POINT('',(866.733372890748,-1971.49591394032,35.3846713398834));
#7417=CARTESIAN_POINT('',(866.961214800168,-1971.36436906914,35.4682307023969));
#7418=CARTESIAN_POINT('',(867.189103681948,-1971.23279840939,35.526159034575));
#7419=CARTESIAN_POINT('',(867.414101088501,-1971.10289239119,35.5596450907932));
#7420=CARTESIAN_POINT('',(867.563011584853,-1971.01692782142,35.5669295839049));
#7421=CARTESIAN_POINT('',(867.636235185664,-1970.97465215737,35.5669295839049));
#7422=CARTESIAN_POINT('',(924.005776617986,-2008.830492579,29.1669295839032));
#7423=CARTESIAN_POINT('',(920.987834870733,-2008.74326480587,29.1669295838011));
#7424=CARTESIAN_POINT('',(917.975606913595,-2008.45881405434,29.1669295836973));
#7425=CARTESIAN_POINT('',(914.994785798991,-2007.97884554402,29.1669295835929));
#7426=CARTESIAN_POINT('',(909.681149174895,-2007.12324966732,29.1669295834066));
#7427=CARTESIAN_POINT('',(904.467313840267,-2005.64635846552,29.1669295832181));
#7428=CARTESIAN_POINT('',(899.495051251696,-2003.58669967745,29.1669295830325));
#7429=CARTESIAN_POINT('',(897.318500786278,-2002.68510785403,29.1669295829513));
#7430=CARTESIAN_POINT('',(895.188239268407,-2001.6718490538,29.1669295828706));
#7431=CARTESIAN_POINT('',(893.114867165962,-2000.55309220939,29.1669295827909));
#7432=CARTESIAN_POINT('',(959.859757599216,-1994.22119357163,20.8669295839049));
#7433=CARTESIAN_POINT('',(957.508529768138,-1990.14874750803,20.8669295839049));
#7434=CARTESIAN_POINT('',(954.044431456238,-1992.1487532294,20.8669295839049));
#7435=CARTESIAN_POINT('',(956.395659321452,-1996.22119935213,20.8669295839049));
#7436=CARTESIAN_POINT('',(856.759660116905,-1937.58437825424,32.5669295839049));
#7437=CARTESIAN_POINT('',(856.759660265473,-1937.58437825679,32.651501469747));
#7438=CARTESIAN_POINT('',(856.766950051052,-1937.58437792732,32.8234273980712));
#7439=CARTESIAN_POINT('',(856.800456754637,-1937.58437807496,33.083178491375));
#7440=CARTESIAN_POINT('',(856.85841120615,-1937.58437804583,33.3462075474413));
#7441=CARTESIAN_POINT('',(856.942007212686,-1937.58437806706,33.6091838350758));
#7442=CARTESIAN_POINT('',(857.051861449747,-1937.58437807521,33.8684741622556));
#7443=CARTESIAN_POINT('',(857.187903530306,-1937.58437808771,34.1202346356988));
#7444=CARTESIAN_POINT('',(857.34931855479,-1937.5843780996,34.3605836335297));
#7445=CARTESIAN_POINT('',(857.534531907236,-1937.58437811203,34.585779659401));
#7446=CARTESIAN_POINT('',(857.741248190038,-1937.58437812446,34.7924058744523));
#7447=CARTESIAN_POINT('',(857.96654230964,-1937.58437813688,34.9775384167872));
#7448=CARTESIAN_POINT('',(858.206996040841,-1937.58437814885,35.1388828767644));
#7449=CARTESIAN_POINT('',(858.458866406021,-1937.58437816105,35.2748654015831));
#7450=CARTESIAN_POINT('',(858.718270280526,-1937.58437817032,35.384671313246));
#7451=CARTESIAN_POINT('',(858.981362260138,-1937.5843781898,35.4682309082174));
#7452=CARTESIAN_POINT('',(859.244507813282,-1937.58437816456,35.526158352917));
#7453=CARTESIAN_POINT('',(859.504374465801,-1937.58437831066,35.5596549788602));
#7454=CARTESIAN_POINT('',(859.676377387271,-1937.58437798018,35.566929372757));
#7455=CARTESIAN_POINT('',(859.760987608978,-1937.58437798272,35.5669295839049));
#7456=CARTESIAN_POINT('',(856.759660116905,-1937.58437825424,32.5669295839049));
#7457=CARTESIAN_POINT('',(856.846884432685,-1934.56643455888,32.5669295839049));
#7458=CARTESIAN_POINT('',(857.131331673264,-1931.55420462343,32.5669295839049));
#7459=CARTESIAN_POINT('',(857.611296648765,-1928.57338151708,32.5669295839049));
#7460=CARTESIAN_POINT('',(858.46688622427,-1923.2597413425,32.5669295839049));
#7461=CARTESIAN_POINT('',(859.943771049007,-1918.04590241467,32.5669295839049));
#7462=CARTESIAN_POINT('',(862.003423557057,-1913.07363628759,32.5669295839049));
#7463=CARTESIAN_POINT('',(862.905012631566,-1910.89708427301,32.5669295839049));
#7464=CARTESIAN_POINT('',(863.918268701503,-1908.76682121647,32.5669295839049));
#7465=CARTESIAN_POINT('',(865.037022848163,-1906.69344759369,32.5669295839049));
#7466=CARTESIAN_POINT('',(867.636235185526,-1908.19410398912,35.5669295839049));
#7467=CARTESIAN_POINT('',(867.563011584715,-1908.15182832507,35.5669295839049));
#7468=CARTESIAN_POINT('',(867.414101088362,-1908.0658637553,35.5596450907933));
#7469=CARTESIAN_POINT('',(867.189103681809,-1907.9359577371,35.5261590345749));
#7470=CARTESIAN_POINT('',(866.96121480003,-1907.80438707735,35.4682307023969));
#7471=CARTESIAN_POINT('',(866.733372890609,-1907.67284220617,35.3846713398834));
#7472=CARTESIAN_POINT('',(866.508724808502,-1907.54314166319,35.2748653460572));
#7473=CARTESIAN_POINT('',(866.290600938648,-1907.41720777337,35.138882823771));
#7474=CARTESIAN_POINT('',(866.082364076694,-1907.29698217865,34.9775383432518));
#7475=CARTESIAN_POINT('',(865.887255723696,-1907.18433632476,34.7924057891111));
#7476=CARTESIAN_POINT('',(865.708236095482,-1907.08097930198,34.5857795656165));
#7477=CARTESIAN_POINT('',(865.547838440445,-1906.98837368206,34.3605835346751));
#7478=CARTESIAN_POINT('',(865.408050348234,-1906.90766699048,34.120234548126));
#7479=CARTESIAN_POINT('',(865.290236411281,-1906.83964711348,33.8684740542628));
#7480=CARTESIAN_POINT('',(865.195098863425,-1906.78471934453,33.6091838486936));
#7481=CARTESIAN_POINT('',(865.122711277696,-1906.74292667392,33.3462071887155));
#7482=CARTESIAN_POINT('',(865.072494085931,-1906.71393263784,33.0831795523471));
#7483=CARTESIAN_POINT('',(865.043576343425,-1906.69724103019,32.8234207591385));
#7484=CARTESIAN_POINT('',(865.037022909644,-1906.6934476276,32.6515041931032));
#7485=CARTESIAN_POINT('',(865.037022848164,-1906.69344759369,32.5669295839049));
#7486=CARTESIAN_POINT('',(859.760987608978,-1937.58437798272,35.5669295839049));
#7487=CARTESIAN_POINT('',(859.847336262364,-1934.72611236162,35.5669295839049));
#7488=CARTESIAN_POINT('',(860.118596704912,-1931.87344248693,35.5669295839049));
#7489=CARTESIAN_POINT('',(860.573184752605,-1929.0502227172,35.5669295839049));
#7490=CARTESIAN_POINT('',(861.391722456892,-1923.96669304514,35.5669295839049));
#7491=CARTESIAN_POINT('',(862.804647045531,-1918.9786468444,35.5669295839049));
#7492=CARTESIAN_POINT('',(864.775103880536,-1914.2217108091,35.5669295839049));
#7493=CARTESIAN_POINT('',(865.626595789249,-1912.16609991098,35.5669295839049));
#7494=CARTESIAN_POINT('',(866.58219883526,-1910.15364551604,35.5669295839049));
#7495=CARTESIAN_POINT('',(867.636235185527,-1908.19410398912,35.5669295839049));
#7496=CARTESIAN_POINT('',(867.036834505036,-1903.22924039805,32.5669295839049));
#7497=CARTESIAN_POINT('',(867.036835210128,-1903.22924081591,32.6515002427829));
#7498=CARTESIAN_POINT('',(867.043036174693,-1903.2328249057,32.8234303951689));
#7499=CARTESIAN_POINT('',(867.072102926958,-1903.24960500787,33.083178023431));
#7500=CARTESIAN_POINT('',(867.122282330964,-1903.27857659747,33.3462077248359));
#7501=CARTESIAN_POINT('',(867.19468510012,-1903.32037827304,33.6091838496685));
#7502=CARTESIAN_POINT('',(867.289823804632,-1903.37530671178,33.8684742357435));
#7503=CARTESIAN_POINT('',(867.407643412988,-1903.44332993417,34.1202347026544));
#7504=CARTESIAN_POINT('',(867.547436522893,-1903.5240395776,34.3605837065244));
#7505=CARTESIAN_POINT('',(867.707839879922,-1903.61664855058,34.5857797292343));
#7506=CARTESIAN_POINT('',(867.886865436182,-1903.72000905639,34.7924059380265));
#7507=CARTESIAN_POINT('',(868.081979961663,-1903.83265853299,34.977538471064));
#7508=CARTESIAN_POINT('',(868.290223120351,-1903.9528878259,35.1388829180731));
#7509=CARTESIAN_POINT('',(868.508353338129,-1904.0788254227,35.2748654365981));
#7510=CARTESIAN_POINT('',(868.733007695828,-1904.20852969656,35.3846713173356));
#7511=CARTESIAN_POINT('',(868.960855855814,-1904.34007803808,35.4682309764005));
#7512=CARTESIAN_POINT('',(869.188750445773,-1904.47165271592,35.526158152847));
#7513=CARTESIAN_POINT('',(869.413804466749,-1904.60158907622,35.5596557130304));
#7514=CARTESIAN_POINT('',(869.562766994521,-1904.68758945633,35.5669278437952));
#7515=CARTESIAN_POINT('',(869.636042676878,-1904.72989520128,35.5669295839049));
#7516=CARTESIAN_POINT('',(867.036834505036,-1903.22924039805,32.5669295839049));
#7517=CARTESIAN_POINT('',(869.860201813517,-1898.65131216118,32.5669295839049));
#7518=CARTESIAN_POINT('',(873.217482687604,-1894.40262125149,32.5669295839049));
#7519=CARTESIAN_POINT('',(877.020549469783,-1890.59923328679,32.5669295839049));
#7520=CARTESIAN_POINT('',(879.456885878435,-1888.16269112086,32.5669295839049));
#7521=CARTESIAN_POINT('',(882.07617251,-1885.90890097014,32.5669295839048));
#7522=CARTESIAN_POINT('',(884.847828955385,-1883.86175923674,32.5669295839049));
#7523=CARTESIAN_POINT('',(886.402658014876,-1882.71336457864,32.5669295839049));
#7524=CARTESIAN_POINT('',(888.005436724231,-1881.63000064419,32.5669295839049));
#7525=CARTESIAN_POINT('',(889.650678761194,-1880.61550113726,32.5669295839049));
#7526=CARTESIAN_POINT('',(891.151329733338,-1883.21470435126,35.5669295839049));
#7527=CARTESIAN_POINT('',(891.10902896687,-1883.14143727272,35.5669295839049));
#7528=CARTESIAN_POINT('',(891.023030933584,-1882.99248661861,35.5596534233015));
#7529=CARTESIAN_POINT('',(890.893102425437,-1882.7674428723,35.5261584800976));
#7530=CARTESIAN_POINT('',(890.76152967987,-1882.53955246119,35.4682308754017));
#7531=CARTESIAN_POINT('',(890.629983899362,-1882.31170840043,35.3846713272056));
#7532=CARTESIAN_POINT('',(890.500282154703,-1882.08705840373,35.27486540551));
#7533=CARTESIAN_POINT('',(890.374347202018,-1881.86893265266,35.1388828866764));
#7534=CARTESIAN_POINT('',(890.254120585523,-1881.66069403757,34.9775384282762));
#7535=CARTESIAN_POINT('',(890.141473795528,-1881.46558406475,34.7924058882866));
#7536=CARTESIAN_POINT('',(890.03811593949,-1881.28656299794,34.5857796745893));
#7537=CARTESIAN_POINT('',(889.9455095621,-1881.12616403861,34.360583649125));
#7538=CARTESIAN_POINT('',(889.864802352,-1880.98637504068,34.1202346511058));
#7539=CARTESIAN_POINT('',(889.796781634268,-1880.86855969663,33.8684741749459));
#7540=CARTESIAN_POINT('',(889.741854776247,-1880.77342356777,33.6091838500446));
#7541=CARTESIAN_POINT('',(889.700057251156,-1880.70102816724,33.3462075432527));
#7542=CARTESIAN_POINT('',(889.671079694583,-1880.6508374019,33.0831785431407));
#7543=CARTESIAN_POINT('',(889.654328861395,-1880.62182466747,32.8234271221237));
#7544=CARTESIAN_POINT('',(889.650678746423,-1880.61550111349,32.6515015846298));
#7545=CARTESIAN_POINT('',(889.650678761194,-1880.61550113727,32.5669295839049));
#7546=CARTESIAN_POINT('',(869.636042676878,-1904.72989520128,35.5669295839049));
#7547=CARTESIAN_POINT('',(872.327683147615,-1900.3783176676,35.5669295839049));
#7548=CARTESIAN_POINT('',(875.523931028601,-1896.33880745066,35.5669295839049));
#7549=CARTESIAN_POINT('',(879.141878253345,-1892.72055526537,35.5669295839049));
#7550=CARTESIAN_POINT('',(881.472705882304,-1890.38953116852,35.5669295839049));
#7551=CARTESIAN_POINT('',(883.978557986859,-1888.2333483826,35.5669295839049));
#7552=CARTESIAN_POINT('',(886.630188870657,-1886.27485824268,35.5669295839049));
#7553=CARTESIAN_POINT('',(888.094452176388,-1885.19335581184,35.5669295839049));
#7554=CARTESIAN_POINT('',(889.603169040436,-1884.17213747456,35.5669295839049));
#7555=CARTESIAN_POINT('',(891.151329733338,-1883.21470435126,35.5669295839049));
#7556=CARTESIAN_POINT('',(893.114845904815,-1878.61562453676,32.5669295839049));
#7557=CARTESIAN_POINT('',(893.114845938716,-1878.61562459824,32.6515041931032));
#7558=CARTESIAN_POINT('',(893.11863934131,-1878.62217803202,32.8234207591384));
#7559=CARTESIAN_POINT('',(893.135330948963,-1878.65109577453,33.0831795523471));
#7560=CARTESIAN_POINT('',(893.164324985043,-1878.7013129663,33.3462071887154));
#7561=CARTESIAN_POINT('',(893.206117655647,-1878.77370055202,33.6091838486936));
#7562=CARTESIAN_POINT('',(893.261045424598,-1878.86883809988,33.8684740542629));
#7563=CARTESIAN_POINT('',(893.329065301599,-1878.98665203683,34.1202345481258));
#7564=CARTESIAN_POINT('',(893.40977199318,-1879.12644012904,34.3605835346753));
#7565=CARTESIAN_POINT('',(893.502377613103,-1879.28683778408,34.5857795656163));
#7566=CARTESIAN_POINT('',(893.605734635881,-1879.4658574123,34.7924057891113));
#7567=CARTESIAN_POINT('',(893.718380489776,-1879.66096576529,34.9775383432518));
#7568=CARTESIAN_POINT('',(893.838606084487,-1879.86920262725,35.1388828237709));
#7569=CARTESIAN_POINT('',(893.964539974312,-1880.0873264971,35.2748653460573));
#7570=CARTESIAN_POINT('',(894.09424051729,-1880.31197457921,35.3846713398834));
#7571=CARTESIAN_POINT('',(894.225785388469,-1880.53981648863,35.468230702397));
#7572=CARTESIAN_POINT('',(894.357356048217,-1880.76770537041,35.5261590345749));
#7573=CARTESIAN_POINT('',(894.487262066422,-1880.99270277696,35.5596450907933));
#7574=CARTESIAN_POINT('',(894.573226636195,-1881.14161327331,35.5669295839049));
#7575=CARTESIAN_POINT('',(894.61550230024,-1881.21483687413,35.5669295839049));
#7576=CARTESIAN_POINT('',(893.114845904815,-1878.61562453676,32.5669295839049));
#7577=CARTESIAN_POINT('',(895.188219527783,-1877.49687038997,32.5669295839049));
#7578=CARTESIAN_POINT('',(897.318482584527,-1876.48361431993,32.5669295839049));
#7579=CARTESIAN_POINT('',(899.495034599316,-1875.58202524533,32.5669295839049));
#7580=CARTESIAN_POINT('',(904.467300726182,-1873.52237273737,32.5669295839049));
#7581=CARTESIAN_POINT('',(909.681139653778,-1872.04548791267,32.5669295839049));
#7582=CARTESIAN_POINT('',(914.994779828121,-1871.18989833715,32.5669295839049));
#7583=CARTESIAN_POINT('',(917.97560293434,-1870.70993336164,32.5669295839049));
#7584=CARTESIAN_POINT('',(920.987832869649,-1870.42548612103,32.5669295839049));
#7585=CARTESIAN_POINT('',(924.005776564887,-1870.33826180521,32.5669295839049));
#7586=CARTESIAN_POINT('',(924.005776293365,-1873.33958929728,35.5669295839049));
#7587=CARTESIAN_POINT('',(924.005776290824,-1873.25497907558,35.566929372757));
#7588=CARTESIAN_POINT('',(924.0057766213,-1873.08297615411,35.5596549788603));
#7589=CARTESIAN_POINT('',(924.005776475199,-1872.82310950159,35.5261583529171));
#7590=CARTESIAN_POINT('',(924.005776500443,-1872.55996394844,35.4682309082174));
#7591=CARTESIAN_POINT('',(924.005776480963,-1872.29687196883,35.384671313246));
#7592=CARTESIAN_POINT('',(924.005776471686,-1872.03746809433,35.2748654015831));
#7593=CARTESIAN_POINT('',(924.005776459486,-1871.78559772915,35.1388828767645));
#7594=CARTESIAN_POINT('',(924.005776447514,-1871.54514399795,34.9775384167871));
#7595=CARTESIAN_POINT('',(924.005776435101,-1871.31984987834,34.7924058744524));
#7596=CARTESIAN_POINT('',(924.005776422668,-1871.11313359554,34.585779659401));
#7597=CARTESIAN_POINT('',(924.005776410235,-1870.92792024309,34.3605836335298));
#7598=CARTESIAN_POINT('',(924.00577639835,-1870.76650521861,34.1202346356988));
#7599=CARTESIAN_POINT('',(924.005776385842,-1870.63046313805,33.8684741622556));
#7600=CARTESIAN_POINT('',(924.005776377699,-1870.52060890099,33.6091838350758));
#7601=CARTESIAN_POINT('',(924.005776356467,-1870.43701289446,33.3462075474413));
#7602=CARTESIAN_POINT('',(924.005776385592,-1870.37905844294,33.083178491375));
#7603=CARTESIAN_POINT('',(924.005776237949,-1870.34555173936,32.8234273980712));
#7604=CARTESIAN_POINT('',(924.005776567436,-1870.33826195378,32.651501469747));
#7605=CARTESIAN_POINT('',(924.005776564887,-1870.33826180521,32.5669295839049));
#7606=CARTESIAN_POINT('',(894.61550230024,-1881.21483687413,35.5669295839049));
#7607=CARTESIAN_POINT('',(896.575043827354,-1880.16080052373,35.5669295839049));
#7608=CARTESIAN_POINT('',(898.587498222497,-1879.20519747761,35.5669295839049));
#7609=CARTESIAN_POINT('',(900.643109120833,-1878.35370556881,35.5669295839049));
#7610=CARTESIAN_POINT('',(905.400045155923,-1876.38324873389,35.5669295839049));
#7611=CARTESIAN_POINT('',(910.388091356441,-1874.97032414529,35.5669295839049));
#7612=CARTESIAN_POINT('',(915.471621028276,-1874.15178644098,35.5669295839049));
#7613=CARTESIAN_POINT('',(918.29484079786,-1873.69719839329,35.5669295839049));
#7614=CARTESIAN_POINT('',(921.147510672399,-1873.42593795071,35.5669295839049));
#7615=CARTESIAN_POINT('',(924.005776293365,-1873.33958929728,35.5669295839049));
#7616=CARTESIAN_POINT('',(928.005776202575,-1870.33826180515,32.5669295839049));
#7617=CARTESIAN_POINT('',(928.005776200025,-1870.33826195371,32.6515014697471));
#7618=CARTESIAN_POINT('',(928.0057765297,-1870.3455517393,32.8234273980711));
#7619=CARTESIAN_POINT('',(928.005776381974,-1870.37905844288,33.0831784913751));
#7620=CARTESIAN_POINT('',(928.005776411117,-1870.4370128944,33.3462075474413));
#7621=CARTESIAN_POINT('',(928.005776389875,-1870.52060890093,33.6091838350759));
#7622=CARTESIAN_POINT('',(928.005776381728,-1870.63046313799,33.8684741622556));
#7623=CARTESIAN_POINT('',(928.005776369215,-1870.76650521855,34.1202346356988));
#7624=CARTESIAN_POINT('',(928.005776357325,-1870.92792024303,34.3605836335299));
#7625=CARTESIAN_POINT('',(928.005776344886,-1871.11313359548,34.5857796594011));
#7626=CARTESIAN_POINT('',(928.005776332448,-1871.31984987828,34.7924058744524));
#7627=CARTESIAN_POINT('',(928.00577632003,-1871.54514399788,34.9775384167871));
#7628=CARTESIAN_POINT('',(928.005776308054,-1871.78559772908,35.1388828767645));
#7629=CARTESIAN_POINT('',(928.005776295848,-1872.03746809426,35.2748654015831));
#7630=CARTESIAN_POINT('',(928.005776286566,-1872.29687196877,35.384671313246));
#7631=CARTESIAN_POINT('',(928.005776267082,-1872.55996394838,35.4682309082174));
#7632=CARTESIAN_POINT('',(928.005776292322,-1872.82310950152,35.5261583529171));
#7633=CARTESIAN_POINT('',(928.005776146216,-1873.08297615404,35.5596549788603));
#7634=CARTESIAN_POINT('',(928.00577647669,-1873.25497907551,35.566929372757));
#7635=CARTESIAN_POINT('',(928.005776474148,-1873.33958929722,35.5669295839049));
#7636=CARTESIAN_POINT('',(928.005776202575,-1870.33826180515,32.5669295839049));
#7637=CARTESIAN_POINT('',(931.023719898112,-1870.42548612088,32.5669295839049));
#7638=CARTESIAN_POINT('',(934.035949833724,-1870.70993336143,32.5669295839049));
#7639=CARTESIAN_POINT('',(937.016772940245,-1871.18989833693,32.5669295839049));
#7640=CARTESIAN_POINT('',(942.330413115051,-1872.04548791242,32.5669295839048));
#7641=CARTESIAN_POINT('',(947.544252043104,-1873.52237273719,32.5669295839049));
#7642=CARTESIAN_POINT('',(952.516518170387,-1875.58202524533,32.5669295839049));
#7643=CARTESIAN_POINT('',(954.693070184501,-1876.48361431965,32.5669295839049));
#7644=CARTESIAN_POINT('',(956.823333240599,-1877.49687038935,32.5669295839049));
#7645=CARTESIAN_POINT('',(958.896706862958,-1878.61562453573,32.5669295839049));
#7646=CARTESIAN_POINT('',(957.396050467533,-1881.2148368731,35.5669295839049));
#7647=CARTESIAN_POINT('',(957.438326131577,-1881.14161327228,35.5669295839049));
#7648=CARTESIAN_POINT('',(957.52429070135,-1880.99270277593,35.5596450907933));
#7649=CARTESIAN_POINT('',(957.654196719556,-1880.76770536938,35.5261590345749));
#7650=CARTESIAN_POINT('',(957.785767379304,-1880.5398164876,35.468230702397));
#7651=CARTESIAN_POINT('',(957.917312250483,-1880.31197457818,35.3846713398833));
#7652=CARTESIAN_POINT('',(958.047012793462,-1880.08732649607,35.2748653460574));
#7653=CARTESIAN_POINT('',(958.172946683286,-1879.86920262622,35.1388828237708));
#7654=CARTESIAN_POINT('',(958.293172277997,-1879.66096576426,34.977538343252));
#7655=CARTESIAN_POINT('',(958.405818131892,-1879.46585741126,34.7924057891112));
#7656=CARTESIAN_POINT('',(958.509175154671,-1879.28683778305,34.5857795656163));
#7657=CARTESIAN_POINT('',(958.601780774593,-1879.12644012801,34.3605835346753));
#7658=CARTESIAN_POINT('',(958.682487466175,-1878.9866520358,34.1202345481259));
#7659=CARTESIAN_POINT('',(958.750507343176,-1878.86883809885,33.8684740542629));
#7660=CARTESIAN_POINT('',(958.805435112126,-1878.77370055099,33.6091838486936));
#7661=CARTESIAN_POINT('',(958.847227782732,-1878.70131296526,33.3462071887155));
#7662=CARTESIAN_POINT('',(958.876221818809,-1878.6510957735,33.0831795523471));
#7663=CARTESIAN_POINT('',(958.892913426464,-1878.62217803099,32.8234207591385));
#7664=CARTESIAN_POINT('',(958.896706829057,-1878.61562459721,32.6515041931032));
#7665=CARTESIAN_POINT('',(958.896706862958,-1878.61562453573,32.5669295839049));
#7666=CARTESIAN_POINT('',(928.005776474148,-1873.33958929722,35.5669295839049));
#7667=CARTESIAN_POINT('',(930.864042095398,-1873.42593795056,35.5669295839049));
#7668=CARTESIAN_POINT('',(933.716711970225,-1873.69719839309,35.5669295839049));
#7669=CARTESIAN_POINT('',(936.539931740096,-1874.15178644077,35.5669295839049));
#7670=CARTESIAN_POINT('',(941.623461412385,-1874.97032414504,35.5669295839049));
#7671=CARTESIAN_POINT('',(946.611507613352,-1876.38324873372,35.5669295839049));
#7672=CARTESIAN_POINT('',(951.368443648854,-1878.35370556881,35.5669295839049));
#7673=CARTESIAN_POINT('',(953.424054546521,-1879.20519747733,35.5669295839049));
#7674=CARTESIAN_POINT('',(955.436508941023,-1880.16080052311,35.5669295839049));
#7675=CARTESIAN_POINT('',(957.396050467533,-1881.2148368731,35.5669295839049));
#7676=CARTESIAN_POINT('',(962.360914058643,-1880.61543619253,32.5669295839049));
#7677=CARTESIAN_POINT('',(962.360913640785,-1880.61543689762,32.6515002427829));
#7678=CARTESIAN_POINT('',(962.357329550995,-1880.62163786219,32.8234303951689));
#7679=CARTESIAN_POINT('',(962.34054944882,-1880.65070461445,33.083178023431));
#7680=CARTESIAN_POINT('',(962.311577859219,-1880.70088401846,33.3462077248359));
#7681=CARTESIAN_POINT('',(962.269776183659,-1880.77328678761,33.6091838496685));
#7682=CARTESIAN_POINT('',(962.21484774491,-1880.86842549212,33.8684742357435));
#7683=CARTESIAN_POINT('',(962.146824522529,-1880.98624510048,34.1202347026543));
#7684=CARTESIAN_POINT('',(962.066114879091,-1881.12603821038,34.3605837065245));
#7685=CARTESIAN_POINT('',(961.973505906114,-1881.28644156741,34.585779729234));
#7686=CARTESIAN_POINT('',(961.870145400308,-1881.46546712367,34.7924059380267));
#7687=CARTESIAN_POINT('',(961.757495923706,-1881.66058164915,34.9775384710638));
#7688=CARTESIAN_POINT('',(961.637266630801,-1881.86882480784,35.1388829180732));
#7689=CARTESIAN_POINT('',(961.511329033994,-1882.08695502562,35.2748654365981));
#7690=CARTESIAN_POINT('',(961.381624760138,-1882.31160938332,35.3846713173355));
#7691=CARTESIAN_POINT('',(961.250076418614,-1882.53945754331,35.4682309764005));
#7692=CARTESIAN_POINT('',(961.118501740778,-1882.76735213326,35.526158152847));
#7693=CARTESIAN_POINT('',(960.988565380472,-1882.99240615424,35.5596557130304));
#7694=CARTESIAN_POINT('',(960.902565000369,-1883.14136868201,35.5669278437952));
#7695=CARTESIAN_POINT('',(960.860259255417,-1883.21464436437,35.5669295839049));
#7696=CARTESIAN_POINT('',(962.360914058643,-1880.61543619253,32.5669295839049));
#7697=CARTESIAN_POINT('',(966.938842295993,-1883.43880350117,32.5669295839049));
#7698=CARTESIAN_POINT('',(971.187533206121,-1886.79608437553,32.5669295839049));
#7699=CARTESIAN_POINT('',(974.990921171166,-1890.59915115805,32.5669295839049));
#7700=CARTESIAN_POINT('',(977.427463336869,-1893.03548756648,32.5669295839049));
#7701=CARTESIAN_POINT('',(979.681253487406,-1895.65477419779,32.5669295839049));
#7702=CARTESIAN_POINT('',(981.728395220653,-1898.42643064289,32.5669295839049));
#7703=CARTESIAN_POINT('',(982.876789878673,-1899.98125970222,32.5669295839049));
#7704=CARTESIAN_POINT('',(983.960153813051,-1901.58403841141,32.5669295839049));
#7705=CARTESIAN_POINT('',(984.974653319915,-1903.2292804482,32.5669295839049));
#7706=CARTESIAN_POINT('',(982.375450105919,-1904.72993142035,35.5669295839049));
#7707=CARTESIAN_POINT('',(982.448717184454,-1904.68763065388,35.5669295839049));
#7708=CARTESIAN_POINT('',(982.597667838569,-1904.60163262059,35.5596534233015));
#7709=CARTESIAN_POINT('',(982.822711584873,-1904.47170411244,35.5261584800976));
#7710=CARTESIAN_POINT('',(983.050601995987,-1904.34013136688,35.4682308754017));
#7711=CARTESIAN_POINT('',(983.278446056753,-1904.20858558637,35.3846713272057));
#7712=CARTESIAN_POINT('',(983.50309605345,-1904.07888384171,35.2748654055101));
#7713=CARTESIAN_POINT('',(983.721221804516,-1903.95294888902,35.1388828866764));
#7714=CARTESIAN_POINT('',(983.92946041961,-1903.83272227253,34.9775384282762));
#7715=CARTESIAN_POINT('',(984.124570392429,-1903.72007548253,34.7924058882866));
#7716=CARTESIAN_POINT('',(984.303591459243,-1903.6167176265,34.5857796745894));
#7717=CARTESIAN_POINT('',(984.463990418565,-1903.52411124911,34.3605836491249));
#7718=CARTESIAN_POINT('',(984.603779416503,-1903.44340403901,34.1202346511059));
#7719=CARTESIAN_POINT('',(984.721594760552,-1903.37538332127,33.8684741749459));
#7720=CARTESIAN_POINT('',(984.816730889406,-1903.32045646325,33.6091838500445));
#7721=CARTESIAN_POINT('',(984.889126289935,-1903.27865893816,33.3462075432527));
#7722=CARTESIAN_POINT('',(984.939317055281,-1903.24968138159,33.0831785431408));
#7723=CARTESIAN_POINT('',(984.968329789711,-1903.2329305484,32.8234271221237));
#7724=CARTESIAN_POINT('',(984.974653343688,-1903.22928043343,32.6515015846297));
#7725=CARTESIAN_POINT('',(984.974653319915,-1903.2292804482,32.5669295839049));
#7726=CARTESIAN_POINT('',(960.860259255417,-1883.21464436437,35.5669295839049));
#7727=CARTESIAN_POINT('',(965.211836789572,-1885.90628483527,35.5669295839049));
#7728=CARTESIAN_POINT('',(969.251347006951,-1889.10253271652,35.5669295839049));
#7729=CARTESIAN_POINT('',(972.869599192591,-1892.72047994162,35.5669295839049));
#7730=CARTESIAN_POINT('',(975.200623289228,-1895.05130757036,35.5669295839049));
#7731=CARTESIAN_POINT('',(977.356806074966,-1897.55715967467,35.5669295839049));
#7732=CARTESIAN_POINT('',(979.315296214742,-1900.2087905582,35.5669295839049));
#7733=CARTESIAN_POINT('',(980.396798645489,-1901.67305386376,35.5669295839049));
#7734=CARTESIAN_POINT('',(981.418016982684,-1903.18177072763,35.5669295839049));
#7735=CARTESIAN_POINT('',(982.375450105919,-1904.72993142035,35.5669295839049));
#7736=CARTESIAN_POINT('',(986.974643763152,-1906.69338616303,32.5669295839049));
#7737=CARTESIAN_POINT('',(986.974643771191,-1906.69338615887,32.6515018858166));
#7738=CARTESIAN_POINT('',(986.96829403578,-1906.69705401387,32.8234263784805));
#7739=CARTESIAN_POINT('',(986.939292220525,-1906.71379746181,33.0831786444742));
#7740=CARTESIAN_POINT('',(986.889098622205,-1906.74277696343,33.3462074785827));
#7741=CARTESIAN_POINT('',(986.816704377683,-1906.78457374292,33.6091838186902));
#7742=CARTESIAN_POINT('',(986.721568441882,-1906.83950051946,33.8684741236539));
#7743=CARTESIAN_POINT('',(986.603753701741,-1906.90752088911,34.1202345978681));
#7744=CARTESIAN_POINT('',(986.463965336293,-1906.98822774301,34.3605835931734));
#7745=CARTESIAN_POINT('',(986.303567134892,-1907.08083368978,34.5857796206309));
#7746=CARTESIAN_POINT('',(986.124546913139,-1907.18419106531,34.7924058393125));
#7747=CARTESIAN_POINT('',(985.929437868134,-1907.29683732766,34.9775383867225));
#7748=CARTESIAN_POINT('',(985.721200245524,-1907.41706337592,35.138882854459));
#7749=CARTESIAN_POINT('',(985.503075543027,-1907.54299773923,35.2748653809916));
#7750=CARTESIAN_POINT('',(985.278426612009,-1907.67269884235,35.3846713165059));
#7751=CARTESIAN_POINT('',(985.050583699761,-1907.80424407999,35.4682308518502));
#7752=CARTESIAN_POINT('',(984.822694218864,-1907.93581588936,35.5261585320468));
#7753=CARTESIAN_POINT('',(984.597656370117,-1908.06574241782,35.5596526011717));
#7754=CARTESIAN_POINT('',(984.448709228847,-1908.15173501148,35.5669295839049));
#7755=CARTESIAN_POINT('',(984.375446732354,-1908.19403313403,35.5669295839049));
#7756=CARTESIAN_POINT('',(986.974643763152,-1906.69338616303,32.5669295839049));
#7757=CARTESIAN_POINT('',(987.332973856018,-1907.35750317725,32.5669295839049));
#7758=CARTESIAN_POINT('',(987.680454637191,-1908.02747544244,32.5669295839049));
#7759=CARTESIAN_POINT('',(988.016873556054,-1908.70296213704,32.5669295839049));
#7760=CARTESIAN_POINT('',(989.754866250402,-1912.19263193416,32.5669295839049));
#7761=CARTESIAN_POINT('',(991.19762701865,-1915.82947727611,32.5669295839049));
#7762=CARTESIAN_POINT('',(992.324155733126,-1919.56165470214,32.5669295839049));
#7763=CARTESIAN_POINT('',(994.088014528091,-1925.40529977987,32.5669295839049));
#7764=CARTESIAN_POINT('',(995.076610450142,-1931.48265748889,32.5669295839049));
#7765=CARTESIAN_POINT('',(995.25210040528,-1937.58437227391,32.5669295839049));
#7766=CARTESIAN_POINT('',(992.250748640216,-1937.58437471727,35.5669295839049));
#7767=CARTESIAN_POINT('',(992.33536312268,-1937.58437468014,35.5669217460026));
#7768=CARTESIAN_POINT('',(992.507375061604,-1937.58438695455,35.5596586511626));
#7769=CARTESIAN_POINT('',(992.767255936289,-1937.58438164963,35.5261573436178));
#7770=CARTESIAN_POINT('',(993.0304170957,-1937.58438288852,35.4682312107794));
#7771=CARTESIAN_POINT('',(993.293525808188,-1937.58438228505,35.3846712560968));
#7772=CARTESIAN_POINT('',(993.552947433982,-1937.58438217345,35.2748654500289));
#7773=CARTESIAN_POINT('',(993.804836366751,-1937.58438191212,35.1388829029945));
#7774=CARTESIAN_POINT('',(994.045309256163,-1937.58438168044,34.9775384554974));
#7775=CARTESIAN_POINT('',(994.270622877252,-1937.58438143344,34.7924059152044));
#7776=CARTESIAN_POINT('',(994.477358703603,-1937.58438118684,34.5857797020139));
#7777=CARTESIAN_POINT('',(994.662591477394,-1937.5843809437,34.3605836787929));
#7778=CARTESIAN_POINT('',(994.824025119264,-1937.58438069684,34.120234667813));
#7779=CARTESIAN_POINT('',(994.960086287731,-1937.58438049161,33.8684742291124));
#7780=CARTESIAN_POINT('',(995.069954310221,-1937.58438017593,33.6091837523459));
#7781=CARTESIAN_POINT('',(995.153578780802,-1937.58438031433,33.3462079757703));
#7782=CARTESIAN_POINT('',(995.211503539658,-1937.5843788811,33.0831770470541));
#7783=CARTESIAN_POINT('',(995.245182545106,-1937.58438314831,32.823436218589));
#7784=CARTESIAN_POINT('',(995.252096401806,-1937.58437232437,32.6514978441504));
#7785=CARTESIAN_POINT('',(995.25210040528,-1937.58437227391,32.5669295839049));
#7786=CARTESIAN_POINT('',(984.375446732354,-1908.19403313403,35.5669295839049));
#7787=CARTESIAN_POINT('',(984.703746530231,-1908.80440291366,35.5669295839049));
#7788=CARTESIAN_POINT('',(985.02247310573,-1909.41992294924,35.5669295839049));
#7789=CARTESIAN_POINT('',(985.331446526999,-1910.04030470407,35.5669295839049));
#7790=CARTESIAN_POINT('',(986.994167705096,-1913.3788503887,35.5669295839049));
#7791=CARTESIAN_POINT('',(988.374438801254,-1916.85819083202,35.5669295839049));
#7792=CARTESIAN_POINT('',(989.452175283104,-1920.42874335766,35.5669295839049));
#7793=CARTESIAN_POINT('',(991.131292034855,-1925.99167516871,35.5669295839049));
#7794=CARTESIAN_POINT('',(992.076044257168,-1931.77601277848,35.5669295839049));
#7795=CARTESIAN_POINT('',(992.250748640216,-1937.58437471727,35.5669295839049));
#7796=CARTESIAN_POINT('',(995.252100405405,-1941.58438386797,32.5669295839049));
#7797=CARTESIAN_POINT('',(995.252096401936,-1941.58438381751,32.6514978441461));
#7798=CARTESIAN_POINT('',(995.245182545246,-1941.58437299357,32.8234362185772));
#7799=CARTESIAN_POINT('',(995.211503539811,-1941.58437726079,33.0831770470332));
#7800=CARTESIAN_POINT('',(995.153578780967,-1941.58437582755,33.3462079757435));
#7801=CARTESIAN_POINT('',(995.069954310398,-1941.58437596595,33.6091837523159));
#7802=CARTESIAN_POINT('',(994.960086287918,-1941.58437565027,33.8684742290818));
#7803=CARTESIAN_POINT('',(994.824025119459,-1941.58437544504,34.1202346677839));
#7804=CARTESIAN_POINT('',(994.662591477595,-1941.58437519818,34.3605836787669));
#7805=CARTESIAN_POINT('',(994.477358703809,-1941.58437495504,34.5857797019921));
#7806=CARTESIAN_POINT('',(994.270622877461,-1941.58437470844,34.792405915187));
#7807=CARTESIAN_POINT('',(994.045309256374,-1941.58437446144,34.9775384554846));
#7808=CARTESIAN_POINT('',(993.804836366964,-1941.58437422976,35.138882902986));
#7809=CARTESIAN_POINT('',(993.552947434196,-1941.58437396843,35.2748654500233));
#7810=CARTESIAN_POINT('',(993.293525808404,-1941.58437385683,35.384671256094));
#7811=CARTESIAN_POINT('',(993.030417095918,-1941.58437325336,35.4682312107782));
#7812=CARTESIAN_POINT('',(992.767255936512,-1941.58437449225,35.5261573436171));
#7813=CARTESIAN_POINT('',(992.507375061832,-1941.58436918733,35.5596586511637));
#7814=CARTESIAN_POINT('',(992.335363122913,-1941.58438146174,35.5669217460001));
#7815=CARTESIAN_POINT('',(992.25074864045,-1941.58438142461,35.5669295839049));
#7816=CARTESIAN_POINT('',(995.252100405405,-1941.58438386797,32.5669295839049));
#7817=CARTESIAN_POINT('',(995.076610450621,-1947.68609865406,32.5669295839049));
#7818=CARTESIAN_POINT('',(994.088014528635,-1953.76345636419,32.5669295839049));
#7819=CARTESIAN_POINT('',(992.324155733463,-1959.60710144297,32.5669295839049));
#7820=CARTESIAN_POINT('',(991.197627019201,-1963.33927886852,32.5669295839049));
#7821=CARTESIAN_POINT('',(989.754866251252,-1966.97612421002,32.5669295839049));
#7822=CARTESIAN_POINT('',(988.016873557275,-1970.46579400674,32.5669295839049));
#7823=CARTESIAN_POINT('',(987.680454638637,-1971.14128070095,32.5669295839049));
#7824=CARTESIAN_POINT('',(987.332973857702,-1971.81125296577,32.5669295839049));
#7825=CARTESIAN_POINT('',(986.974643765086,-1972.47536997962,32.5669295839049));
#7826=CARTESIAN_POINT('',(984.37544673423,-1970.97472300871,35.5669295839049));
#7827=CARTESIAN_POINT('',(984.448709230718,-1971.01702113125,35.5669295839049));
#7828=CARTESIAN_POINT('',(984.597656372069,-1971.10301372477,35.5596526011709));
#7829=CARTESIAN_POINT('',(984.822694220774,-1971.23294025328,35.5261585320468));
#7830=CARTESIAN_POINT('',(985.050583701678,-1971.36451206263,35.4682308518502));
#7831=CARTESIAN_POINT('',(985.278426613921,-1971.49605730029,35.3846713165062));
#7832=CARTESIAN_POINT('',(985.503075544939,-1971.6257584034,35.2748653809918));
#7833=CARTESIAN_POINT('',(985.721200247433,-1971.75169276672,35.13888285446));
#7834=CARTESIAN_POINT('',(985.929437870041,-1971.87191881498,34.9775383867231));
#7835=CARTESIAN_POINT('',(986.124546915045,-1971.98456507733,34.792405839314));
#7836=CARTESIAN_POINT('',(986.303567136798,-1972.08792245287,34.5857796206326));
#7837=CARTESIAN_POINT('',(986.463965338198,-1972.18052839964,34.3605835931757));
#7838=CARTESIAN_POINT('',(986.603753703647,-1972.26123525355,34.1202345978705));
#7839=CARTESIAN_POINT('',(986.721568443789,-1972.32925562319,33.8684741236565));
#7840=CARTESIAN_POINT('',(986.816704379591,-1972.38418239974,33.6091838186928));
#7841=CARTESIAN_POINT('',(986.889098624115,-1972.42597917923,33.346207478585));
#7842=CARTESIAN_POINT('',(986.93929222244,-1972.45495868086,33.0831786444761));
#7843=CARTESIAN_POINT('',(986.968294037687,-1972.47170212882,32.8234263784816));
#7844=CARTESIAN_POINT('',(986.974643773124,-1972.47536998378,32.6515018858169));
#7845=CARTESIAN_POINT('',(986.974643765086,-1972.47536997962,32.5669295839049));
#7846=CARTESIAN_POINT('',(992.25074864045,-1941.58438142461,35.5669295839049));
#7847=CARTESIAN_POINT('',(992.076044257261,-1947.39274336446,35.5669295839049));
#7848=CARTESIAN_POINT('',(991.131292035354,-1953.17708097533,35.5669295839049));
#7849=CARTESIAN_POINT('',(989.452175283477,-1958.74001278741,35.5669295839049));
#7850=CARTESIAN_POINT('',(988.374438801889,-1962.31056531258,35.5669295839049));
#7851=CARTESIAN_POINT('',(986.994167705968,-1965.78990575545,35.5669295839049));
#7852=CARTESIAN_POINT('',(985.331446528231,-1969.12845143969,35.5669295839049));
#7853=CARTESIAN_POINT('',(985.022473107165,-1969.74883319417,35.5669295839049));
#7854=CARTESIAN_POINT('',(984.703746531881,-1970.36435322941,35.5669295839049));
#7855=CARTESIAN_POINT('',(984.37544673423,-1970.97472300871,35.5669295839049));
#7856=CARTESIAN_POINT('',(984.974718265732,-1975.93951574643,32.5669295839049));
#7857=CARTESIAN_POINT('',(984.974717560642,-1975.93951532857,32.6515002427831));
#7858=CARTESIAN_POINT('',(984.968516595743,-1975.93593123932,32.8234303951685));
#7859=CARTESIAN_POINT('',(984.939449843625,-1975.9191511369,33.0831780234311));
#7860=CARTESIAN_POINT('',(984.889270439587,-1975.89017954735,33.3462077248359));
#7861=CARTESIAN_POINT('',(984.81686767045,-1975.84837787176,33.6091838496685));
#7862=CARTESIAN_POINT('',(984.721728965944,-1975.79344943301,33.8684742357435));
#7863=CARTESIAN_POINT('',(984.603909357598,-1975.72542621061,34.1202347026543));
#7864=CARTESIAN_POINT('',(984.464116247702,-1975.64471656716,34.3605837065245));
#7865=CARTESIAN_POINT('',(984.303712890683,-1975.55210759417,34.5857797292343));
#7866=CARTESIAN_POINT('',(984.124687334432,-1975.44874708834,34.7924059380264));
#7867=CARTESIAN_POINT('',(983.929572808961,-1975.33609761173,34.977538471064));
#7868=CARTESIAN_POINT('',(983.721329650283,-1975.21586831881,35.1388829180733));
#7869=CARTESIAN_POINT('',(983.503199432513,-1975.08993072198,35.2748654365981));
#7870=CARTESIAN_POINT('',(983.278545074823,-1974.96022644812,35.3846713173356));
#7871=CARTESIAN_POINT('',(983.050696914844,-1974.82867810658,35.4682309764006));
#7872=CARTESIAN_POINT('',(982.822802324893,-1974.69710342873,35.526158152847));
#7873=CARTESIAN_POINT('',(982.597748303923,-1974.56716706841,35.5596557130305));
#7874=CARTESIAN_POINT('',(982.448785776157,-1974.4811666883,35.5669278437953));
#7875=CARTESIAN_POINT('',(982.375510093801,-1974.43886094335,35.5669295839049));
#7876=CARTESIAN_POINT('',(984.974718265732,-1975.93951574643,32.5669295839049));
#7877=CARTESIAN_POINT('',(982.15135095702,-1980.51744398401,32.5669295839049));
#7878=CARTESIAN_POINT('',(976.643314890657,-1987.48794887886,32.5669295839049));
#7879=CARTESIAN_POINT('',(968.466026806634,-1994.52417436156,32.5669295839049));
#7880=CARTESIAN_POINT('',(964.006116046249,-1997.53875550153,32.5669295839049));
#7881=CARTESIAN_POINT('',(962.360874009421,-1998.5532550084,32.5669295839049));
#7882=CARTESIAN_POINT('',(960.860223037276,-1995.9540517944,35.5669295839049));
#7883=CARTESIAN_POINT('',(960.902523803745,-1996.02731887293,35.5669295839049));
#7884=CARTESIAN_POINT('',(960.988521837031,-1996.17626952705,35.5596534233015));
#7885=CARTESIAN_POINT('',(961.118450345177,-1996.40131327335,35.5261584800975));
#7886=CARTESIAN_POINT('',(961.250023090745,-1996.62920368447,35.4682308754018));
#7887=CARTESIAN_POINT('',(961.381568871253,-1996.85704774523,35.3846713272056));
#7888=CARTESIAN_POINT('',(961.511270615911,-1997.08169774193,35.2748654055102));
#7889=CARTESIAN_POINT('',(961.637205568597,-1997.299823493,35.1388828866763));
#7890=CARTESIAN_POINT('',(961.757432185091,-1997.50806210809,34.9775384282763));
#7891=CARTESIAN_POINT('',(961.870078975088,-1997.70317208091,34.7924058882867));
#7892=CARTESIAN_POINT('',(961.973436831124,-1997.88219314772,34.5857796745892));
#7893=CARTESIAN_POINT('',(962.066043208515,-1998.04259210705,34.3605836491251));
#7894=CARTESIAN_POINT('',(962.146750418615,-1998.18238110498,34.1202346511059));
#7895=CARTESIAN_POINT('',(962.214771136346,-1998.30019644903,33.8684741749458));
#7896=CARTESIAN_POINT('',(962.269697994368,-1998.39533257789,33.6091838500447));
#7897=CARTESIAN_POINT('',(962.31149551946,-1998.46772797842,33.3462075432527));
#7898=CARTESIAN_POINT('',(962.340473076032,-1998.51791874376,33.0831785431408));
#7899=CARTESIAN_POINT('',(962.35722390922,-1998.54693147819,32.8234271221237));
#7900=CARTESIAN_POINT('',(962.360874024192,-1998.55325503217,32.6515015846298));
#7901=CARTESIAN_POINT('',(962.360874009421,-1998.5532550084,32.5669295839049));
#7902=CARTESIAN_POINT('',(982.375510093801,-1974.43886094335,35.5669295839049));
#7903=CARTESIAN_POINT('',(979.683869622857,-1978.79043847763,35.5669295839049));
#7904=CARTESIAN_POINT('',(974.428469850527,-1985.43236421856,35.5669295839049));
#7905=CARTESIAN_POINT('',(966.649232318938,-1992.12607851354,35.5669295839049));
#7906=CARTESIAN_POINT('',(962.408383730043,-1994.99661867115,35.5669295839049));
#7907=CARTESIAN_POINT('',(960.860223037276,-1995.9540517944,35.5669295839049));
#7908=CARTESIAN_POINT('',(928.005776476178,-2005.82916684895,35.5669295839049));
#7909=CARTESIAN_POINT('',(928.005776478716,-2005.91377707066,35.566929372757));
#7910=CARTESIAN_POINT('',(928.005776148773,-2006.08577999212,35.5596549788597));
#7911=CARTESIAN_POINT('',(928.00577629464,-2006.34564664464,35.5261583529171));
#7912=CARTESIAN_POINT('',(928.005776269446,-2006.60879219778,35.4682309082174));
#7913=CARTESIAN_POINT('',(928.005776288895,-2006.87188417739,35.3846713132461));
#7914=CARTESIAN_POINT('',(928.005776298163,-2007.1312880519,35.2748654015831));
#7915=CARTESIAN_POINT('',(928.005776310348,-2007.38315841708,35.1388828767645));
#7916=CARTESIAN_POINT('',(928.005776322304,-2007.62361214828,34.9775384167872));
#7917=CARTESIAN_POINT('',(928.005776334702,-2007.84890626789,34.7924058744524));
#7918=CARTESIAN_POINT('',(928.005776347118,-2008.05562255069,34.5857796594011));
#7919=CARTESIAN_POINT('',(928.005776359537,-2008.24083590313,34.3605836335298));
#7920=CARTESIAN_POINT('',(928.005776371406,-2008.40225092762,34.1202346356989));
#7921=CARTESIAN_POINT('',(928.005776383898,-2008.53829300818,33.8684741622555));
#7922=CARTESIAN_POINT('',(928.005776392028,-2008.64814724524,33.6091838350758));
#7923=CARTESIAN_POINT('',(928.005776413249,-2008.73174325178,33.3462075474414));
#7924=CARTESIAN_POINT('',(928.005776384105,-2008.78969770329,33.083178491375));
#7925=CARTESIAN_POINT('',(928.005776531759,-2008.82320440687,32.8234273980712));
#7926=CARTESIAN_POINT('',(928.005776202212,-2008.83049419246,32.651501469747));
#7927=CARTESIAN_POINT('',(928.005776204758,-2008.83049434102,32.5669295839049));
#7928=CARTESIAN_POINT('',(957.396050470408,-1997.95391927159,35.5669295839049));
#7929=CARTESIAN_POINT('',(955.436508943009,-1999.00795562219,35.5669295839049));
#7930=CARTESIAN_POINT('',(953.424054547559,-1999.96355866848,35.5669295839049));
#7931=CARTESIAN_POINT('',(951.368443648903,-2000.81505057742,35.5669295839049));
#7932=CARTESIAN_POINT('',(946.611507613849,-2002.78550741234,35.5669295839049));
#7933=CARTESIAN_POINT('',(941.623461413369,-2004.19843200094,35.5669295839049));
#7934=CARTESIAN_POINT('',(936.539931741571,-2005.01696970524,35.5669295839049));
#7935=CARTESIAN_POINT('',(933.716711971887,-2005.47155775296,35.5669295839049));
#7936=CARTESIAN_POINT('',(930.864042097246,-2005.74281819554,35.5669295839049));
#7937=CARTESIAN_POINT('',(928.005776476178,-2005.82916684895,35.5669295839049));
#7938=CARTESIAN_POINT('',(958.896706865831,-2000.55313160895,32.5669295839049));
#7939=CARTESIAN_POINT('',(958.89670683193,-2000.55313154747,32.6515041931032));
#7940=CARTESIAN_POINT('',(958.892913429336,-2000.54657811369,32.8234207591384));
#7941=CARTESIAN_POINT('',(958.876221821682,-2000.51766037119,33.0831795523471));
#7942=CARTESIAN_POINT('',(958.847227785603,-2000.46744317942,33.3462071887153));
#7943=CARTESIAN_POINT('',(958.805435115,-2000.39505559369,33.6091838486937));
#7944=CARTESIAN_POINT('',(958.750507346048,-2000.29991804583,33.8684740542627));
#7945=CARTESIAN_POINT('',(958.682487469049,-2000.18210410888,34.1202345481259));
#7946=CARTESIAN_POINT('',(958.601780777466,-2000.04231601667,34.3605835346753));
#7947=CARTESIAN_POINT('',(958.509175157544,-1999.88191836163,34.5857795656163));
#7948=CARTESIAN_POINT('',(958.405818134766,-1999.70289873342,34.7924057891111));
#7949=CARTESIAN_POINT('',(958.29317228087,-1999.50779038042,34.977538343252));
#7950=CARTESIAN_POINT('',(958.17294668616,-1999.29955351847,35.1388828237709));
#7951=CARTESIAN_POINT('',(958.047012796336,-1999.08142964861,35.2748653460573));
#7952=CARTESIAN_POINT('',(957.917312253357,-1998.85678156651,35.3846713398834));
#7953=CARTESIAN_POINT('',(957.785767382178,-1998.62893965709,35.468230702397));
#7954=CARTESIAN_POINT('',(957.65419672243,-1998.40105077531,35.526159034575));
#7955=CARTESIAN_POINT('',(957.524290704225,-1998.17605336875,35.5596450907933));
#7956=CARTESIAN_POINT('',(957.438326134452,-1998.0271428724,35.5669295839049));
#7957=CARTESIAN_POINT('',(957.396050470408,-1997.95391927159,35.5669295839049));
#7958=CARTESIAN_POINT('',(958.896706865831,-2000.55313160895,32.5669295839049));
#7959=CARTESIAN_POINT('',(956.823333242567,-2001.67188575595,32.5669295839049));
#7960=CARTESIAN_POINT('',(954.693070185506,-2002.68514182617,32.5669295839049));
#7961=CARTESIAN_POINT('',(952.516518170386,-2003.5867309009,32.5669295839049));
#7962=CARTESIAN_POINT('',(947.544252043532,-2005.64638340886,32.5669295839049));
#7963=CARTESIAN_POINT('',(942.330413115947,-2007.12326823356,32.5669295839048));
#7964=CARTESIAN_POINT('',(937.016772941616,-2007.97885780908,32.5669295839048));
#7965=CARTESIAN_POINT('',(934.035949835367,-2008.4588227846,32.5669295839048));
#7966=CARTESIAN_POINT('',(931.023719900027,-2008.7432700252,32.5669295839049));
#7967=CARTESIAN_POINT('',(928.005776204758,-2008.83049434102,32.5669295839049));
#7968=CARTESIAN_POINT('',(984.375446732309,-1908.19403313395,26.1669295839049));
#7969=CARTESIAN_POINT('',(984.448709124716,-1908.15173506757,26.1669295839048));
#7970=CARTESIAN_POINT('',(984.597656045513,-1908.06574259307,26.1742065666381));
#7971=CARTESIAN_POINT('',(984.822693533316,-1907.9358162593,26.2077006357625));
#7972=CARTESIAN_POINT('',(985.050582619216,-1907.8042446631,26.2656283159589));
#7973=CARTESIAN_POINT('',(985.278425104997,-1907.67269965558,26.3491878513027));
#7974=CARTESIAN_POINT('',(985.503073581811,-1907.54299879756,26.4589937868169));
#7975=CARTESIAN_POINT('',(985.721197807178,-1907.41706469171,26.5949763133489));
#7976=CARTESIAN_POINT('',(985.929434935514,-1907.29683891016,26.7563207810857));
#7977=CARTESIAN_POINT('',(986.124543475641,-1907.18419292026,26.9414533284947));
#7978=CARTESIAN_POINT('',(986.303563188942,-1907.08083581909,27.1480795471764));
#7979=CARTESIAN_POINT('',(986.463960885507,-1906.98823014474,27.3732755746335));
#7980=CARTESIAN_POINT('',(986.603748756764,-1906.90752355751,27.6136245699382));
#7981=CARTESIAN_POINT('',(986.7215630199,-1906.83950344527,27.8653850441523));
#7982=CARTESIAN_POINT('',(986.816698501651,-1906.78457691373,28.1246753491156));
#7983=CARTESIAN_POINT('',(986.889092319913,-1906.74278036428,28.387651689223));
#7984=CARTESIAN_POINT('',(986.939285523404,-1906.71380107563,28.650680523331));
#7985=CARTESIAN_POINT('',(986.968286978125,-1906.69705782254,28.910432789325));
#7986=CARTESIAN_POINT('',(986.974636492776,-1906.69339008594,29.0823572819882));
#7987=CARTESIAN_POINT('',(986.974636380727,-1906.69339014623,29.1669295839));
#7988=CARTESIAN_POINT('',(986.974636380727,-1906.69339014623,29.1669295839));
#7989=CARTESIAN_POINT('',(987.332967944174,-1907.35750703168,29.1669295838181));
#7990=CARTESIAN_POINT('',(989.47559783125,-1911.48865989248,29.1669295833113));
#7991=CARTESIAN_POINT('',(993.456649826152,-1921.52385761713,29.1669295821155));
#7992=CARTESIAN_POINT('',(995.076655223532,-1931.48265690106,29.1669295809961));
#7993=CARTESIAN_POINT('',(995.2521570736,-1937.5843706435,29.1669295803338));
#7994=CARTESIAN_POINT('',(995.2521570736,-1937.5843706435,29.1669295803338));
#7995=CARTESIAN_POINT('',(995.252152271686,-1937.58437071693,29.0823613206132));
#7996=CARTESIAN_POINT('',(995.245236726352,-1937.58438158944,28.9104229467373));
#7997=CARTESIAN_POINT('',(995.211554950728,-1937.58437740193,28.6506821188657));
#7998=CARTESIAN_POINT('',(995.153627161556,-1937.58437892234,28.387651190261));
#7999=CARTESIAN_POINT('',(995.069999418473,-1937.58437887809,28.1246754138057));
#8000=CARTESIAN_POINT('',(994.960127910421,-1937.58437929405,27.8653849371673));
#8001=CARTESIAN_POINT('',(994.824063080106,-1937.58437960463,27.6136244986014));
#8002=CARTESIAN_POINT('',(994.662625644498,-1937.58437996063,27.373275487761));
#8003=CARTESIAN_POINT('',(994.477388995263,-1937.58438031526,27.1480794646822));
#8004=CARTESIAN_POINT('',(994.270649265703,-1937.58438067415,26.9414532516354));
#8005=CARTESIAN_POINT('',(994.045331768869,-1937.58438103266,26.7563207114847));
#8006=CARTESIAN_POINT('',(993.804855085128,-1937.5843813735,26.5949762641271));
#8007=CARTESIAN_POINT('',(993.552962489652,-1937.5843817402,26.4589937172274));
#8008=CARTESIAN_POINT('',(993.293537377142,-1937.58438195211,26.3491879112876));
#8009=CARTESIAN_POINT('',(993.030425390901,-1937.58438264976,26.2656279567254));
#8010=CARTESIAN_POINT('',(992.767261199249,-1937.58438149814,26.2077018239984));
#8011=CARTESIAN_POINT('',(992.507377553897,-1937.58438688265,26.1742005165558));
#8012=CARTESIAN_POINT('',(992.335363921876,-1937.58437465722,26.1669374217778));
#8013=CARTESIAN_POINT('',(992.250748640217,-1937.58437471734,26.1669295839049));
#8014=CARTESIAN_POINT('',(984.375446732309,-1908.19403313395,26.1669295839049));
#8015=CARTESIAN_POINT('',(984.703746530226,-1908.80440291364,26.1669295839049));
#8016=CARTESIAN_POINT('',(986.737680274472,-1912.73230559534,26.1669295839049));
#8017=CARTESIAN_POINT('',(990.524905412161,-1922.27901393847,26.1669295839049));
#8018=CARTESIAN_POINT('',(992.076044257194,-1931.77601277853,26.1669295839049));
#8019=CARTESIAN_POINT('',(992.250748640217,-1937.58437471734,26.1669295839049));
#8020=CARTESIAN_POINT('',(992.250748640451,-1941.58438142461,26.1669295839049));
#8021=CARTESIAN_POINT('',(992.335363922109,-1941.58438148474,26.1669374218054));
#8022=CARTESIAN_POINT('',(992.507377554126,-1941.58436925904,26.174200516633));
#8023=CARTESIAN_POINT('',(992.767261199474,-1941.58437464367,26.2077018241651));
#8024=CARTESIAN_POINT('',(993.030425391122,-1941.58437349203,26.2656279569879));
#8025=CARTESIAN_POINT('',(993.293537377361,-1941.58437418969,26.3491879116552));
#8026=CARTESIAN_POINT('',(993.552962489868,-1941.5843744016,26.4589937177072));
#8027=CARTESIAN_POINT('',(993.804855085343,-1941.58437476831,26.5949762647257));
#8028=CARTESIAN_POINT('',(994.045331769083,-1941.58437510916,26.7563207122068));
#8029=CARTESIAN_POINT('',(994.270649265914,-1941.58437546767,26.9414532524841));
#8030=CARTESIAN_POINT('',(994.47738899547,-1941.58437582657,27.1480794656587));
#8031=CARTESIAN_POINT('',(994.662625644701,-1941.58437618121,27.3732754888634));
#8032=CARTESIAN_POINT('',(994.824063080303,-1941.58437653722,27.6136244998264));
#8033=CARTESIAN_POINT('',(994.960127910608,-1941.5843768478,27.8653849385095));
#8034=CARTESIAN_POINT('',(995.069999418651,-1941.58437726377,28.1246754152569));
#8035=CARTESIAN_POINT('',(995.153627161723,-1941.58437721953,28.3876511918121));
#8036=CARTESIAN_POINT('',(995.21155495088,-1941.58437873994,28.6506821205065));
#8037=CARTESIAN_POINT('',(995.245236726493,-1941.58437455244,28.9104229484562));
#8038=CARTESIAN_POINT('',(995.252152271817,-1941.58438542495,29.0823613223779));
#8039=CARTESIAN_POINT('',(995.252157073725,-1941.58438549838,29.1669295821193));
#8040=CARTESIAN_POINT('',(995.252157073725,-1941.58438549838,29.1669295821193));
#8041=CARTESIAN_POINT('',(995.076655224015,-1947.68609924189,29.1669295824509));
#8042=CARTESIAN_POINT('',(994.088047032715,-1953.76345587662,29.166929582793));
#8043=CARTESIAN_POINT('',(992.32417601846,-1959.60709988439,29.1669295831336));
#8044=CARTESIAN_POINT('',(991.197639500202,-1963.33927662592,29.1669295833511));
#8045=CARTESIAN_POINT('',(989.754870948746,-1966.9761212852,29.1669295835681));
#8046=CARTESIAN_POINT('',(988.016870602934,-1970.46579041124,29.1669295837814));
#8047=CARTESIAN_POINT('',(987.680450203081,-1971.14127697577,29.1669295838227));
#8048=CARTESIAN_POINT('',(987.332967945859,-1971.81124911133,29.1669295838639));
#8049=CARTESIAN_POINT('',(986.974636382656,-1972.47536599642,29.1669295839048));
#8050=CARTESIAN_POINT('',(986.974636382656,-1972.47536599642,29.1669295839048));
#8051=CARTESIAN_POINT('',(986.974636494704,-1972.47536605671,29.0823572819926));
#8052=CARTESIAN_POINT('',(986.968286980051,-1972.47169832012,28.9104327893285));
#8053=CARTESIAN_POINT('',(986.939285525326,-1972.45495506702,28.6506805233336));
#8054=CARTESIAN_POINT('',(986.889092321832,-1972.42597577837,28.3876516892247));
#8055=CARTESIAN_POINT('',(986.816698503567,-1972.38417922891,28.1246753491169));
#8056=CARTESIAN_POINT('',(986.721563021813,-1972.32925269738,27.8653850441534));
#8057=CARTESIAN_POINT('',(986.603748758675,-1972.26123258513,27.6136245699391));
#8058=CARTESIAN_POINT('',(986.463960887416,-1972.1805259979,27.373275574634));
#8059=CARTESIAN_POINT('',(986.303563190848,-1972.08792032355,27.1480795471775));
#8060=CARTESIAN_POINT('',(986.124543477548,-1971.98456322239,26.9414533284956));
#8061=CARTESIAN_POINT('',(985.92943493742,-1971.87191723248,26.7563207810865));
#8062=CARTESIAN_POINT('',(985.721197809084,-1971.75169145094,26.59497631335));
#8063=CARTESIAN_POINT('',(985.503073583717,-1971.62575734508,26.4589937868178));
#8064=CARTESIAN_POINT('',(985.278425106903,-1971.49605648707,26.3491878513037));
#8065=CARTESIAN_POINT('',(985.050582621123,-1971.36451147954,26.2656283159595));
#8066=CARTESIAN_POINT('',(984.822693535225,-1971.23293988334,26.207700635763));
#8067=CARTESIAN_POINT('',(984.597656047426,-1971.10301354958,26.1742065666389));
#8068=CARTESIAN_POINT('',(984.448709126634,-1971.01702107509,26.1669295839049));
#8069=CARTESIAN_POINT('',(984.37544673423,-1970.97472300871,26.1669295839049));
#8070=CARTESIAN_POINT('',(992.250748640451,-1941.58438142461,26.1669295839049));
#8071=CARTESIAN_POINT('',(992.076044257263,-1947.39274336447,26.1669295839049));
#8072=CARTESIAN_POINT('',(991.131292035355,-1953.17708097533,26.1669295839049));
#8073=CARTESIAN_POINT('',(989.452175283478,-1958.74001278741,26.1669295839049));
#8074=CARTESIAN_POINT('',(988.374438801889,-1962.31056531258,26.1669295839049));
#8075=CARTESIAN_POINT('',(986.994167705967,-1965.78990575545,26.1669295839049));
#8076=CARTESIAN_POINT('',(985.331446528231,-1969.12845143969,26.1669295839049));
#8077=CARTESIAN_POINT('',(985.022473107164,-1969.74883319417,26.1669295839049));
#8078=CARTESIAN_POINT('',(984.703746531881,-1970.36435322941,26.1669295839049));
#8079=CARTESIAN_POINT('',(984.37544673423,-1970.97472300871,26.1669295839049));
#8080=CARTESIAN_POINT('',(928.005776153862,-2008.83049257893,29.1669295839049));
#8081=CARTESIAN_POINT('',(928.005776152032,-2008.83049245519,29.0823576980627));
#8082=CARTESIAN_POINT('',(928.005776482984,-2008.82320272222,28.9104317697385));
#8083=CARTESIAN_POINT('',(928.005776337854,-2008.78969610473,28.6506806764347));
#8084=CARTESIAN_POINT('',(928.005776369699,-2008.73174174745,28.3876516203684));
#8085=CARTESIAN_POINT('',(928.005776351413,-2008.64814584266,28.1246753327339));
#8086=CARTESIAN_POINT('',(928.005776346404,-2008.53829171398,27.8653850055542));
#8087=CARTESIAN_POINT('',(928.005776337191,-2008.40224974728,27.613624532111));
#8088=CARTESIAN_POINT('',(928.005776328718,-2008.24083484075,27.3732755342799));
#8089=CARTESIAN_POINT('',(928.005776319771,-2008.05562160881,27.1480795084087));
#8090=CARTESIAN_POINT('',(928.00577631085,-2007.84890544737,26.9414532933573));
#8091=CARTESIAN_POINT('',(928.005776301923,-2007.62361144828,26.7563207510227));
#8092=CARTESIAN_POINT('',(928.005776293365,-2007.38315783505,26.5949762910452));
#8093=CARTESIAN_POINT('',(928.00577628446,-2007.13128758376,26.4589937662267));
#8094=CARTESIAN_POINT('',(928.005776278318,-2006.87188381767,26.3491878545638));
#8095=CARTESIAN_POINT('',(928.005776261784,-2006.60879193985,26.2656282595923));
#8096=CARTESIAN_POINT('',(928.005776289756,-2006.345646481,26.2077008148927));
#8097=CARTESIAN_POINT('',(928.005776146146,-2006.08577991463,26.1742041889495));
#8098=CARTESIAN_POINT('',(928.005776478146,-2005.91377704581,26.1669297950528));
#8099=CARTESIAN_POINT('',(928.005776476324,-2005.82916684895,26.1669295839049));
#8100=CARTESIAN_POINT('',(957.396050470408,-1997.95391927159,26.1669295839049));
#8101=CARTESIAN_POINT('',(955.436508942993,-1999.00795562219,26.1669295839049));
#8102=CARTESIAN_POINT('',(953.424054547528,-1999.96355866848,26.1669295839049));
#8103=CARTESIAN_POINT('',(951.368443648856,-2000.81505057742,26.1669295839049));
#8104=CARTESIAN_POINT('',(946.611507613765,-2002.78550741234,26.1669295839049));
#8105=CARTESIAN_POINT('',(941.623461413249,-2004.19843200095,26.1669295839049));
#8106=CARTESIAN_POINT('',(936.539931741414,-2005.01696970525,26.1669295839049));
#8107=CARTESIAN_POINT('',(933.716711971829,-2005.47155775295,26.1669295839049));
#8108=CARTESIAN_POINT('',(930.864042097291,-2005.74281819552,26.1669295839049));
#8109=CARTESIAN_POINT('',(928.005776476324,-2005.82916684895,26.1669295839049));
#8110=CARTESIAN_POINT('',(957.396050470408,-1997.95391927159,26.1669295839049));
#8111=CARTESIAN_POINT('',(957.438325834856,-1998.02714231717,26.1669295839023));
#8112=CARTESIAN_POINT('',(957.524289769574,-1998.17605163661,26.1742140770083));
#8113=CARTESIAN_POINT('',(957.654194748589,-1998.40104711727,26.2077001332175));
#8114=CARTESIAN_POINT('',(957.785764270756,-1998.62893389082,26.2656284653856));
#8115=CARTESIAN_POINT('',(957.917307913761,-1998.85677352412,26.3491878278885));
#8116=CARTESIAN_POINT('',(958.047007148675,-1999.08141918205,26.458993821703));
#8117=CARTESIAN_POINT('',(958.172939664415,-1999.29954050537,26.5949763439775));
#8118=CARTESIAN_POINT('',(958.293163835668,-1999.50777472929,26.7563208244842));
#8119=CARTESIAN_POINT('',(958.405808235567,-1999.70288038766,26.941453378612));
#8120=CARTESIAN_POINT('',(958.50916379405,-1999.88189730216,27.1480796020941));
#8121=CARTESIAN_POINT('',(958.601767960098,-2000.04229226279,27.3732756330225));
#8122=CARTESIAN_POINT('',(958.682473228462,-2000.18207771742,27.6136246195595));
#8123=CARTESIAN_POINT('',(958.750491731733,-2000.2998891085,27.8653851134105));
#8124=CARTESIAN_POINT('',(958.805418193069,-2000.39502423301,28.1246753189683));
#8125=CARTESIAN_POINT('',(958.847209636082,-2000.46740954369,28.3876519789358));
#8126=CARTESIAN_POINT('',(958.8762025351,-2000.51762462819,28.6506796152939));
#8127=CARTESIAN_POINT('',(958.892893104397,-2000.54654044636,28.9104384081871));
#8128=CARTESIAN_POINT('',(958.896685871289,-2000.55309270202,29.0823549739045));
#8129=CARTESIAN_POINT('',(958.896685605642,-2000.55309220836,29.1669295827911));
#8130=CARTESIAN_POINT('',(958.896685605642,-2000.55309220836,29.1669295827911));
#8131=CARTESIAN_POINT('',(956.82331350259,-2001.67184905318,29.1669295828709));
#8132=CARTESIAN_POINT('',(954.693051984076,-2002.68510785376,29.1669295829517));
#8133=CARTESIAN_POINT('',(952.516501517987,-2003.58669967746,29.1669295830331));
#8134=CARTESIAN_POINT('',(947.544238929843,-2005.64635846534,29.1669295832189));
#8135=CARTESIAN_POINT('',(942.330403595684,-2007.12324966706,29.1669295834076));
#8136=CARTESIAN_POINT('',(937.016766972063,-2007.9788455438,29.1669295835941));
#8137=CARTESIAN_POINT('',(934.035945857725,-2008.45881405414,29.1669295836987));
#8138=CARTESIAN_POINT('',(931.023717900855,-2008.74326480572,29.1669295838026));
#8139=CARTESIAN_POINT('',(928.005776153862,-2008.83049257893,29.1669295839049));
#8140=CARTESIAN_POINT('',(984.974733476897,-1975.9395251279,29.1669295839049));
#8141=CARTESIAN_POINT('',(982.151363370772,-1980.51745133037,29.1669295839049));
#8142=CARTESIAN_POINT('',(978.794079621544,-1984.76614014933,29.1669295839048));
#8143=CARTESIAN_POINT('',(974.991009963935,-1988.56952602305,29.1669295839048));
#8144=CARTESIAN_POINT('',(972.554671713662,-1991.006066849,29.1669295839048));
#8145=CARTESIAN_POINT('',(969.935383240424,-1993.25985565971,29.1669295839048));
#8146=CARTESIAN_POINT('',(967.1637249739,-1995.30699606805,29.1669295839048));
#8147=CARTESIAN_POINT('',(965.608894892797,-1996.45538998284,29.1669295839048));
#8148=CARTESIAN_POINT('',(964.006115168292,-1997.53875317867,29.1669295839048));
#8149=CARTESIAN_POINT('',(962.360872126162,-1998.55325195424,29.1669295839048));
#8150=CARTESIAN_POINT('',(962.360872126162,-1998.55325195424,29.1669295839048));
#8151=CARTESIAN_POINT('',(962.360872167467,-1998.55325202104,29.08235758318));
#8152=CARTESIAN_POINT('',(962.357222108726,-1998.54692855826,28.910432045686));
#8153=CARTESIAN_POINT('',(962.340471367548,-1998.51791597305,28.650680624669));
#8154=CARTESIAN_POINT('',(962.311493911689,-1998.46772537103,28.3876516245571));
#8155=CARTESIAN_POINT('',(962.269696495342,-1998.39533014686,28.1246753177651));
#8156=CARTESIAN_POINT('',(962.214769753151,-1998.30019420585,27.8653849928639));
#8157=CARTESIAN_POINT('',(962.146749157107,-1998.18237905915,27.6136245167039));
#8158=CARTESIAN_POINT('',(962.066042073078,-1998.04259026566,27.3732755186848));
#8159=CARTESIAN_POINT('',(961.973435824475,-1997.8821915152,27.1480794932203));
#8160=CARTESIAN_POINT('',(961.870078098149,-1997.70317065874,26.9414532795232));
#8161=CARTESIAN_POINT('',(961.75743143695,-1997.5080608948,26.7563207395335));
#8162=CARTESIAN_POINT('',(961.637204946548,-1997.2998224842,26.5949762811335));
#8163=CARTESIAN_POINT('',(961.511270115583,-1997.08169693053,26.4589937622996));
#8164=CARTESIAN_POINT('',(961.381568486794,-1996.85704712174,26.3491878406041));
#8165=CARTESIAN_POINT('',(961.25002281508,-1996.62920323741,26.2656282924081));
#8166=CARTESIAN_POINT('',(961.118450170283,-1996.40131298972,26.2077006877122));
#8167=CARTESIAN_POINT('',(960.988521754208,-1996.17626939273,26.1742057445083));
#8168=CARTESIAN_POINT('',(960.90252377719,-1996.02731882987,26.1669295839049));
#8169=CARTESIAN_POINT('',(960.860223037276,-1995.9540517944,26.1669295839049));
#8170=CARTESIAN_POINT('',(982.375510093842,-1974.43886094328,26.1669295839049));
#8171=CARTESIAN_POINT('',(979.683869622887,-1978.79043847762,26.1669295839049));
#8172=CARTESIAN_POINT('',(976.487621741535,-1982.82994869515,26.1669295839049));
#8173=CARTESIAN_POINT('',(972.869674516311,-1986.44820088091,26.1669295839049));
#8174=CARTESIAN_POINT('',(970.538846887515,-1988.7792249776,26.1669295839049));
#8175=CARTESIAN_POINT('',(968.032994783147,-1990.93540776337,26.1669295839049));
#8176=CARTESIAN_POINT('',(965.381363899555,-1992.89389790318,26.1669295839049));
#8177=CARTESIAN_POINT('',(963.917100593952,-1993.97540033394,26.1669295839049));
#8178=CARTESIAN_POINT('',(962.408383730039,-1994.99661867115,26.1669295839049));
#8179=CARTESIAN_POINT('',(960.860223037276,-1995.9540517944,26.1669295839049));
#8180=CARTESIAN_POINT('',(867.636235185664,-1970.97465215737,26.1669295839049));
#8181=CARTESIAN_POINT('',(866.582198835343,-1969.01511063038,26.1669295839049));
#8182=CARTESIAN_POINT('',(865.626595789286,-1967.00265623536,26.1669295839049));
#8183=CARTESIAN_POINT('',(864.775103880536,-1964.94704533715,26.1669295839049));
#8184=CARTESIAN_POINT('',(862.804647045532,-1960.19010930187,26.1669295839049));
#8185=CARTESIAN_POINT('',(861.391722456893,-1955.20206310115,26.1669295839049));
#8186=CARTESIAN_POINT('',(860.573184752607,-1950.11853342911,26.1669295839049));
#8187=CARTESIAN_POINT('',(860.118596704905,-1947.29531365933,26.1669295839049));
#8188=CARTESIAN_POINT('',(859.847336262355,-1944.44264378459,26.1669295839049));
#8189=CARTESIAN_POINT('',(859.760987608976,-1941.58437816343,26.1669295839049));
#8190=CARTESIAN_POINT('',(859.760987608979,-1937.58437798272,26.1669295839049));
#8191=CARTESIAN_POINT('',(859.67637741212,-1937.5843779809,26.1669297950527));
#8192=CARTESIAN_POINT('',(859.504374543299,-1937.5843783129,26.1742041889495));
#8193=CARTESIAN_POINT('',(859.244507976931,-1937.58437816929,26.2077008148927));
#8194=CARTESIAN_POINT('',(858.981362518073,-1937.58437819726,26.2656282595924));
#8195=CARTESIAN_POINT('',(858.718270640255,-1937.58437818073,26.3491878545637));
#8196=CARTESIAN_POINT('',(858.458866874165,-1937.58437817459,26.4589937662266));
#8197=CARTESIAN_POINT('',(858.206996622873,-1937.58437816568,26.5949762910451));
#8198=CARTESIAN_POINT('',(857.966543009651,-1937.58437815712,26.7563207510228));
#8199=CARTESIAN_POINT('',(857.741249010559,-1937.58437814819,26.9414532933572));
#8200=CARTESIAN_POINT('',(857.534532849122,-1937.58437813927,27.1480795084089));
#8201=CARTESIAN_POINT('',(857.349319617175,-1937.58437813032,27.3732755342798));
#8202=CARTESIAN_POINT('',(857.187904710651,-1937.58437812185,27.6136245321108));
#8203=CARTESIAN_POINT('',(857.051862743951,-1937.58437811264,27.8653850055543));
#8204=CARTESIAN_POINT('',(856.942008615267,-1937.58437810762,28.1246753327339));
#8205=CARTESIAN_POINT('',(856.858412710479,-1937.58437808934,28.3876516203684));
#8206=CARTESIAN_POINT('',(856.800458353199,-1937.58437812118,28.6506806764347));
#8207=CARTESIAN_POINT('',(856.766951735705,-1937.58437797605,28.9104317697385));
#8208=CARTESIAN_POINT('',(856.759662002735,-1937.584378307,29.0823576980627));
#8209=CARTESIAN_POINT('',(856.759661878994,-1937.58437830517,29.1669295839049));
#8210=CARTESIAN_POINT('',(856.759661878994,-1937.58437830517,29.1669295839049));
#8211=CARTESIAN_POINT('',(856.846889652167,-1934.56643655805,29.1669295838026));
#8212=CARTESIAN_POINT('',(857.13134040372,-1931.55420860105,29.1669295836987));
#8213=CARTESIAN_POINT('',(857.61130891405,-1928.57338748658,29.1669295835941));
#8214=CARTESIAN_POINT('',(858.466904790773,-1923.25975086272,29.1669295834077));
#8215=CARTESIAN_POINT('',(859.943795992531,-1918.04591552833,29.1669295832191));
#8216=CARTESIAN_POINT('',(862.003454780506,-1913.07365293997,29.1669295830333));
#8217=CARTESIAN_POINT('',(862.905046603979,-1910.89710247443,29.1669295829519));
#8218=CARTESIAN_POINT('',(863.918305404274,-1908.76684095644,29.1669295828712));
#8219=CARTESIAN_POINT('',(865.037062248756,-1906.69346885388,29.1669295827913));
#8220=CARTESIAN_POINT('',(865.037062248756,-1906.69346885388,29.1669295827913));
#8221=CARTESIAN_POINT('',(865.037061755097,-1906.69346858824,29.0823549739047));
#8222=CARTESIAN_POINT('',(865.043614010755,-1906.69726135513,28.9104384081873));
#8223=CARTESIAN_POINT('',(865.072529828922,-1906.71395192442,28.6506796152942));
#8224=CARTESIAN_POINT('',(865.122744913422,-1906.74294482344,28.3876519789358));
#8225=CARTESIAN_POINT('',(865.195130224109,-1906.78473626646,28.1246753189686));
#8226=CARTESIAN_POINT('',(865.290265348617,-1906.83966272779,27.8653851134106));
#8227=CARTESIAN_POINT('',(865.408076739699,-1906.90768123106,27.6136246195595));
#8228=CARTESIAN_POINT('',(865.54786219432,-1906.98838649943,27.3732756330227));
#8229=CARTESIAN_POINT('',(865.708257154955,-1907.08099066547,27.148079602094));
#8230=CARTESIAN_POINT('',(865.887274069455,-1907.18434622396,26.9414533786123));
#8231=CARTESIAN_POINT('',(866.082379727824,-1907.29699062386,26.756320824484));
#8232=CARTESIAN_POINT('',(866.290613951745,-1907.41721479511,26.5949763439776));
#8233=CARTESIAN_POINT('',(866.508735275068,-1907.54314731085,26.4589938217031));
#8234=CARTESIAN_POINT('',(866.733380932995,-1907.67284654576,26.3491878278886));
#8235=CARTESIAN_POINT('',(866.961220566296,-1907.80439018877,26.2656284653856));
#8236=CARTESIAN_POINT('',(867.189107339843,-1907.93595971094,26.2077001332176));
#8237=CARTESIAN_POINT('',(867.414102820512,-1908.06586468995,26.1742140770083));
#8238=CARTESIAN_POINT('',(867.563012139944,-1908.15182862467,26.1669295839023));
#8239=CARTESIAN_POINT('',(867.636235185527,-1908.19410398912,26.1669295839049));
#8240=CARTESIAN_POINT('',(859.760987608979,-1937.58437798272,26.1669295839049));
#8241=CARTESIAN_POINT('',(859.847336262365,-1934.72611236162,26.1669295839049));
#8242=CARTESIAN_POINT('',(860.118596704913,-1931.87344248693,26.1669295839049));
#8243=CARTESIAN_POINT('',(860.573184752606,-1929.05022271721,26.1669295839049));
#8244=CARTESIAN_POINT('',(861.391722456892,-1923.96669304514,26.1669295839049));
#8245=CARTESIAN_POINT('',(862.804647045532,-1918.9786468444,26.1669295839049));
#8246=CARTESIAN_POINT('',(864.775103880537,-1914.2217108091,26.1669295839049));
#8247=CARTESIAN_POINT('',(865.62659578925,-1912.16609991098,26.1669295839049));
#8248=CARTESIAN_POINT('',(866.58219883526,-1910.15364551604,26.1669295839049));
#8249=CARTESIAN_POINT('',(867.636235185527,-1908.19410398912,26.1669295839049));
#8250=CARTESIAN_POINT('',(869.636042676848,-1904.72989520133,26.1669295839049));
#8251=CARTESIAN_POINT('',(869.562766779981,-1904.68758932408,26.1669313240141));
#8252=CARTESIAN_POINT('',(869.413803797823,-1904.60158866349,26.1742034547783));
#8253=CARTESIAN_POINT('',(869.188749033096,-1904.47165184459,26.20770101496));
#8254=CARTESIAN_POINT('',(868.96085362922,-1904.34007666476,26.2656281914049));
#8255=CARTESIAN_POINT('',(868.73300459048,-1904.20852778129,26.3491878504682));
#8256=CARTESIAN_POINT('',(868.508349296869,-1904.07882293022,26.4589937312038));
#8257=CARTESIAN_POINT('',(868.290218095943,-1903.95288472708,26.5949762497268));
#8258=CARTESIAN_POINT('',(868.081973918779,-1903.83265480604,26.7563206967341));
#8259=CARTESIAN_POINT('',(867.886858352973,-1903.72000468784,26.9414532297694));
#8260=CARTESIAN_POINT('',(867.707831749018,-1903.61664353588,27.1480794385599));
#8261=CARTESIAN_POINT('',(867.54742735175,-1903.52403392136,27.3732754612674));
#8262=CARTESIAN_POINT('',(867.407633223541,-1903.4433236499,27.6136244651357));
#8263=CARTESIAN_POINT('',(867.289812632288,-1903.37529982133,27.8653849320446));
#8264=CARTESIAN_POINT('',(867.194672992192,-1903.32037080558,28.1246753181177));
#8265=CARTESIAN_POINT('',(867.12226934467,-1903.2785685883,28.3876514429487));
#8266=CARTESIAN_POINT('',(867.072089127216,-1903.24959649702,28.6506811443519));
#8267=CARTESIAN_POINT('',(867.043021631637,-1903.23281593642,28.9104287725638));
#8268=CARTESIAN_POINT('',(867.036820213212,-1903.22923156672,29.0823589248991));
#8269=CARTESIAN_POINT('',(867.036819293805,-1903.22923101669,29.1669295837274));
#8270=CARTESIAN_POINT('',(867.036819293805,-1903.22923101669,29.1669295837274));
#8271=CARTESIAN_POINT('',(869.860189399721,-1898.65130481483,29.1669295837565));
#8272=CARTESIAN_POINT('',(873.217473148605,-1894.40261599643,29.1669295837863));
#8273=CARTESIAN_POINT('',(877.020542805765,-1890.59923012316,29.1669295838161));
#8274=CARTESIAN_POINT('',(879.456881056199,-1888.16268929705,29.1669295838353));
#8275=CARTESIAN_POINT('',(882.076169529623,-1885.9089004862,29.1669295838544));
#8276=CARTESIAN_POINT('',(884.847827796353,-1883.86176007776,29.1669295838733));
#8277=CARTESIAN_POINT('',(886.402657877571,-1882.71336616292,29.1669295838839));
#8278=CARTESIAN_POINT('',(888.005437602197,-1881.63000296703,29.1669295838944));
#8279=CARTESIAN_POINT('',(889.650680644453,-1880.61550419142,29.1669295839048));
#8280=CARTESIAN_POINT('',(889.650680644453,-1880.61550419142,29.1669295839048));
#8281=CARTESIAN_POINT('',(889.650680603148,-1880.61550412462,29.08235758318));
#8282=CARTESIAN_POINT('',(889.654330661889,-1880.6218275874,28.910432045686));
#8283=CARTESIAN_POINT('',(889.671081403067,-1880.65084017261,28.650680624669));
#8284=CARTESIAN_POINT('',(889.700058858926,-1880.70103077463,28.3876516245571));
#8285=CARTESIAN_POINT('',(889.741856275273,-1880.7734259988,28.1246753177651));
#8286=CARTESIAN_POINT('',(889.796783017464,-1880.86856193981,27.865384992864));
#8287=CARTESIAN_POINT('',(889.864803613507,-1880.98637708651,27.6136245167038));
#8288=CARTESIAN_POINT('',(889.945510697537,-1881.12616588,27.3732755186848));
#8289=CARTESIAN_POINT('',(890.03811694614,-1881.28656463046,27.1480794932204));
#8290=CARTESIAN_POINT('',(890.141474672467,-1881.46558548692,26.9414532795233));
#8291=CARTESIAN_POINT('',(890.254121333665,-1881.66069525086,26.7563207395334));
#8292=CARTESIAN_POINT('',(890.374347824066,-1881.86893366146,26.5949762811334));
#8293=CARTESIAN_POINT('',(890.500282655033,-1882.08705921513,26.4589937622997));
#8294=CARTESIAN_POINT('',(890.62998428382,-1882.31170902392,26.3491878406041));
#8295=CARTESIAN_POINT('',(890.761529955534,-1882.53955290825,26.265628292408));
#8296=CARTESIAN_POINT('',(890.893102600331,-1882.76744315594,26.2077006877122));
#8297=CARTESIAN_POINT('',(891.023031016406,-1882.99248675293,26.1742057445083));
#8298=CARTESIAN_POINT('',(891.109028993424,-1883.14143731579,26.1669295839049));
#8299=CARTESIAN_POINT('',(891.151329733338,-1883.21470435126,26.1669295839049));
#8300=CARTESIAN_POINT('',(869.636042676848,-1904.72989520133,26.1669295839049));
#8301=CARTESIAN_POINT('',(872.327683147593,-1900.37831766762,26.1669295839049));
#8302=CARTESIAN_POINT('',(875.523931028598,-1896.33880745064,26.1669295839049));
#8303=CARTESIAN_POINT('',(879.141878253368,-1892.72055526533,26.1669295839049));
#8304=CARTESIAN_POINT('',(881.472705882322,-1890.38953116849,26.1669295839049));
#8305=CARTESIAN_POINT('',(883.978557986873,-1888.23334838258,26.1669295839049));
#8306=CARTESIAN_POINT('',(886.630188870666,-1886.27485824266,26.1669295839049));
#8307=CARTESIAN_POINT('',(888.094452176394,-1885.19335581183,26.1669295839049));
#8308=CARTESIAN_POINT('',(889.603169040439,-1884.17213747456,26.1669295839049));
#8309=CARTESIAN_POINT('',(891.151329733338,-1883.21470435126,26.1669295839049));
#8310=CARTESIAN_POINT('',(894.61550230024,-1881.21483687413,26.1669295839049));
#8311=CARTESIAN_POINT('',(894.573226935791,-1881.14161382854,26.1669295838892));
#8312=CARTESIAN_POINT('',(894.487263001073,-1880.99270450911,26.1742140769675));
#8313=CARTESIAN_POINT('',(894.357358022058,-1880.76770902844,26.2077001331314));
#8314=CARTESIAN_POINT('',(894.225788499891,-1880.5398222549,26.2656284652498));
#8315=CARTESIAN_POINT('',(894.094244856886,-1880.31198262159,26.3491878276991));
#8316=CARTESIAN_POINT('',(893.964545621972,-1880.08733696367,26.4589938214566));
#8317=CARTESIAN_POINT('',(893.838613106232,-1879.86921564034,26.5949763436711));
#8318=CARTESIAN_POINT('',(893.718388934979,-1879.66098141642,26.7563208241155));
#8319=CARTESIAN_POINT('',(893.60574453508,-1879.46587575805,26.9414533781801));
#8320=CARTESIAN_POINT('',(893.502388976597,-1879.28685884356,27.1480796015982));
#8321=CARTESIAN_POINT('',(893.409784810548,-1879.12646388292,27.3732756324631));
#8322=CARTESIAN_POINT('',(893.329079542185,-1878.9866784283,27.613624618938));
#8323=CARTESIAN_POINT('',(893.261061038913,-1878.86886703722,27.8653851127291));
#8324=CARTESIAN_POINT('',(893.206134577578,-1878.77373191271,28.1246753182298));
#8325=CARTESIAN_POINT('',(893.164343134564,-1878.70134660202,28.3876519781436));
#8326=CARTESIAN_POINT('',(893.135350235548,-1878.65113151753,28.6506796144524));
#8327=CARTESIAN_POINT('',(893.118659666223,-1878.62221569931,28.9104384076066));
#8328=CARTESIAN_POINT('',(893.114866899358,-1878.6156634437,29.0823549736085));
#8329=CARTESIAN_POINT('',(893.114867165005,-1878.61566393736,29.1669295827909));
#8330=CARTESIAN_POINT('',(893.114867165005,-1878.61566393736,29.1669295827909));
#8331=CARTESIAN_POINT('',(895.188239267754,-1877.49690709274,29.1669295828707));
#8332=CARTESIAN_POINT('',(897.318500785947,-1876.48364829234,29.1669295829513));
#8333=CARTESIAN_POINT('',(899.4950512517,-1875.58205646878,29.1669295830326));
#8334=CARTESIAN_POINT('',(904.467313839842,-1873.52239768089,29.1669295832181));
#8335=CARTESIAN_POINT('',(909.681149173998,-1872.04550647917,29.1669295834065));
#8336=CARTESIAN_POINT('',(914.994785797617,-1871.18991060243,29.1669295835927));
#8337=CARTESIAN_POINT('',(917.975606911954,-1870.70994209209,29.1669295836971));
#8338=CARTESIAN_POINT('',(920.987834868822,-1870.42549134052,29.1669295838009));
#8339=CARTESIAN_POINT('',(924.005776615815,-1870.3382635673,29.166929583903));
#8340=CARTESIAN_POINT('',(924.005776615815,-1870.3382635673,29.166929583903));
#8341=CARTESIAN_POINT('',(924.005776617645,-1870.33826369104,29.0823576980612));
#8342=CARTESIAN_POINT('',(924.005776286694,-1870.34555342401,28.9104317697373));
#8343=CARTESIAN_POINT('',(924.005776431823,-1870.3790600415,28.6506806764338));
#8344=CARTESIAN_POINT('',(924.005776399979,-1870.43701439878,28.3876516203675));
#8345=CARTESIAN_POINT('',(924.005776418266,-1870.52061030357,28.1246753327331));
#8346=CARTESIAN_POINT('',(924.005776423276,-1870.63046443226,27.8653850055534));
#8347=CARTESIAN_POINT('',(924.00577643249,-1870.76650639896,27.6136245321103));
#8348=CARTESIAN_POINT('',(924.005776440963,-1870.92792130548,27.3732755342793));
#8349=CARTESIAN_POINT('',(924.005776449911,-1871.11313453743,27.1480795084082));
#8350=CARTESIAN_POINT('',(924.005776458834,-1871.31985069886,26.9414532933568));
#8351=CARTESIAN_POINT('',(924.005776467761,-1871.54514469796,26.7563207510223));
#8352=CARTESIAN_POINT('',(924.00577647632,-1871.78559831118,26.5949762910449));
#8353=CARTESIAN_POINT('',(924.005776485226,-1872.03746856247,26.4589937662264));
#8354=CARTESIAN_POINT('',(924.005776491368,-1872.29687232856,26.3491878545635));
#8355=CARTESIAN_POINT('',(924.005776507903,-1872.55996420638,26.2656282595922));
#8356=CARTESIAN_POINT('',(924.005776479932,-1872.82310966524,26.2077008148926));
#8357=CARTESIAN_POINT('',(924.005776623542,-1873.08297623161,26.1742041889494));
#8358=CARTESIAN_POINT('',(924.005776291543,-1873.25497910043,26.1669297950527));
#8359=CARTESIAN_POINT('',(924.005776293365,-1873.33958929728,26.1669295839049));
#8360=CARTESIAN_POINT('',(894.61550230024,-1881.21483687413,26.1669295839049));
#8361=CARTESIAN_POINT('',(896.575043827353,-1880.16080052373,26.1669295839049));
#8362=CARTESIAN_POINT('',(898.587498222496,-1879.20519747761,26.1669295839049));
#8363=CARTESIAN_POINT('',(900.643109120833,-1878.35370556881,26.1669295839049));
#8364=CARTESIAN_POINT('',(905.400045155924,-1876.38324873389,26.1669295839049));
#8365=CARTESIAN_POINT('',(910.388091356441,-1874.97032414529,26.1669295839049));
#8366=CARTESIAN_POINT('',(915.471621028276,-1874.15178644098,26.1669295839049));
#8367=CARTESIAN_POINT('',(918.294840797861,-1873.69719839329,26.1669295839049));
#8368=CARTESIAN_POINT('',(921.147510672399,-1873.42593795071,26.1669295839049));
#8369=CARTESIAN_POINT('',(924.005776293365,-1873.33958929728,26.1669295839049));
#8370=CARTESIAN_POINT('',(928.005776474148,-1873.33958929722,26.1669295839049));
#8371=CARTESIAN_POINT('',(928.00577647597,-1873.25497910036,26.1669297950527));
#8372=CARTESIAN_POINT('',(928.005776143971,-1873.08297623154,26.1742041889494));
#8373=CARTESIAN_POINT('',(928.00577628758,-1872.82310966517,26.2077008148927));
#8374=CARTESIAN_POINT('',(928.005776259608,-1872.55996420631,26.2656282595923));
#8375=CARTESIAN_POINT('',(928.005776276143,-1872.2968723285,26.3491878545637));
#8376=CARTESIAN_POINT('',(928.005776282284,-1872.03746856241,26.4589937662266));
#8377=CARTESIAN_POINT('',(928.005776291188,-1871.78559831111,26.5949762910452));
#8378=CARTESIAN_POINT('',(928.005776299747,-1871.54514469789,26.7563207510226));
#8379=CARTESIAN_POINT('',(928.005776308673,-1871.3198506988,26.9414532933573));
#8380=CARTESIAN_POINT('',(928.005776317594,-1871.11313453736,27.1480795084087));
#8381=CARTESIAN_POINT('',(928.005776326541,-1870.92792130542,27.3732755342798));
#8382=CARTESIAN_POINT('',(928.005776335014,-1870.76650639889,27.6136245321109));
#8383=CARTESIAN_POINT('',(928.005776344226,-1870.63046443219,27.8653850055541));
#8384=CARTESIAN_POINT('',(928.005776349236,-1870.52061030351,28.1246753327338));
#8385=CARTESIAN_POINT('',(928.005776367522,-1870.43701439872,28.3876516203683));
#8386=CARTESIAN_POINT('',(928.005776335677,-1870.37906004144,28.6506806764346));
#8387=CARTESIAN_POINT('',(928.005776480806,-1870.34555342395,28.9104317697382));
#8388=CARTESIAN_POINT('',(928.005776149853,-1870.33826369098,29.0823576980621));
#8389=CARTESIAN_POINT('',(928.005776151684,-1870.33826356724,29.166929583904));
#8390=CARTESIAN_POINT('',(928.005776151684,-1870.33826356724,29.166929583904));
#8391=CARTESIAN_POINT('',(931.023717898941,-1870.42549134036,29.1669295836995));
#8392=CARTESIAN_POINT('',(934.03594585608,-1870.70994209189,29.1669295834919));
#8393=CARTESIAN_POINT('',(937.016766970685,-1871.18991060221,29.1669295832828));
#8394=CARTESIAN_POINT('',(942.330403594783,-1872.04550647892,29.1669295829101));
#8395=CARTESIAN_POINT('',(947.544238929413,-1873.52239768072,29.1669295825329));
#8396=CARTESIAN_POINT('',(952.516501517987,-1875.58205646878,29.1669295821615));
#8397=CARTESIAN_POINT('',(954.69305198307,-1876.48364829206,29.1669295819989));
#8398=CARTESIAN_POINT('',(956.823313500623,-1877.49690709212,29.1669295818374));
#8399=CARTESIAN_POINT('',(958.896685602769,-1878.61566393632,29.1669295816778));
#8400=CARTESIAN_POINT('',(958.896685602769,-1878.61566393632,29.1669295816778));
#8401=CARTESIAN_POINT('',(958.896685868416,-1878.61566344266,29.0823549728069));
#8402=CARTESIAN_POINT('',(958.892893101525,-1878.62221569832,28.9104384071227));
#8403=CARTESIAN_POINT('',(958.876202532227,-1878.65113151649,28.650679614284));
#8404=CARTESIAN_POINT('',(958.847209633209,-1878.70134660099,28.3876519779853));
#8405=CARTESIAN_POINT('',(958.805418190196,-1878.77373191168,28.1246753180822));
#8406=CARTESIAN_POINT('',(958.750491728861,-1878.86886703618,27.8653851125928));
#8407=CARTESIAN_POINT('',(958.682473225589,-1878.98667842727,27.6136246188137));
#8408=CARTESIAN_POINT('',(958.601767957226,-1879.12646388189,27.3732756323513));
#8409=CARTESIAN_POINT('',(958.509163791177,-1879.28685884252,27.148079601499));
#8410=CARTESIAN_POINT('',(958.405808232694,-1879.46587575702,26.9414533780937));
#8411=CARTESIAN_POINT('',(958.293163832795,-1879.66098141539,26.7563208240418));
#8412=CARTESIAN_POINT('',(958.172939661542,-1879.86921563931,26.5949763436098));
#8413=CARTESIAN_POINT('',(958.047007145802,-1880.08733696263,26.4589938214073));
#8414=CARTESIAN_POINT('',(957.917307910888,-1880.31198262056,26.3491878276613));
#8415=CARTESIAN_POINT('',(957.785764267881,-1880.53982225386,26.2656284652227));
#8416=CARTESIAN_POINT('',(957.654194745716,-1880.76770902741,26.2077001331142));
#8417=CARTESIAN_POINT('',(957.5242897667,-1880.99270450808,26.1742140769594));
#8418=CARTESIAN_POINT('',(957.438325831981,-1881.14161382751,26.1669295838866));
#8419=CARTESIAN_POINT('',(957.396050467533,-1881.2148368731,26.1669295839049));
#8420=CARTESIAN_POINT('',(928.005776474148,-1873.33958929722,26.1669295839049));
#8421=CARTESIAN_POINT('',(930.864042095398,-1873.42593795056,26.1669295839049));
#8422=CARTESIAN_POINT('',(933.716711970225,-1873.69719839309,26.1669295839049));
#8423=CARTESIAN_POINT('',(936.539931740096,-1874.15178644077,26.1669295839049));
#8424=CARTESIAN_POINT('',(941.623461412386,-1874.97032414504,26.1669295839049));
#8425=CARTESIAN_POINT('',(946.611507613354,-1876.38324873372,26.1669295839049));
#8426=CARTESIAN_POINT('',(951.368443648856,-1878.35370556881,26.1669295839049));
#8427=CARTESIAN_POINT('',(953.424054546523,-1879.20519747733,26.1669295839049));
#8428=CARTESIAN_POINT('',(955.436508941024,-1880.16080052311,26.1669295839049));
#8429=CARTESIAN_POINT('',(957.396050467533,-1881.21483687309,26.1669295839049));
#8430=CARTESIAN_POINT('',(960.860259255417,-1883.21464436437,26.1669295839049));
#8431=CARTESIAN_POINT('',(960.902565132667,-1883.1413684675,26.1669313240145));
#8432=CARTESIAN_POINT('',(960.988565793077,-1882.99240548524,26.1742034547794));
#8433=CARTESIAN_POINT('',(961.11850261206,-1882.76735072056,26.2077010149627));
#8434=CARTESIAN_POINT('',(961.25007779188,-1882.53945531668,26.2656281914093));
#8435=CARTESIAN_POINT('',(961.381626675366,-1882.31160627794,26.3491878504742));
#8436=CARTESIAN_POINT('',(961.511331526439,-1882.08695098434,26.4589937312116));
#8437=CARTESIAN_POINT('',(961.637269729595,-1881.86881978342,26.5949762497366));
#8438=CARTESIAN_POINT('',(961.757499650638,-1881.66057560626,26.7563206967459));
#8439=CARTESIAN_POINT('',(961.870149768852,-1881.46546004046,26.9414532297831));
#8440=CARTESIAN_POINT('',(961.973510920816,-1881.28643343651,27.1480794385757));
#8441=CARTESIAN_POINT('',(962.066120535353,-1881.12602903925,27.3732754612852));
#8442=CARTESIAN_POINT('',(962.146830806822,-1880.98623491105,27.6136244651555));
#8443=CARTESIAN_POINT('',(962.2148546354,-1880.8684143198,27.8653849320662));
#8444=CARTESIAN_POINT('',(962.269783651157,-1880.77327467971,28.1246753181413));
#8445=CARTESIAN_POINT('',(962.31158586846,-1880.7008710322,28.3876514429739));
#8446=CARTESIAN_POINT('',(962.340557959687,-1880.65069081472,28.6506811443787));
#8447=CARTESIAN_POINT('',(962.357338520527,-1880.62162331927,28.9104287726412));
#8448=CARTESIAN_POINT('',(962.360922889677,-1880.61542190052,29.0823589250266));
#8449=CARTESIAN_POINT('',(962.360923439712,-1880.61542098111,29.1669295839048));
#8450=CARTESIAN_POINT('',(962.360923439712,-1880.61542098111,29.1669295839048));
#8451=CARTESIAN_POINT('',(966.938849642257,-1883.43879108724,29.1669295839048));
#8452=CARTESIAN_POINT('',(971.18753846127,-1886.7960748365,29.1669295839048));
#8453=CARTESIAN_POINT('',(974.990924335018,-1890.59914449417,29.1669295839048));
#8454=CARTESIAN_POINT('',(977.427465160855,-1893.03548274435,29.1669295839048));
#8455=CARTESIAN_POINT('',(979.681253971469,-1895.65477121749,29.1669295839048));
#8456=CARTESIAN_POINT('',(981.728394379718,-1898.42642948391,29.1669295839048));
#8457=CARTESIAN_POINT('',(982.876788294447,-1899.98125956495,29.1669295839048));
#8458=CARTESIAN_POINT('',(983.960151490231,-1901.58403928939,29.1669295839049));
#8459=CARTESIAN_POINT('',(984.97465026576,-1903.22928233146,29.1669295839049));
#8460=CARTESIAN_POINT('',(984.97465026576,-1903.22928233146,29.1669295839049));
#8461=CARTESIAN_POINT('',(984.974650332564,-1903.22928229015,29.08235758318));
#8462=CARTESIAN_POINT('',(984.96832686978,-1903.2329323489,28.9104320456861));
#8463=CARTESIAN_POINT('',(984.939314284566,-1903.24968309007,28.650680624669));
#8464=CARTESIAN_POINT('',(984.889123682551,-1903.27866054593,28.3876516245572));
#8465=CARTESIAN_POINT('',(984.816728458377,-1903.32045796228,28.124675317765));
#8466=CARTESIAN_POINT('',(984.721592517369,-1903.37538470447,27.8653849928641));
#8467=CARTESIAN_POINT('',(984.603777370666,-1903.44340530051,27.6136245167039));
#8468=CARTESIAN_POINT('',(984.463988577183,-1903.52411238454,27.3732755186848));
#8469=CARTESIAN_POINT('',(984.30358982672,-1903.61671863315,27.1480794932204));
#8470=CARTESIAN_POINT('',(984.124568970263,-1903.72007635947,26.9414532795232));
#8471=CARTESIAN_POINT('',(983.92945920632,-1903.83272302067,26.7563207395334));
#8472=CARTESIAN_POINT('',(983.721220795716,-1903.95294951107,26.5949762811335));
#8473=CARTESIAN_POINT('',(983.503095242047,-1904.07888434204,26.4589937622997));
#8474=CARTESIAN_POINT('',(983.278445433262,-1904.20858597083,26.349187840604));
#8475=CARTESIAN_POINT('',(983.050601548933,-1904.34013164254,26.2656282924082));
#8476=CARTESIAN_POINT('',(982.822711301241,-1904.47170428734,26.2077006877122));
#8477=CARTESIAN_POINT('',(982.597667704253,-1904.60163270341,26.1742057445083));
#8478=CARTESIAN_POINT('',(982.44871714139,-1904.68763068043,26.1669295839049));
#8479=CARTESIAN_POINT('',(982.37545010592,-1904.72993142035,26.1669295839049));
#8480=CARTESIAN_POINT('',(960.860259255417,-1883.21464436437,26.1669295839049));
#8481=CARTESIAN_POINT('',(965.211836789573,-1885.90628483527,26.1669295839049));
#8482=CARTESIAN_POINT('',(969.251347006953,-1889.10253271652,26.1669295839049));
#8483=CARTESIAN_POINT('',(972.869599192593,-1892.72047994162,26.1669295839049));
#8484=CARTESIAN_POINT('',(975.20062328923,-1895.05130757036,26.1669295839049));
#8485=CARTESIAN_POINT('',(977.356806074968,-1897.55715967467,26.1669295839049));
#8486=CARTESIAN_POINT('',(979.315296214744,-1900.2087905582,26.1669295839049));
#8487=CARTESIAN_POINT('',(980.39679864549,-1901.67305386376,26.1669295839049));
#8488=CARTESIAN_POINT('',(981.418016982685,-1903.18177072763,26.1669295839049));
#8489=CARTESIAN_POINT('',(982.37545010592,-1904.72993142035,26.1669295839049));
#8490=CARTESIAN_POINT('',(874.038864048733,-1901.75960161279,15.8669295839049));
#8491=CARTESIAN_POINT('',(826.425084373225,-1854.14582220576,15.8669295839049));
#8492=CARTESIAN_POINT('',(877.406532037505,-1905.12726958258,15.8669295839049));
#8493=CARTESIAN_POINT('',(874.038864048733,-1901.75960161279,15.8669295839049));
#8494=CARTESIAN_POINT('',(891.54866749653,-1890.98513414493,15.8669295839049));
#8495=CARTESIAN_POINT('',(917.3002403096,-1916.736706958,15.8669295839049));
#8496=CARTESIAN_POINT('',(888.180999480622,-1887.61746612903,15.8669295839049));
#8497=CARTESIAN_POINT('',(891.54866749653,-1890.98513414493,15.8669295839049));
#8498=CARTESIAN_POINT('',(874.038864048733,-1901.75960161279,15.8669295839049));
#8499=CARTESIAN_POINT('',(872.249883080701,-1904.21746277234,15.8669295839049));
#8500=CARTESIAN_POINT('',(867.876753366594,-1911.03819534166,15.8669295839049));
#8501=CARTESIAN_POINT('',(864.59120281512,-1918.52649518888,15.8669295839049));
#8502=CARTESIAN_POINT('',(862.524854266416,-1926.44810647882,15.8669295839049));
#8503=CARTESIAN_POINT('',(861.730776384843,-1934.5362351904,15.8669295839049));
#8504=CARTESIAN_POINT('',(861.730776384843,-1939.58437807312,15.8669295839049));
#8505=CARTESIAN_POINT('',(888.180999480622,-1887.61746612903,15.8669295839049));
#8506=CARTESIAN_POINT('',(886.557383060035,-1888.79923300949,15.8669295839049));
#8507=CARTESIAN_POINT('',(883.402454029,-1891.28958065965,15.8669295839049));
#8508=CARTESIAN_POINT('',(880.445343498049,-1894.023945526,15.8669295839049));
#8509=CARTESIAN_POINT('',(877.710978630403,-1896.98105605391,15.8669295839049));
#8510=CARTESIAN_POINT('',(875.220630988596,-1900.13598508861,15.8669295839049));
#8511=CARTESIAN_POINT('',(874.038864048733,-1901.75960161279,15.8669295839049));
#8512=CARTESIAN_POINT('',(891.54866749653,-1890.98513414493,15.8669295839049));
#8513=CARTESIAN_POINT('',(893.726353598498,-1889.44114650564,15.8669295839049));
#8514=CARTESIAN_POINT('',(899.959076175205,-1885.52666364602,15.8669295839049));
#8515=CARTESIAN_POINT('',(911.119923369401,-1880.71257565312,15.8669295839049));
#8516=CARTESIAN_POINT('',(928.041109412994,-1878.06951076029,15.8669295839049));
#8517=CARTESIAN_POINT('',(949.701429866364,-1882.37801917585,15.8669295839049));
#8518=CARTESIAN_POINT('',(969.789623825296,-1895.80051833511,15.8669295839049));
#8519=CARTESIAN_POINT('',(980.527645844183,-1911.87109585009,15.8669295839049));
#8520=CARTESIAN_POINT('',(984.66202537745,-1925.54736616408,15.8669295839049));
#8521=CARTESIAN_POINT('',(985.580776384843,-1934.90537410344,15.8669295839049));
#8522=CARTESIAN_POINT('',(985.580776384843,-1939.58437807312,15.8669295839049));
#8523=CARTESIAN_POINT('',(877.406532037505,-1905.12726958258,15.8669295839049));
#8524=CARTESIAN_POINT('',(878.568798015206,-1903.48797505095,15.8669295839049));
#8525=CARTESIAN_POINT('',(881.031562508461,-1900.3073943531,15.8669295839049));
#8526=CARTESIAN_POINT('',(883.75977418732,-1897.33837620897,15.8669295839049));
#8527=CARTESIAN_POINT('',(886.728792358531,-1894.61016455473,15.8669295839049));
#8528=CARTESIAN_POINT('',(889.909373065089,-1892.14740006426,15.8669295839049));
#8529=CARTESIAN_POINT('',(891.54866749653,-1890.98513414493,15.8669295839049));
#8530=CARTESIAN_POINT('',(908.717015054932,-1922.29561855131,48.8669295839049));
#8531=CARTESIAN_POINT('',(910.074870128665,-1920.93776347758,48.8669295839049));
#8532=CARTESIAN_POINT('',(913.05720379648,-1918.48867685046,48.8669295839049));
#8533=CARTESIAN_POINT('',(918.225886137183,-1915.71960619291,48.8669295839049));
#8534=CARTESIAN_POINT('',(926.005775854944,-1914.1720899112,48.8669295839049));
#8535=CARTESIAN_POINT('',(935.730638002143,-1916.10648526334,48.8669295839049));
#8536=CARTESIAN_POINT('',(943.974978043527,-1921.61517716274,48.8669295839049));
#8537=CARTESIAN_POINT('',(949.483669942923,-1929.85951720412,48.8669295839049));
#8538=CARTESIAN_POINT('',(951.418065295062,-1939.58437935132,48.8669295839049));
#8539=CARTESIAN_POINT('',(949.870549013351,-1947.36426906908,48.8669295839049));
#8540=CARTESIAN_POINT('',(947.101478355802,-1952.53295140979,48.8669295839049));
#8541=CARTESIAN_POINT('',(944.652391728687,-1955.5152850776,48.8669295839049));
#8542=CARTESIAN_POINT('',(943.294536654955,-1956.87314015133,48.8669295839049));
#8543=CARTESIAN_POINT('',(903.15810413716,-1930.87884203302,43.8669295839049));
#8544=CARTESIAN_POINT('',(903.158104219825,-1930.87884195036,34.5335962505715));
#8545=CARTESIAN_POINT('',(903.158104302489,-1930.87884186769,25.2002629172382));
#8546=CARTESIAN_POINT('',(903.158104385154,-1930.87884178503,15.8669295839049));
#8547=CARTESIAN_POINT('',(917.300240309601,-1916.736706958,43.8669295839049));
#8548=CARTESIAN_POINT('',(917.169292630111,-1916.78660115832,43.8669295839049));
#8549=CARTESIAN_POINT('',(915.249149522133,-1917.53401859671,43.8669295839049));
#8550=CARTESIAN_POINT('',(913.408226199639,-1918.48352374912,43.8669295839049));
#8551=CARTESIAN_POINT('',(911.674852855197,-1919.62386076392,43.8669295839049));
#8552=CARTESIAN_POINT('',(910.074870128665,-1920.93776347758,43.8669295839049));
#8553=CARTESIAN_POINT('',(908.717015054932,-1922.29561855131,43.8669295839049));
#8554=CARTESIAN_POINT('',(908.717015054932,-1922.29561855131,43.8669295839049));
#8555=CARTESIAN_POINT('',(907.359159981199,-1923.65347362504,43.8669295839049));
#8556=CARTESIAN_POINT('',(906.04525750952,-1925.25345605691,43.8669295839049));
#8557=CARTESIAN_POINT('',(904.904920672763,-1926.98682905756,43.8669295839049));
#8558=CARTESIAN_POINT('',(903.95541562493,-1928.82775200141,43.8669295839049));
#8559=CARTESIAN_POINT('',(903.207998212531,-1930.74789471199,43.8669295839049));
#8560=CARTESIAN_POINT('',(903.15810413716,-1930.87884203302,43.8669295839049));
#8561=CARTESIAN_POINT('',(917.3002403096,-1916.736706958,15.8669295839049));
#8562=CARTESIAN_POINT('',(917.300240309601,-1916.736706958,43.8669295839049));
#8563=CARTESIAN_POINT('',(907.138472723048,-1934.85921061891,43.8669295839049));
#8564=CARTESIAN_POINT('',(907.138472982264,-1934.85921035969,15.8669295839049));
#8565=CARTESIAN_POINT('',(921.280609080639,-1920.71707572904,15.8669295839049));
#8566=CARTESIAN_POINT('',(921.280609080639,-1920.71707572904,43.8669295839049));
#8567=CARTESIAN_POINT('',(908.717015054932,-1922.29561855131,43.8669295839049));
#8568=CARTESIAN_POINT('',(908.717015054932,-1922.29561855131,45.5335962505716));
#8569=CARTESIAN_POINT('',(908.717015054932,-1922.29561855131,47.2002629172382));
#8570=CARTESIAN_POINT('',(908.717015054932,-1922.29561855131,48.8669295839049));
#8571=CARTESIAN_POINT('',(903.158104385154,-1930.87884178503,15.8669295839049));
#8572=CARTESIAN_POINT('',(902.524269384886,-1932.54234584382,15.8669295839049));
#8573=CARTESIAN_POINT('',(901.521424906726,-1936.1202186779,15.8669295839049));
#8574=CARTESIAN_POINT('',(901.03778133253,-1941.81281994164,15.8669295839049));
#8575=CARTESIAN_POINT('',(902.608279840077,-1949.4295646808,15.8669295839049));
#8576=CARTESIAN_POINT('',(908.036574105461,-1957.5535811008,15.8669295839049));
#8577=CARTESIAN_POINT('',(916.280914122859,-1963.06227302418,15.8669295839049));
#8578=CARTESIAN_POINT('',(926.005776166231,-1964.99666843757,15.8669295839049));
#8579=CARTESIAN_POINT('',(933.785665766687,-1963.44915225883,15.8669295839049));
#8580=CARTESIAN_POINT('',(938.954348014437,-1960.68008170732,15.8669295839049));
#8581=CARTESIAN_POINT('',(941.936681620093,-1958.23099516672,15.8669295839049));
#8582=CARTESIAN_POINT('',(943.294536654955,-1956.87314015133,15.8669295839049));
#8583=CARTESIAN_POINT('',(921.280609080639,-1920.71707572904,43.8669295839049));
#8584=CARTESIAN_POINT('',(922.206597006617,-1920.4851709217,43.8669295839049));
#8585=CARTESIAN_POINT('',(924.651416294239,-1920.02986745555,43.8669295839049));
#8586=CARTESIAN_POINT('',(928.705474606493,-1919.92753216053,43.8669295839049));
#8587=CARTESIAN_POINT('',(934.233932089866,-1921.23644797889,43.8669295839049));
#8588=CARTESIAN_POINT('',(940.300295407399,-1925.28986063726,43.8669295839049));
#8589=CARTESIAN_POINT('',(944.682464247101,-1931.84824156758,43.8669295839049));
#8590=CARTESIAN_POINT('',(946.221278243868,-1939.58437935654,43.8669295839049));
#8591=CARTESIAN_POINT('',(944.682464541065,-1947.32051712069,43.8669295839049));
#8592=CARTESIAN_POINT('',(940.300294598165,-1953.87889809454,43.8669295839049));
#8593=CARTESIAN_POINT('',(933.74191362431,-1958.26106803744,43.8669295839049));
#8594=CARTESIAN_POINT('',(926.005775860167,-1959.79988174025,43.8669295839049));
#8595=CARTESIAN_POINT('',(918.269638071195,-1958.26106774348,43.8669295839049));
#8596=CARTESIAN_POINT('',(911.711257140877,-1953.87889890378,43.8669295839049));
#8597=CARTESIAN_POINT('',(907.657844250884,-1947.8125352396,43.8669295839049));
#8598=CARTESIAN_POINT('',(906.34892847329,-1942.28407729674,43.8669295839049));
#8599=CARTESIAN_POINT('',(906.45126399008,-1938.2300185661,43.8669295839049));
#8600=CARTESIAN_POINT('',(906.906567721532,-1935.78519891244,43.8669295839049));
#8601=CARTESIAN_POINT('',(907.138472723048,-1934.85921061891,43.8669295839049));
#8602=CARTESIAN_POINT('',(921.280609080639,-1920.71707572904,15.8669295839049));
#8603=CARTESIAN_POINT('',(922.206596996005,-1920.48517093231,15.8669295839049));
#8604=CARTESIAN_POINT('',(924.651416257049,-1920.02986749274,15.8669295839049));
#8605=CARTESIAN_POINT('',(928.70547453121,-1919.92753223581,15.8669295839049));
#8606=CARTESIAN_POINT('',(934.233931975913,-1921.23644809284,15.8669295839049));
#8607=CARTESIAN_POINT('',(940.300295274998,-1925.28986076966,15.8669295839049));
#8608=CARTESIAN_POINT('',(944.682464134644,-1931.84824168003,15.8669295839049));
#8609=CARTESIAN_POINT('',(946.221278188208,-1939.5843794122,15.8669295839049));
#8610=CARTESIAN_POINT('',(944.682464570406,-1947.32051709135,15.8669295839049));
#8611=CARTESIAN_POINT('',(940.300294727773,-1953.87889796493,15.8669295839049));
#8612=CARTESIAN_POINT('',(933.741913854184,-1958.26106780757,15.8669295839049));
#8613=CARTESIAN_POINT('',(926.005776175043,-1959.79988142537,15.8669295839049));
#8614=CARTESIAN_POINT('',(918.269638442868,-1958.26106737181,15.8669295839049));
#8615=CARTESIAN_POINT('',(911.711257532494,-1953.87889851216,15.8669295839049));
#8616=CARTESIAN_POINT('',(907.657844624053,-1947.81253486643,15.8669295839049));
#8617=CARTESIAN_POINT('',(906.348928807789,-1942.28407696224,15.8669295839049));
#8618=CARTESIAN_POINT('',(906.451264286486,-1938.23001826969,15.8669295839049));
#8619=CARTESIAN_POINT('',(906.90656799136,-1935.78519864261,15.8669295839049));
#8620=CARTESIAN_POINT('',(907.138472982264,-1934.85921035969,15.8669295839049));
#8621=CARTESIAN_POINT('',(907.138472723048,-1934.85921061891,43.8669295839049));
#8622=CARTESIAN_POINT('',(903.15810413716,-1930.87884203302,43.8669295839049));
#8623=CARTESIAN_POINT('',(921.280609080639,-1920.71707572904,43.8669295839049));
#8624=CARTESIAN_POINT('',(917.300240309601,-1916.736706958,43.8669295839049));
#8625=CARTESIAN_POINT('',(907.138472723048,-1934.85921061891,43.8669295839049));
#8626=CARTESIAN_POINT('',(907.277679676277,-1934.30336228348,43.8669295839049));
#8627=CARTESIAN_POINT('',(907.863036770516,-1932.28447060949,43.8669295839049));
#8628=CARTESIAN_POINT('',(908.720097501651,-1930.34798274488,43.8669295839049));
#8629=CARTESIAN_POINT('',(909.832847789904,-1928.54251212174,43.8669295839049));
#8630=CARTESIAN_POINT('',(911.172374611918,-1926.91132680619,43.8669295839049));
#8631=CARTESIAN_POINT('',(912.252548960865,-1925.83115245724,43.8669295839049));
#8632=CARTESIAN_POINT('',(913.332723309812,-1924.7509781083,43.8669295839049));
#8633=CARTESIAN_POINT('',(914.963908938854,-1923.41145102884,43.8669295839049));
#8634=CARTESIAN_POINT('',(916.769379942485,-1922.29870057031,43.8669295839049));
#8635=CARTESIAN_POINT('',(918.705868229633,-1921.44163977274,43.8669295839049));
#8636=CARTESIAN_POINT('',(920.724760339145,-1920.85628272266,43.8669295839049));
#8637=CARTESIAN_POINT('',(921.280609080639,-1920.71707572904,43.8669295839049));
#8638=CARTESIAN_POINT('',(926.005775854943,-1939.58437935132,48.8669295839049));
#8639=CARTESIAN_POINT('',(921.763135167824,-1935.3417386642,48.8669295839049));
#8640=CARTESIAN_POINT('',(930.248416542062,-1943.82702003844,48.8669295839049));
#8641=CARTESIAN_POINT('',(926.005775854943,-1939.58437935132,43.8669295839049));
#8642=CARTESIAN_POINT('',(921.763135167824,-1935.3417386642,43.8669295839049));
#8643=CARTESIAN_POINT('',(930.248416542062,-1943.82702003844,43.8669295839049));
#8644=CARTESIAN_POINT('',(921.763135167824,-1935.3417386642,43.8669295839049));
#8645=CARTESIAN_POINT('',(921.763135167824,-1935.3417386642,48.8669295839049));
#8646=CARTESIAN_POINT('',(903.158104385154,-1930.87884178503,15.8669295839049));
#8647=CARTESIAN_POINT('',(877.406532037505,-1905.12726958258,15.8669295839049));
#8648=CARTESIAN_POINT('',(907.138472982264,-1934.85921035969,15.8669295839049));
#8649=CARTESIAN_POINT('',(903.158104385154,-1930.87884178503,15.8669295839049));
#8650=CARTESIAN_POINT('',(921.280609080639,-1920.71707572904,15.8669295839049));
#8651=CARTESIAN_POINT('',(933.076843074703,-1932.5133097231,15.8669295839049));
#8652=CARTESIAN_POINT('',(917.3002403096,-1916.736706958,15.8669295839049));
#8653=CARTESIAN_POINT('',(921.280609080639,-1920.71707572904,15.8669295839049));
#8654=CARTESIAN_POINT('',(806.002025896771,-2017.99666246523,75.8669295839049));
#8655=CARTESIAN_POINT('',(806.158822694066,-2017.34869702726,75.2002629172382));
#8656=CARTESIAN_POINT('',(806.315619491361,-2016.70073158929,74.5335962505715));
#8657=CARTESIAN_POINT('',(806.472416288657,-2016.05276615132,73.8669295839049));
#8658=CARTESIAN_POINT('',(806.472416288657,-2016.05276615132,73.8669295839049));
#8659=CARTESIAN_POINT('',(806.09586314983,-2015.96164659043,73.8669295839049));
#8660=CARTESIAN_POINT('',(805.360648716163,-2015.70546911835,73.8669295839048));
#8661=CARTESIAN_POINT('',(804.340533705431,-2015.10641290179,73.8669295839048));
#8662=CARTESIAN_POINT('',(803.25633023578,-2013.92928324692,73.866929583905));
#8663=CARTESIAN_POINT('',(802.56732566027,-2012.05125014586,73.8669295839048));
#8664=CARTESIAN_POINT('',(802.649459611955,-2010.05249967637,73.8669295839049));
#8665=CARTESIAN_POINT('',(803.490230600258,-2008.23732783909,73.866929583905));
#8666=CARTESIAN_POINT('',(804.961637718577,-2006.88207620658,73.8669295839049));
#8667=CARTESIAN_POINT('',(806.689267001967,-2006.24825072283,73.8669295839049));
#8668=CARTESIAN_POINT('',(808.119493120969,-2006.25180470345,73.8669295839049));
#8669=CARTESIAN_POINT('',(809.104081571537,-2006.51126864174,73.8669295839049));
#8670=CARTESIAN_POINT('',(809.67239841694,-2006.76103461925,73.8669295839049));
#8671=CARTESIAN_POINT('',(809.879193683114,-2006.86682652957,73.8669295839049));
#8672=CARTESIAN_POINT('',(806.002025896771,-2017.99666246523,75.8669295839049));
#8673=CARTESIAN_POINT('',(806.531252592609,-2018.1247264731,75.8669295839049));
#8674=CARTESIAN_POINT('',(807.614852170553,-2018.27693744539,75.8669295839049));
#8675=CARTESIAN_POINT('',(809.27488746016,-2018.18362921803,75.8669295839049));
#8676=CARTESIAN_POINT('',(811.220898059727,-2017.46968480275,75.8669295839049));
#8677=CARTESIAN_POINT('',(812.778601606737,-2016.11951318217,75.8669295839049));
#8678=CARTESIAN_POINT('',(813.605814235169,-2014.89143030687,75.8669295839049));
#8679=CARTESIAN_POINT('',(813.987679614896,-2014.05409235576,75.8669295839049));
#8680=CARTESIAN_POINT('',(814.119537764825,-2013.70440876077,75.8669295839049));
#8681=CARTESIAN_POINT('',(806.472416288657,-2016.05276615132,73.8669295839049));
#8682=CARTESIAN_POINT('',(806.472416288657,-2016.05276615132,63.8669295839048));
#8683=CARTESIAN_POINT('',(806.472416288657,-2016.05276615132,63.8669295839048));
#8684=CARTESIAN_POINT('',(806.848969427483,-2016.14388571221,63.8669295839048));
#8685=CARTESIAN_POINT('',(807.619967549123,-2016.25218648369,63.8669295839048));
#8686=CARTESIAN_POINT('',(808.801109155737,-2016.18579754751,63.8669295839048));
#8687=CARTESIAN_POINT('',(810.303541215529,-2015.63459042342,63.8669295839048));
#8688=CARTESIAN_POINT('',(811.65181179246,-2014.39275434377,63.8669295839048));
#8689=CARTESIAN_POINT('',(812.301323186362,-2013.12698118671,63.8669295839048));
#8690=CARTESIAN_POINT('',(812.522637659608,-2012.14060422558,63.8669295839048));
#8691=CARTESIAN_POINT('',(812.563156889405,-2011.52820833731,63.8669295839048));
#8692=CARTESIAN_POINT('',(812.565192862231,-2011.30290255646,63.8669295839048));
#8693=CARTESIAN_POINT('',(816.109540169982,-2028.53058992458,73.8669295839048));
#8694=CARTESIAN_POINT('',(816.109540169981,-2029.19725659125,74.5335962505715));
#8695=CARTESIAN_POINT('',(816.109540169979,-2029.86392325791,75.2002629172382));
#8696=CARTESIAN_POINT('',(816.109540169977,-2030.53058992458,75.8669295839048));
#8697=CARTESIAN_POINT('',(816.109540169977,-2030.53058992458,75.8669295839048));
#8698=CARTESIAN_POINT('',(815.564488764482,-2030.53058992458,75.8669295839048));
#8699=CARTESIAN_POINT('',(814.474385953492,-2030.42356559826,75.8669295839048));
#8700=CARTESIAN_POINT('',(812.881254436048,-2029.94195612982,75.8669295839049));
#8701=CARTESIAN_POINT('',(811.009215273701,-2028.69109955218,75.8669295839047));
#8702=CARTESIAN_POINT('',(809.445644551671,-2026.35105059925,75.8669295839047));
#8703=CARTESIAN_POINT('',(808.89659152917,-2023.5907746559,75.866929583905));
#8704=CARTESIAN_POINT('',(809.445644551688,-2020.83049871256,75.866929583905));
#8705=CARTESIAN_POINT('',(811.009215273729,-2018.49044975963,75.8669295839049));
#8706=CARTESIAN_POINT('',(812.884485836109,-2017.23743402953,75.8669295839049));
#8707=CARTESIAN_POINT('',(814.481720199553,-2016.7557692653,75.8669295839049));
#8708=CARTESIAN_POINT('',(815.575779778514,-2016.64985860769,75.8669295839048));
#8709=CARTESIAN_POINT('',(816.124593513632,-2016.65097469373,75.8669295839048));
#8710=CARTESIAN_POINT('',(816.12835683801,-2016.65098489804,75.8669295839048));
#8711=CARTESIAN_POINT('',(816.109540169982,-2028.53058992458,73.8669295839048));
#8712=CARTESIAN_POINT('',(816.497511636677,-2028.53058992458,73.8669295839048));
#8713=CARTESIAN_POINT('',(817.273454570067,-2028.45440952028,73.8669295839048));
#8714=CARTESIAN_POINT('',(818.407457542919,-2028.11159770091,73.8669295839048));
#8715=CARTESIAN_POINT('',(819.73999294331,-2027.22122489368,73.8669295839048));
#8716=CARTESIAN_POINT('',(820.673996468424,-2025.82338907988,73.8669295839047));
#8717=CARTESIAN_POINT('',(821.016588873251,-2024.6059142141,73.8669295839048));
#8718=CARTESIAN_POINT('',(821.067357564074,-2023.7500434147,73.8669295839048));
#8719=CARTESIAN_POINT('',(821.040574279238,-2023.28670359973,73.8669295839048));
#8720=CARTESIAN_POINT('',(821.034725023477,-2023.21087350916,73.8669295839048));
#8721=CARTESIAN_POINT('',(816.109540169982,-2028.53058992458,73.8669295839048));
#8722=CARTESIAN_POINT('',(816.109540169982,-2028.53058992458,63.8669295839048));
#8723=CARTESIAN_POINT('',(816.109540169982,-2028.53058992458,63.8669295839048));
#8724=CARTESIAN_POINT('',(816.497511636677,-2028.53058992458,63.8669295839048));
#8725=CARTESIAN_POINT('',(817.273454570068,-2028.45440952028,63.8669295839048));
#8726=CARTESIAN_POINT('',(818.407457542919,-2028.11159770091,63.8669295839048));
#8727=CARTESIAN_POINT('',(819.73999294331,-2027.22122489368,63.8669295839048));
#8728=CARTESIAN_POINT('',(820.673996468425,-2025.82338907988,63.8669295839048));
#8729=CARTESIAN_POINT('',(821.016588873251,-2024.6059142141,63.8669295839048));
#8730=CARTESIAN_POINT('',(821.067357564074,-2023.7500434147,63.8669295839048));
#8731=CARTESIAN_POINT('',(821.040574279239,-2023.28670359973,63.8669295839048));
#8732=CARTESIAN_POINT('',(821.034725023477,-2023.21087350916,63.8669295839048));
#8733=CARTESIAN_POINT('',(806.002025896771,-1861.17225582681,75.8669295839049));
#8734=CARTESIAN_POINT('',(806.158822694066,-1861.82022126478,75.2002629172382));
#8735=CARTESIAN_POINT('',(806.315619491361,-1862.46818670275,74.5335962505715));
#8736=CARTESIAN_POINT('',(806.472416288657,-1863.11615214072,73.8669295839049));
#8737=CARTESIAN_POINT('',(806.472416288657,-1863.11615214072,73.8669295839049));
#8738=CARTESIAN_POINT('',(806.09586314983,-1863.20727170161,73.8669295839049));
#8739=CARTESIAN_POINT('',(805.360648716163,-1863.46344917369,73.8669295839048));
#8740=CARTESIAN_POINT('',(804.340533705431,-1864.06250539025,73.8669295839048));
#8741=CARTESIAN_POINT('',(803.25633023578,-1865.23963504512,73.866929583905));
#8742=CARTESIAN_POINT('',(802.56732566027,-1867.11766814618,73.8669295839048));
#8743=CARTESIAN_POINT('',(802.649459611955,-1869.11641861567,73.8669295839049));
#8744=CARTESIAN_POINT('',(803.490230600258,-1870.93159045295,73.866929583905));
#8745=CARTESIAN_POINT('',(804.961637718577,-1872.28684208546,73.8669295839049));
#8746=CARTESIAN_POINT('',(806.689237944957,-1872.92065690889,73.8669295839049));
#8747=CARTESIAN_POINT('',(808.119431645543,-1872.91711374112,73.8669295839049));
#8748=CARTESIAN_POINT('',(809.103993670693,-1872.65767281368,73.8669295839049));
#8749=CARTESIAN_POINT('',(809.672288473895,-1872.40793198946,73.8669295839049));
#8750=CARTESIAN_POINT('',(809.879060271218,-1872.30216001051,73.8669295839049));
#8751=CARTESIAN_POINT('',(806.002025896771,-1861.17225582681,75.8669295839049));
#8752=CARTESIAN_POINT('',(806.531252592609,-1861.04419181894,75.8669295839049));
#8753=CARTESIAN_POINT('',(807.614852170553,-1860.89198084665,75.8669295839049));
#8754=CARTESIAN_POINT('',(809.274887460159,-1860.98528907401,75.8669295839049));
#8755=CARTESIAN_POINT('',(811.220877035211,-1861.6992257759,75.8669295839049));
#8756=CARTESIAN_POINT('',(812.778567948127,-1863.0493759357,75.8669295839049));
#8757=CARTESIAN_POINT('',(813.605777442981,-1864.27743336382,75.8669295839049));
#8758=CARTESIAN_POINT('',(813.987643539959,-1865.11474683394,75.8669295839049));
#8759=CARTESIAN_POINT('',(814.119499507185,-1865.46440807563,75.8669295839049));
#8760=CARTESIAN_POINT('',(806.472416288657,-1863.11615214072,73.8669295839049));
#8761=CARTESIAN_POINT('',(806.472416288657,-1863.11615214072,63.8669295839048));
#8762=CARTESIAN_POINT('',(806.472416288657,-1863.11615214072,63.8669295839048));
#8763=CARTESIAN_POINT('',(806.848969427483,-1863.02503257983,63.8669295839048));
#8764=CARTESIAN_POINT('',(807.619967549123,-1862.91673180835,63.8669295839048));
#8765=CARTESIAN_POINT('',(808.801109155737,-1862.98312074453,63.8669295839048));
#8766=CARTESIAN_POINT('',(810.303541215529,-1863.53432786862,63.8669295839048));
#8767=CARTESIAN_POINT('',(811.651788558996,-1864.77614254889,63.8669295839048));
#8768=CARTESIAN_POINT('',(812.301294551349,-1866.04188130171,63.8669295839048));
#8769=CARTESIAN_POINT('',(812.522617354149,-1867.02822357031,63.8669295839048));
#8770=CARTESIAN_POINT('',(812.56314879734,-1867.64058767522,63.8669295839048));
#8771=CARTESIAN_POINT('',(812.565191477924,-1867.8658628072,63.8669295839048));
#8772=CARTESIAN_POINT('',(816.109540169982,-1850.63832836746,73.8669295839048));
#8773=CARTESIAN_POINT('',(816.109540169981,-1850.34957103546,74.1556869159006));
#8774=CARTESIAN_POINT('',(816.109540169981,-1850.06081370347,74.4444442478963));
#8775=CARTESIAN_POINT('',(816.10954016998,-1849.77205637147,74.7332015798921));
#8776=CARTESIAN_POINT('',(816.109540169982,-1850.63832836746,73.8669295839048));
#8777=CARTESIAN_POINT('',(816.497511636677,-1850.63832836746,73.8669295839048));
#8778=CARTESIAN_POINT('',(817.273454570067,-1850.71450877176,73.8669295839048));
#8779=CARTESIAN_POINT('',(818.407457542919,-1851.05732059113,73.8669295839048));
#8780=CARTESIAN_POINT('',(819.73999294331,-1851.94769339836,73.8669295839048));
#8781=CARTESIAN_POINT('',(820.673976075877,-1853.34549869254,73.8669295839047));
#8782=CARTESIAN_POINT('',(821.016569232186,-1854.56293428044,73.8669295839048));
#8783=CARTESIAN_POINT('',(821.067351209212,-1855.4187677619,73.8669295839048));
#8784=CARTESIAN_POINT('',(821.04058248353,-1855.88207272819,73.8669295839048));
#8785=CARTESIAN_POINT('',(821.034738688233,-1855.95786759063,73.8669295839048));
#8786=CARTESIAN_POINT('',(816.109540169982,-1850.63832836746,73.8669295839048));
#8787=CARTESIAN_POINT('',(816.109540169982,-1850.63832836746,63.8669295839048));
#8788=CARTESIAN_POINT('',(816.109540169982,-1850.63832836746,63.8669295839048));
#8789=CARTESIAN_POINT('',(816.497511636677,-1850.63832836746,63.8669295839048));
#8790=CARTESIAN_POINT('',(817.273454570068,-1850.71450877176,63.8669295839048));
#8791=CARTESIAN_POINT('',(818.407457542919,-1851.05732059113,63.8669295839048));
#8792=CARTESIAN_POINT('',(819.73999294331,-1851.94769339836,63.8669295839048));
#8793=CARTESIAN_POINT('',(820.673976075877,-1853.34549869254,63.8669295839048));
#8794=CARTESIAN_POINT('',(821.016569232186,-1854.56293428044,63.8669295839048));
#8795=CARTESIAN_POINT('',(821.067351209212,-1855.4187677619,63.8669295839048));
#8796=CARTESIAN_POINT('',(821.04058248353,-1855.88207272819,63.8669295839048));
#8797=CARTESIAN_POINT('',(821.034738688233,-1855.95786759062,63.8669295839048));
#8798=CARTESIAN_POINT('',(780.305685613328,-1818.37438556081,75.8669295839049));
#8799=CARTESIAN_POINT('',(780.305867156373,-2060.79438556081,75.8669295839049));
#8800=CARTESIAN_POINT('',(790.30586715637,-2070.79437807203,75.8669295839049));
#8801=CARTESIAN_POINT('',(886.325608042569,-2070.79437807203,75.8669295839049));
#8802=CARTESIAN_POINT('',(886.32560858153,-2067.79437807203,75.8669295839049));
#8803=CARTESIAN_POINT('',(887.212574843772,-2064.92849411596,75.8669295839049));
#8804=CARTESIAN_POINT('',(886.325608042569,-2070.79437807203,75.8669295839049));
#8805=CARTESIAN_POINT('',(887.212574843772,-2064.92849411596,75.8669295839049));
#8806=CARTESIAN_POINT('',(884.892315350148,-2064.21039389905,75.8669295839049));
#8807=CARTESIAN_POINT('',(872.81466446507,-2060.16402464368,75.8669295839049));
#8808=CARTESIAN_POINT('',(851.871769959647,-2050.19850783478,75.8669295839049));
#8809=CARTESIAN_POINT('',(825.055801898172,-2029.25236398699,75.8669295839049));
#8810=CARTESIAN_POINT('',(800.012545984689,-1991.77248287097,75.8669295839049));
#8811=CARTESIAN_POINT('',(789.631686510074,-1939.58437807203,75.8669295839049));
#8812=CARTESIAN_POINT('',(800.012545984691,-1887.39627327309,75.8669295839049));
#8813=CARTESIAN_POINT('',(825.055644073865,-1849.91662835783,75.8669295839049));
#8814=CARTESIAN_POINT('',(851.871327510566,-1828.97059391035,75.8669295839049));
#8815=CARTESIAN_POINT('',(872.813914306668,-1819.00508845996,75.8669295839049));
#8816=CARTESIAN_POINT('',(884.891271737259,-1814.95871189067,75.8669295839049));
#8817=CARTESIAN_POINT('',(887.211260918319,-1814.24066868419,75.8669295839049));
#8818=CARTESIAN_POINT('',(886.325608581531,-1808.37437807203,75.8669295839049));
#8819=CARTESIAN_POINT('',(790.305685613325,-1808.37437807203,75.8669295839049));
#8820=CARTESIAN_POINT('',(887.211260918319,-1814.24066868419,75.8669295839049));
#8821=CARTESIAN_POINT('',(887.211260918319,-1814.24066868419,15.8669295839049));
#8822=CARTESIAN_POINT('',(886.325608581531,-1808.37437807203,15.8669295839049));
#8823=CARTESIAN_POINT('',(886.325608581531,-1808.37437807203,75.8669295839049));
#8824=CARTESIAN_POINT('',(790.305685613325,-1808.37437807203,75.8669295839049));
#8825=CARTESIAN_POINT('',(790.305685613325,-1808.37437807203,15.8669295839049));
#8826=CARTESIAN_POINT('',(780.305867156373,-2060.79438556081,75.8669295839049));
#8827=CARTESIAN_POINT('',(780.305867156372,-2060.79438556081,15.8669295839049));
#8828=CARTESIAN_POINT('',(886.325608042569,-2070.79437807203,15.8669295839049));
#8829=CARTESIAN_POINT('',(886.325608042569,-2070.79437807203,75.8669295839049));
#8830=CARTESIAN_POINT('',(886.325608581531,-2067.79437807203,15.8669295839049));
#8831=CARTESIAN_POINT('',(886.325608042569,-2070.79437807203,15.8669295839049));
#8832=CARTESIAN_POINT('',(887.212574843771,-2064.92849411596,15.8669295839049));
#8833=CARTESIAN_POINT('',(887.212574843772,-2064.92849411596,15.8669295839049));
#8834=CARTESIAN_POINT('',(887.212574843772,-2064.92849411596,75.8669295839049));
#8835=CARTESIAN_POINT('',(887.212574843772,-2064.92849411596,15.8669295839049));
#8836=CARTESIAN_POINT('',(884.892315350148,-2064.21039389905,15.8669295839049));
#8837=CARTESIAN_POINT('',(872.81466446507,-2060.16402464368,15.8669295839049));
#8838=CARTESIAN_POINT('',(851.871769959647,-2050.19850783478,15.8669295839049));
#8839=CARTESIAN_POINT('',(825.055801898172,-2029.25236398699,15.8669295839049));
#8840=CARTESIAN_POINT('',(800.012545984689,-1991.77248287097,15.8669295839049));
#8841=CARTESIAN_POINT('',(790.035014278887,-1941.61204369245,15.8669295839049));
#8842=CARTESIAN_POINT('',(797.168894809534,-1901.88922547372,15.8669295839049));
#8843=CARTESIAN_POINT('',(810.018461023543,-1875.52879750838,15.8669295839049));
#8844=CARTESIAN_POINT('',(821.018352387,-1860.44752358199,15.8669295839049));
#8845=CARTESIAN_POINT('',(826.425084373225,-1854.14582220576,15.8669295839049));
#8846=CARTESIAN_POINT('',(887.211260918319,-1814.24066868419,75.8669295839049));
#8847=CARTESIAN_POINT('',(889.677300586895,-1813.47868938389,75.8669295839049));
#8848=CARTESIAN_POINT('',(889.29199267107,-1810.92653291782,75.8669295839049));
#8849=CARTESIAN_POINT('',(888.906685003174,-1808.37437809395,75.8669295839049));
#8850=CARTESIAN_POINT('',(886.325608581531,-1808.37437807203,75.8669295839049));
#8851=CARTESIAN_POINT('',(783.305867156372,-2060.79438331418,15.8669295839049));
#8852=CARTESIAN_POINT('',(783.30568561334,-1818.37439745763,15.8669295839049));
#8853=CARTESIAN_POINT('',(790.305699756765,-1811.37439221549,15.8669295839049));
#8854=CARTESIAN_POINT('',(886.324936586288,-1811.37458622136,15.8669295839049));
#8855=CARTESIAN_POINT('',(886.324936586288,-1811.37458622136,15.8669295839049));
#8856=CARTESIAN_POINT('',(883.111231002402,-1812.36923703939,15.8669295839049));
#8857=CARTESIAN_POINT('',(876.610233326022,-1814.65239045261,15.8669295839049));
#8858=CARTESIAN_POINT('',(867.035027205905,-1818.86772400219,15.8669295839049));
#8859=CARTESIAN_POINT('',(857.643250395916,-1823.92488057502,15.8669295839049));
#8860=CARTESIAN_POINT('',(848.644584167703,-1829.73992274005,15.8669295839049));
#8861=CARTESIAN_POINT('',(842.352802107415,-1834.55756296995,15.8669295839049));
#8862=CARTESIAN_POINT('',(839.03179053611,-1837.3667065194,15.8669295839049));
#8863=CARTESIAN_POINT('',(838.43986346558,-1837.87633011398,15.8669295839049));
#8864=CARTESIAN_POINT('',(886.32560831205,-2067.79437807203,75.8669295839049));
#8865=CARTESIAN_POINT('',(790.305867156369,-2067.79437807203,75.8669295839049));
#8866=CARTESIAN_POINT('',(783.305867156372,-2060.79438331418,75.8669295839049));
#8867=CARTESIAN_POINT('',(783.30568561334,-1818.37439745763,75.8669295839049));
#8868=CARTESIAN_POINT('',(790.305699756765,-1811.37439221549,75.8669295839049));
#8869=CARTESIAN_POINT('',(886.324936586288,-1811.37458622136,75.8669295839049));
#8870=CARTESIAN_POINT('',(886.324936586288,-1811.37458622136,75.8669295839049));
#8871=CARTESIAN_POINT('',(883.111231002402,-1812.36923703939,75.8669295839049));
#8872=CARTESIAN_POINT('',(876.610233326021,-1814.65239045261,75.8669295839049));
#8873=CARTESIAN_POINT('',(867.035027205904,-1818.86772400219,75.8669295839049));
#8874=CARTESIAN_POINT('',(857.643250395914,-1823.92488057502,75.8669295839049));
#8875=CARTESIAN_POINT('',(848.644584167701,-1829.73992274005,75.8669295839049));
#8876=CARTESIAN_POINT('',(840.1378945213,-1836.25352570199,75.8669295839049));
#8877=CARTESIAN_POINT('',(833.796388062141,-1841.96575215233,75.8669295839049));
#8878=CARTESIAN_POINT('',(830.300540337976,-1845.48463259633,75.8669295839049));
#8879=CARTESIAN_POINT('',(829.33558972307,-1846.48661856354,75.8669295839049));
#8880=CARTESIAN_POINT('',(783.30568561334,-1818.37439745763,15.8669295839049));
#8881=CARTESIAN_POINT('',(783.30568561334,-1818.37439745763,75.8669295839049));
#8882=CARTESIAN_POINT('',(886.32560831205,-2067.79437807203,75.8669295839049));
#8883=CARTESIAN_POINT('',(886.32560831205,-2067.79437807203,15.8669295839049));
#8884=CARTESIAN_POINT('',(790.305867156369,-2067.79437807203,15.8669295839049));
#8885=CARTESIAN_POINT('',(790.305867156369,-2067.79437807203,75.8669295839049));
#8886=CARTESIAN_POINT('',(886.324936586288,-1811.37458622136,75.8669295839049));
#8887=CARTESIAN_POINT('',(886.324936586288,-1811.37458622136,15.8669295839049));
#8888=CARTESIAN_POINT('',(783.305867156372,-2060.79438331418,15.8669295839049));
#8889=CARTESIAN_POINT('',(783.305867156372,-2060.79438331418,75.8669295839049));
#8890=CARTESIAN_POINT('',(790.305699756765,-1811.37439221549,15.8669295839049));
#8891=CARTESIAN_POINT('',(790.305699756765,-1811.37439221549,75.8669295839049));
#8892=CARTESIAN_POINT('',(790.30586715637,-2070.79437807203,75.8669295839049));
#8893=CARTESIAN_POINT('',(790.30586715637,-2070.79437807203,15.8669295839049));
#8894=CARTESIAN_POINT('',(790.30586715637,-2060.79437807203,15.8669295839049));
#8895=CARTESIAN_POINT('',(780.305867156372,-2060.79438556081,15.8669295839049));
#8896=CARTESIAN_POINT('',(790.30586715637,-2070.79437807203,15.8669295839049));
#8897=CARTESIAN_POINT('',(780.305685613328,-1818.37438556081,75.8669295839049));
#8898=CARTESIAN_POINT('',(780.305685613328,-1818.37438556081,15.8669295839048));
#8899=CARTESIAN_POINT('',(826.425084373225,-1854.14582220576,15.8669295839049));
#8900=CARTESIAN_POINT('',(826.425084373225,-1854.14582220576,25.8669295839049));
#8901=CARTESIAN_POINT('',(840.567219922997,-1840.0036865714,25.8669295839049));
#8902=CARTESIAN_POINT('',(840.567219922997,-1840.0036865714,15.8669295839049));
#8903=CARTESIAN_POINT('',(840.567219922997,-1840.0036865714,25.8669295839049));
#8904=CARTESIAN_POINT('',(839.047860824425,-1841.3072658821,25.8669295839049));
#8905=CARTESIAN_POINT('',(836.058867068792,-1843.97237890913,25.8669295839049));
#8906=CARTESIAN_POINT('',(833.172271069139,-1846.75087320046,25.8669295839049));
#8907=CARTESIAN_POINT('',(830.393776790731,-1849.6374692126,25.8669295839049));
#8908=CARTESIAN_POINT('',(827.728663777031,-1852.62646298027,25.8669295839049));
#8909=CARTESIAN_POINT('',(826.425084373225,-1854.14582220576,25.8669295839049));
#8910=CARTESIAN_POINT('',(824.297725352655,-1852.01846319718,15.8669295839049));
#8911=CARTESIAN_POINT('',(824.297725352654,-1852.01846319718,25.8669295839049));
#8912=CARTESIAN_POINT('',(838.439863465581,-1837.87633011398,25.8669295839049));
#8913=CARTESIAN_POINT('',(838.43986346558,-1837.87633011398,15.8669295839049));
#8914=CARTESIAN_POINT('',(838.439863465581,-1837.87633011398,25.8669295839049));
#8915=CARTESIAN_POINT('',(836.327479187224,-1839.69500157313,25.8669295839049));
#8916=CARTESIAN_POINT('',(833.245827523065,-1842.51994011104,25.8669295839049));
#8917=CARTESIAN_POINT('',(830.300540337977,-1845.48463259633,25.8669295839049));
#8918=CARTESIAN_POINT('',(829.33558972307,-1846.48661856354,25.8669295839049));
#8919=CARTESIAN_POINT('',(840.567219922997,-1840.0036865714,15.8669295839049));
#8920=CARTESIAN_POINT('',(846.868921386005,-1834.59695444529,15.8669295839049));
#8921=CARTESIAN_POINT('',(855.566556059529,-1828.25312448119,15.8669295839049));
#8922=CARTESIAN_POINT('',(864.89080113288,-1822.81732614732,15.8669295839049));
#8923=CARTESIAN_POINT('',(874.712657807789,-1818.36893678041,15.8669295839049));
#8924=CARTESIAN_POINT('',(884.891271737259,-1814.95871189067,15.8669295839049));
#8925=CARTESIAN_POINT('',(887.211260918319,-1814.24066868419,15.8669295839049));
#8926=CARTESIAN_POINT('',(824.297725352655,-1852.01846319718,15.8669295839049));
#8927=CARTESIAN_POINT('',(822.176221068851,-1854.48261837744,15.8669295839049));
#8928=CARTESIAN_POINT('',(817.914315561795,-1859.81285179992,15.8669295839049));
#8929=CARTESIAN_POINT('',(812.058819190444,-1868.40401910801,15.8669295839049));
#8930=CARTESIAN_POINT('',(806.749273084556,-1877.70990107708,15.8669295839049));
#8931=CARTESIAN_POINT('',(802.198163606291,-1887.4092940502,15.8669295839049));
#8932=CARTESIAN_POINT('',(798.434399395564,-1897.44048738984,15.8669295839049));
#8933=CARTESIAN_POINT('',(795.481944997269,-1907.73969933091,15.8669295839049));
#8934=CARTESIAN_POINT('',(793.359501814815,-1918.24141175778,15.8669295839049));
#8935=CARTESIAN_POINT('',(792.080602177225,-1928.87885340974,15.8669295839049));
#8936=CARTESIAN_POINT('',(791.653374646078,-1939.58437771067,15.8669295839049));
#8937=CARTESIAN_POINT('',(792.080599566234,-1950.28990332138,15.8669295839049));
#8938=CARTESIAN_POINT('',(793.359506784104,-1960.92734368596,15.8669295839049));
#8939=CARTESIAN_POINT('',(795.481936276094,-1971.42905801165,15.8669295839049));
#8940=CARTESIAN_POINT('',(798.434406800815,-1981.72826657995,15.8669295839049));
#8941=CARTESIAN_POINT('',(802.198155037842,-1991.75946608907,15.8669295839049));
#8942=CARTESIAN_POINT('',(806.749286391486,-2001.45884745014,15.8669295839049));
#8943=CARTESIAN_POINT('',(812.058808078813,-2010.76474404869,15.8669295839049));
#8944=CARTESIAN_POINT('',(818.092956611273,-2019.61798074031,15.8669295839049));
#8945=CARTESIAN_POINT('',(824.813326639777,-2027.96228009799,15.8669295839049));
#8946=CARTESIAN_POINT('',(832.177258551106,-2035.74452638189,15.8669295839049));
#8947=CARTESIAN_POINT('',(840.137887175224,-2042.91523911633,15.8669295839049));
#8948=CARTESIAN_POINT('',(848.644592169487,-2049.4288211017,15.8669295839049));
#8949=CARTESIAN_POINT('',(857.643245915653,-2055.24388197825,15.8669295839049));
#8950=CARTESIAN_POINT('',(867.035105028677,-2060.30107215671,15.8669295839049));
#8951=CARTESIAN_POINT('',(876.610529683478,-2064.51648652834,15.8669295839049));
#8952=CARTESIAN_POINT('',(883.111750856226,-2066.79971695774,15.8669295839049));
#8953=CARTESIAN_POINT('',(886.32560831205,-2067.79437807203,15.8669295839049));
#8954=CARTESIAN_POINT('',(826.425084373225,-1854.14582220576,25.8669295839049));
#8955=CARTESIAN_POINT('',(824.297725352654,-1852.01846319718,25.8669295839049));
#8956=CARTESIAN_POINT('',(838.439863465581,-1837.87633011398,25.8669295839049));
#8957=CARTESIAN_POINT('',(840.567219922997,-1840.0036865714,25.8669295839049));
#8958=CARTESIAN_POINT('',(822.811122446809,-1853.77542009528,75.8669295839049));
#8959=CARTESIAN_POINT('',(822.349604468967,-1854.33045137611,75.2770774149334));
#8960=CARTESIAN_POINT('',(821.833694203013,-1854.96100254092,74.6512683832265));
#8961=CARTESIAN_POINT('',(821.338376418813,-1855.57814363611,74.1559505640607));
#8962=CARTESIAN_POINT('',(821.238486164623,-1855.70260187855,74.0560603028191));
#8963=CARTESIAN_POINT('',(821.137049739488,-1855.82944310271,73.9590656545769));
#8964=CARTESIAN_POINT('',(821.034738688233,-1855.95786759063,73.8669295839048));
#8965=CARTESIAN_POINT('',(817.768146708238,-1860.2311853487,73.8669295839048));
#8966=CARTESIAN_POINT('',(817.201091017592,-1861.00465449894,74.4051011823796));
#8967=CARTESIAN_POINT('',(816.615562334624,-1861.8231267832,75.1734383442018));
#8968=CARTESIAN_POINT('',(816.128239895965,-1862.51793371011,75.8669295839049));
#8969=CARTESIAN_POINT('',(821.034738688233,-1855.95786759062,63.8669295839048));
#8970=CARTESIAN_POINT('',(821.034738688233,-1855.95786759063,73.8669295839048));
#8971=CARTESIAN_POINT('',(817.768146708238,-1860.2311853487,73.8669295839048));
#8972=CARTESIAN_POINT('',(817.768146708239,-1860.2311853487,63.8669295839048));
#8973=CARTESIAN_POINT('',(817.768146708239,-1860.2311853487,63.8669295839048));
#8974=CARTESIAN_POINT('',(817.913991008629,-1860.03225238858,63.8669295839048));
#8975=CARTESIAN_POINT('',(818.978143937262,-1858.58910144498,63.8669295839048));
#8976=CARTESIAN_POINT('',(820.071174596448,-1857.16736767436,63.8669295839048));
#8977=CARTESIAN_POINT('',(821.034738688233,-1855.95786759062,63.8669295839048));
#8978=CARTESIAN_POINT('',(822.811122446809,-1853.77542009528,75.8669295839049));
#8979=CARTESIAN_POINT('',(822.764280815163,-1853.60128621485,75.8669295839049));
#8980=CARTESIAN_POINT('',(822.553103488397,-1852.90693102171,75.8669295839049));
#8981=CARTESIAN_POINT('',(822.132744843396,-1851.97909973509,75.8669295839049));
#8982=CARTESIAN_POINT('',(821.547029579043,-1851.13721102267,75.8669295839048));
#8983=CARTESIAN_POINT('',(820.821268384307,-1850.41914500741,75.8669295839049));
#8984=CARTESIAN_POINT('',(820.149779564383,-1849.92845359239,75.8669295839049));
#8985=CARTESIAN_POINT('',(819.910903325988,-1849.77205637147,75.8669295839049));
#8986=CARTESIAN_POINT('',(817.768146708238,-1860.2311853487,73.8669295839048));
#8987=CARTESIAN_POINT('',(817.449492457569,-1860.34477113855,73.8669295839048));
#8988=CARTESIAN_POINT('',(816.744513631988,-1860.53006001225,73.8669295839048));
#8989=CARTESIAN_POINT('',(815.616193836772,-1860.6136039187,73.8669295839049));
#8990=CARTESIAN_POINT('',(814.102097158692,-1860.29305471848,73.8669295839048));
#8991=CARTESIAN_POINT('',(812.479088620915,-1859.20859518818,73.8669295839048));
#8992=CARTESIAN_POINT('',(811.366126787164,-1857.54292973065,73.8669295839049));
#8993=CARTESIAN_POINT('',(810.975306174873,-1855.57814387327,73.8669295839048));
#8994=CARTESIAN_POINT('',(811.366127235942,-1853.61335688912,73.8669295839048));
#8995=CARTESIAN_POINT('',(812.479087396657,-1851.94769339838,73.8669295839049));
#8996=CARTESIAN_POINT('',(813.811622797049,-1851.05732059114,73.8669295839048));
#8997=CARTESIAN_POINT('',(814.945625769898,-1850.71450877177,73.8669295839048));
#8998=CARTESIAN_POINT('',(815.721568703287,-1850.63832836746,73.8669295839048));
#8999=CARTESIAN_POINT('',(816.109540169982,-1850.63832836746,73.8669295839048));
#9000=CARTESIAN_POINT('',(817.768146708239,-1860.2311853487,63.8669295839048));
#9001=CARTESIAN_POINT('',(817.44949245757,-1860.34477113855,63.8669295839048));
#9002=CARTESIAN_POINT('',(816.744513631988,-1860.53006001225,63.8669295839048));
#9003=CARTESIAN_POINT('',(815.616193836772,-1860.6136039187,63.8669295839048));
#9004=CARTESIAN_POINT('',(814.102097158692,-1860.29305471848,63.8669295839048));
#9005=CARTESIAN_POINT('',(812.479088620915,-1859.20859518818,63.8669295839048));
#9006=CARTESIAN_POINT('',(811.366126787164,-1857.54292973065,63.8669295839048));
#9007=CARTESIAN_POINT('',(810.975306174873,-1855.57814387327,63.8669295839048));
#9008=CARTESIAN_POINT('',(811.366127235942,-1853.61335688912,63.8669295839048));
#9009=CARTESIAN_POINT('',(812.479087396657,-1851.94769339838,63.8669295839048));
#9010=CARTESIAN_POINT('',(813.811622797049,-1851.05732059114,63.8669295839048));
#9011=CARTESIAN_POINT('',(814.945625769898,-1850.71450877177,63.8669295839048));
#9012=CARTESIAN_POINT('',(815.721568703287,-1850.63832836746,63.8669295839048));
#9013=CARTESIAN_POINT('',(816.109540169982,-1850.63832836746,63.8669295839048));
#9014=CARTESIAN_POINT('',(816.128239895965,-1862.51793371011,75.8669295839049));
#9015=CARTESIAN_POINT('',(815.445653896239,-1863.49114044797,75.8669295839049));
#9016=CARTESIAN_POINT('',(814.775995097118,-1864.47341427354,75.8669295839049));
#9017=CARTESIAN_POINT('',(814.119499507185,-1865.46440807563,75.8669295839049));
#9018=CARTESIAN_POINT('',(808.471438665787,-1874.79245360792,75.8669295839049));
#9019=CARTESIAN_POINT('',(808.65716732952,-1874.45554165598,75.5549651291406));
#9020=CARTESIAN_POINT('',(808.851511785631,-1874.10651244743,75.242928540303));
#9021=CARTESIAN_POINT('',(809.047594835284,-1873.75812138753,74.9504282830138));
#9022=CARTESIAN_POINT('',(809.30642091958,-1873.29825148037,74.5643332259243));
#9023=CARTESIAN_POINT('',(809.590500718498,-1872.80020234317,74.1789128595297));
#9024=CARTESIAN_POINT('',(809.879060271218,-1872.30216001051,73.8669295839049));
#9025=CARTESIAN_POINT('',(812.565191477924,-1867.8658628072,73.8669295839049));
#9026=CARTESIAN_POINT('',(812.86135125932,-1867.39741595461,74.1673247323594));
#9027=CARTESIAN_POINT('',(813.158923873871,-1866.9334456792,74.5352525365226));
#9028=CARTESIAN_POINT('',(813.436297298083,-1866.50618408601,74.9053350088626));
#9029=CARTESIAN_POINT('',(813.665473639493,-1866.15316450949,75.2111110480478));
#9030=CARTESIAN_POINT('',(813.896369564,-1865.80122738432,75.5393065265911));
#9031=CARTESIAN_POINT('',(814.119499507185,-1865.46440807563,75.8669295839049));
#9032=CARTESIAN_POINT('',(812.565191477924,-1867.8658628072,63.8669295839048));
#9033=CARTESIAN_POINT('',(812.565191477924,-1867.8658628072,73.8669295839049));
#9034=CARTESIAN_POINT('',(809.879060271218,-1872.30216001051,73.8669295839049));
#9035=CARTESIAN_POINT('',(809.879060271218,-1872.30216001051,63.8669295839048));
#9036=CARTESIAN_POINT('',(809.879060271218,-1872.30216001051,63.8669295839048));
#9037=CARTESIAN_POINT('',(810.624652301102,-1871.01529776569,63.8669295839048));
#9038=CARTESIAN_POINT('',(811.516205697046,-1869.53381925271,63.8669295839048));
#9039=CARTESIAN_POINT('',(812.436103107661,-1868.07004664496,63.8669295839048));
#9040=CARTESIAN_POINT('',(812.565191477924,-1867.8658628072,63.8669295839048));
#9041=CARTESIAN_POINT('',(812.565191477924,-1867.8658628072,73.8669295839049));
#9042=CARTESIAN_POINT('',(812.56314879734,-1867.64058767522,73.8669295839049));
#9043=CARTESIAN_POINT('',(812.522617354149,-1867.02822357031,73.8669295839049));
#9044=CARTESIAN_POINT('',(812.301294551349,-1866.04188130171,73.8669295839049));
#9045=CARTESIAN_POINT('',(811.651788558996,-1864.77614254889,73.8669295839048));
#9046=CARTESIAN_POINT('',(810.303541215529,-1863.53432786862,73.8669295839049));
#9047=CARTESIAN_POINT('',(808.801109155737,-1862.98312074453,73.8669295839048));
#9048=CARTESIAN_POINT('',(807.619967549123,-1862.91673180835,73.8669295839048));
#9049=CARTESIAN_POINT('',(806.848969427483,-1863.02503257983,73.8669295839048));
#9050=CARTESIAN_POINT('',(806.472416288657,-1863.11615214072,73.8669295839049));
#9051=CARTESIAN_POINT('',(808.471438665787,-1874.79245360792,75.8669295839049));
#9052=CARTESIAN_POINT('',(808.090769234582,-1874.83885369959,75.8669295839049));
#9053=CARTESIAN_POINT('',(807.161834730456,-1874.88744366032,75.8669295839049));
#9054=CARTESIAN_POINT('',(805.680580145616,-1874.7172440674,75.8669295839049));
#9055=CARTESIAN_POINT('',(803.75639926382,-1873.94853999948,75.8669295839049));
#9056=CARTESIAN_POINT('',(801.810716821888,-1872.15645354107,75.8669295839049));
#9057=CARTESIAN_POINT('',(800.62905668746,-1869.6053220836,75.8669295839049));
#9058=CARTESIAN_POINT('',(800.513620817432,-1866.79618218916,75.8669295839049));
#9059=CARTESIAN_POINT('',(801.481983276596,-1864.15669994177,75.8669295839049));
#9060=CARTESIAN_POINT('',(803.005772382338,-1862.50231005766,75.8669295839049));
#9061=CARTESIAN_POINT('',(804.439491995526,-1861.66036489389,75.8669295839049));
#9062=CARTESIAN_POINT('',(805.472799200933,-1861.30031983469,75.8669295839049));
#9063=CARTESIAN_POINT('',(806.002025896771,-1861.17225582681,75.8669295839049));
#9064=CARTESIAN_POINT('',(809.879060271218,-1872.30216001051,63.8669295839048));
#9065=CARTESIAN_POINT('',(809.672288473895,-1872.40793198946,63.8669295839048));
#9066=CARTESIAN_POINT('',(809.103993670693,-1872.65767281368,63.8669295839048));
#9067=CARTESIAN_POINT('',(808.119431645543,-1872.91711374112,63.8669295839048));
#9068=CARTESIAN_POINT('',(806.689237944957,-1872.92065690889,63.8669295839048));
#9069=CARTESIAN_POINT('',(804.961637718577,-1872.28684208546,63.8669295839048));
#9070=CARTESIAN_POINT('',(803.490230600258,-1870.93159045295,63.8669295839048));
#9071=CARTESIAN_POINT('',(802.649459611955,-1869.11641861567,63.8669295839048));
#9072=CARTESIAN_POINT('',(802.56732566027,-1867.11766814618,63.8669295839048));
#9073=CARTESIAN_POINT('',(803.25633023578,-1865.23963504512,63.8669295839048));
#9074=CARTESIAN_POINT('',(804.340533705432,-1864.06250539025,63.8669295839048));
#9075=CARTESIAN_POINT('',(805.360648716164,-1863.46344917369,63.8669295839048));
#9076=CARTESIAN_POINT('',(806.09586314983,-1863.20727170161,63.8669295839048));
#9077=CARTESIAN_POINT('',(806.472416288657,-1863.11615214072,63.8669295839048));
#9078=CARTESIAN_POINT('',(808.471438665787,-1874.79245360792,75.8669295839049));
#9079=CARTESIAN_POINT('',(807.927013904611,-1875.78004058176,75.8669295839049));
#9080=CARTESIAN_POINT('',(805.711645624484,-1879.92130832689,75.8669295839049));
#9081=CARTESIAN_POINT('',(802.198163606292,-1887.4092940502,75.8669295839049));
#9082=CARTESIAN_POINT('',(798.434399395565,-1897.44048738983,75.8669295839049));
#9083=CARTESIAN_POINT('',(795.48194499727,-1907.73969933091,75.8669295839049));
#9084=CARTESIAN_POINT('',(793.359501814815,-1918.24141175778,75.8669295839049));
#9085=CARTESIAN_POINT('',(792.080602177225,-1928.87885340974,75.8669295839049));
#9086=CARTESIAN_POINT('',(791.653374646078,-1939.58437771066,75.8669295839049));
#9087=CARTESIAN_POINT('',(792.080599566234,-1950.28990332138,75.8669295839049));
#9088=CARTESIAN_POINT('',(793.359506784103,-1960.92734368596,75.8669295839049));
#9089=CARTESIAN_POINT('',(795.481936276094,-1971.42905801164,75.8669295839049));
#9090=CARTESIAN_POINT('',(798.434406800815,-1981.72826657995,75.8669295839049));
#9091=CARTESIAN_POINT('',(802.198155037842,-1991.75946608907,75.8669295839049));
#9092=CARTESIAN_POINT('',(805.711682446598,-1999.24750359271,75.8669295839049));
#9093=CARTESIAN_POINT('',(807.927081713373,-2003.3888313204,75.8669295839049));
#9094=CARTESIAN_POINT('',(808.471539138911,-2004.37647693161,75.8669295839049));
#9095=CARTESIAN_POINT('',(817.76831458499,-2018.93779278721,73.8669295839048));
#9096=CARTESIAN_POINT('',(817.201239386956,-2018.16430051218,74.4050877719304));
#9097=CARTESIAN_POINT('',(816.615692063776,-2017.34580637726,75.1734320703588));
#9098=CARTESIAN_POINT('',(816.12835683801,-2016.65098489804,75.8669295839048));
#9099=CARTESIAN_POINT('',(822.811153570386,-2025.39338249081,75.8669295839049));
#9100=CARTESIAN_POINT('',(822.349662694457,-2024.83838271597,75.2771189541823));
#9101=CARTESIAN_POINT('',(821.833790379019,-2024.20787697405,74.6513645592268));
#9102=CARTESIAN_POINT('',(821.338503842277,-2023.59077465593,74.1560779875252));
#9103=CARTESIAN_POINT('',(821.238567837278,-2023.46625937886,74.0561419754713));
#9104=CARTESIAN_POINT('',(821.137084087555,-2023.33935873855,73.9591039640285));
#9105=CARTESIAN_POINT('',(821.034725023477,-2023.21087350916,73.8669295839048));
#9106=CARTESIAN_POINT('',(817.76831458499,-2018.93779278721,73.8669295839048));
#9107=CARTESIAN_POINT('',(817.768314584989,-2018.93779278721,63.8669295839048));
#9108=CARTESIAN_POINT('',(821.034725023477,-2023.21087350916,63.8669295839048));
#9109=CARTESIAN_POINT('',(821.034725023477,-2023.21087350916,73.8669295839048));
#9110=CARTESIAN_POINT('',(817.768314584989,-2018.93779278721,63.8669295839048));
#9111=CARTESIAN_POINT('',(817.914104486704,-2019.13665065146,63.8669295839048));
#9112=CARTESIAN_POINT('',(818.978199739353,-2020.57972053788,63.8669295839048));
#9113=CARTESIAN_POINT('',(820.071167419638,-2022.00137710668,63.8669295839048));
#9114=CARTESIAN_POINT('',(821.034725023477,-2023.21087350916,63.8669295839048));
#9115=CARTESIAN_POINT('',(822.811153570386,-2025.39338249081,75.8669295839049));
#9116=CARTESIAN_POINT('',(822.764308720669,-2025.56754032121,75.8669295839049));
#9117=CARTESIAN_POINT('',(822.553133382502,-2026.26192128619,75.8669295839049));
#9118=CARTESIAN_POINT('',(822.024854246925,-2027.42798557445,75.8669295839049));
#9119=CARTESIAN_POINT('',(820.896711379415,-2028.90034215614,75.8669295839048));
#9120=CARTESIAN_POINT('',(819.337825903911,-2029.94195612983,75.8669295839049));
#9121=CARTESIAN_POINT('',(817.744694386464,-2030.42356559826,75.8669295839049));
#9122=CARTESIAN_POINT('',(816.654591575473,-2030.53058992458,75.8669295839048));
#9123=CARTESIAN_POINT('',(816.109540169977,-2030.53058992458,75.8669295839048));
#9124=CARTESIAN_POINT('',(817.76831458499,-2018.93779278721,73.8669295839048));
#9125=CARTESIAN_POINT('',(817.449630857648,-2018.82418353105,73.8669295839048));
#9126=CARTESIAN_POINT('',(816.7446219181,-2018.63886629858,73.8669295839048));
#9127=CARTESIAN_POINT('',(815.616265690753,-2018.55529916148,73.8669295839049));
#9128=CARTESIAN_POINT('',(814.102127765234,-2018.87584312293,73.8669295839048));
#9129=CARTESIAN_POINT('',(812.479088620915,-2019.96032310387,73.8669295839048));
#9130=CARTESIAN_POINT('',(811.366126787164,-2021.62598856139,73.8669295839049));
#9131=CARTESIAN_POINT('',(810.975306174873,-2023.59077441877,73.8669295839048));
#9132=CARTESIAN_POINT('',(811.366127235942,-2025.55556140292,73.8669295839048));
#9133=CARTESIAN_POINT('',(812.479087396657,-2027.22122489366,73.8669295839049));
#9134=CARTESIAN_POINT('',(813.811622797049,-2028.1115977009,73.8669295839048));
#9135=CARTESIAN_POINT('',(814.945625769898,-2028.45440952027,73.8669295839048));
#9136=CARTESIAN_POINT('',(815.721568703287,-2028.53058992458,73.8669295839048));
#9137=CARTESIAN_POINT('',(816.109540169982,-2028.53058992458,73.8669295839048));
#9138=CARTESIAN_POINT('',(817.768314584989,-2018.93779278721,63.8669295839048));
#9139=CARTESIAN_POINT('',(817.449630857648,-2018.82418353105,63.8669295839048));
#9140=CARTESIAN_POINT('',(816.7446219181,-2018.63886629858,63.8669295839048));
#9141=CARTESIAN_POINT('',(815.616265690753,-2018.55529916148,63.8669295839048));
#9142=CARTESIAN_POINT('',(814.102127765234,-2018.87584312293,63.8669295839048));
#9143=CARTESIAN_POINT('',(812.479088620916,-2019.96032310387,63.8669295839048));
#9144=CARTESIAN_POINT('',(811.366126787165,-2021.62598856139,63.8669295839048));
#9145=CARTESIAN_POINT('',(810.975306174873,-2023.59077441877,63.8669295839048));
#9146=CARTESIAN_POINT('',(811.366127235942,-2025.55556140292,63.8669295839048));
#9147=CARTESIAN_POINT('',(812.479087396657,-2027.22122489366,63.8669295839048));
#9148=CARTESIAN_POINT('',(813.811622797049,-2028.1115977009,63.8669295839048));
#9149=CARTESIAN_POINT('',(814.945625769898,-2028.45440952027,63.8669295839048));
#9150=CARTESIAN_POINT('',(815.721568703287,-2028.53058992458,63.8669295839048));
#9151=CARTESIAN_POINT('',(816.109540169982,-2028.53058992458,63.8669295839048));
#9152=CARTESIAN_POINT('',(822.811153570386,-2025.39338249081,75.8669295839049));
#9153=CARTESIAN_POINT('',(823.504266170505,-2026.22693599547,75.8669295839049));
#9154=CARTESIAN_POINT('',(826.522276314021,-2029.76830810204,75.8669295839049));
#9155=CARTESIAN_POINT('',(832.177258551105,-2035.74452638189,75.8669295839049));
#9156=CARTESIAN_POINT('',(840.137887175223,-2042.91523911632,75.8669295839049));
#9157=CARTESIAN_POINT('',(848.644592169486,-2049.42882110169,75.8669295839049));
#9158=CARTESIAN_POINT('',(857.643245915652,-2055.24388197825,75.8669295839049));
#9159=CARTESIAN_POINT('',(867.035105028677,-2060.30107215671,75.8669295839049));
#9160=CARTESIAN_POINT('',(876.610529683478,-2064.51648652834,75.8669295839049));
#9161=CARTESIAN_POINT('',(883.111750856226,-2066.79971695774,75.8669295839049));
#9162=CARTESIAN_POINT('',(886.32560831205,-2067.79437807203,75.8669295839049));
#9163=CARTESIAN_POINT('',(808.471539138911,-2004.37647693161,75.8669295839049));
#9164=CARTESIAN_POINT('',(808.657245467135,-2004.71334815687,75.555006140546));
#9165=CARTESIAN_POINT('',(808.851564915,-2005.06233273283,75.2430120969305));
#9166=CARTESIAN_POINT('',(809.047623048439,-2005.41068031316,74.9505482393571));
#9167=CARTESIAN_POINT('',(809.306479231856,-2005.87060474255,74.5644072686628));
#9168=CARTESIAN_POINT('',(809.590596360045,-2006.36871974184,74.1789383448985));
#9169=CARTESIAN_POINT('',(809.879193683114,-2006.86682652957,73.8669295839049));
#9170=CARTESIAN_POINT('',(812.56519286223,-2011.30290255646,73.8669295839049));
#9171=CARTESIAN_POINT('',(812.861393681356,-2011.77141396783,74.1673519123458));
#9172=CARTESIAN_POINT('',(813.159008758872,-2012.2354487731,74.5353294333503));
#9173=CARTESIAN_POINT('',(813.436418176221,-2012.66276345652,74.9054593757192));
#9174=CARTESIAN_POINT('',(813.665566842232,-2013.01573845863,75.2111980321624));
#9175=CARTESIAN_POINT('',(813.896433996289,-2013.36763014747,75.539349074085));
#9176=CARTESIAN_POINT('',(814.119537764825,-2013.70440876077,75.8669295839049));
#9177=CARTESIAN_POINT('',(812.565192862231,-2011.30290255646,63.8669295839048));
#9178=CARTESIAN_POINT('',(812.56519286223,-2011.30290255646,73.8669295839049));
#9179=CARTESIAN_POINT('',(809.879193683114,-2006.86682652957,73.8669295839049));
#9180=CARTESIAN_POINT('',(809.879193683114,-2006.86682652957,63.8669295839048));
#9181=CARTESIAN_POINT('',(809.879193683114,-2006.86682652957,63.8669295839048));
#9182=CARTESIAN_POINT('',(810.624742094829,-2008.15361159225,63.8669295839048));
#9183=CARTESIAN_POINT('',(811.516250974945,-2009.63501663094,63.8669295839048));
#9184=CARTESIAN_POINT('',(812.436102901266,-2011.09871635609,63.8669295839048));
#9185=CARTESIAN_POINT('',(812.565192862231,-2011.30290255646,63.8669295839048));
#9186=CARTESIAN_POINT('',(812.56519286223,-2011.30290255646,73.8669295839049));
#9187=CARTESIAN_POINT('',(812.563156889405,-2011.52820833731,73.8669295839049));
#9188=CARTESIAN_POINT('',(812.522637659608,-2012.14060422558,73.8669295839049));
#9189=CARTESIAN_POINT('',(812.301323186362,-2013.12698118671,73.8669295839049));
#9190=CARTESIAN_POINT('',(811.65181179246,-2014.39275434377,73.8669295839048));
#9191=CARTESIAN_POINT('',(810.303541215529,-2015.63459042342,73.8669295839049));
#9192=CARTESIAN_POINT('',(808.801109155737,-2016.18579754751,73.8669295839048));
#9193=CARTESIAN_POINT('',(807.619967549123,-2016.25218648369,73.8669295839048));
#9194=CARTESIAN_POINT('',(806.848969427483,-2016.14388571221,73.8669295839048));
#9195=CARTESIAN_POINT('',(806.472416288657,-2016.05276615132,73.8669295839049));
#9196=CARTESIAN_POINT('',(808.471539138911,-2004.37647693161,75.8669295839049));
#9197=CARTESIAN_POINT('',(808.090850290611,-2004.33006883271,75.8669295839049));
#9198=CARTESIAN_POINT('',(807.1618958221,-2004.28146761238,75.8669295839049));
#9199=CARTESIAN_POINT('',(805.68061876943,-2004.45165879463,75.8669295839049));
#9200=CARTESIAN_POINT('',(803.756414640468,-2005.22036412978,75.8669295839049));
#9201=CARTESIAN_POINT('',(801.810716821888,-2007.01246475097,75.8669295839049));
#9202=CARTESIAN_POINT('',(800.62905668746,-2009.56359620844,75.8669295839049));
#9203=CARTESIAN_POINT('',(800.513620817433,-2012.37273610288,75.8669295839049));
#9204=CARTESIAN_POINT('',(801.481983276596,-2015.01221835027,75.8669295839049));
#9205=CARTESIAN_POINT('',(803.005772382338,-2016.66660823438,75.8669295839049));
#9206=CARTESIAN_POINT('',(804.439491995526,-2017.50855339815,75.8669295839049));
#9207=CARTESIAN_POINT('',(805.472799200933,-2017.86859845735,75.8669295839049));
#9208=CARTESIAN_POINT('',(806.002025896771,-2017.99666246523,75.8669295839049));
#9209=CARTESIAN_POINT('',(809.879193683114,-2006.86682652957,63.8669295839048));
#9210=CARTESIAN_POINT('',(809.67239841694,-2006.76103461925,63.8669295839048));
#9211=CARTESIAN_POINT('',(809.104081571537,-2006.51126864174,63.8669295839048));
#9212=CARTESIAN_POINT('',(808.119493120969,-2006.25180470345,63.8669295839048));
#9213=CARTESIAN_POINT('',(806.689267001967,-2006.24825072283,63.8669295839048));
#9214=CARTESIAN_POINT('',(804.961637718577,-2006.88207620658,63.8669295839048));
#9215=CARTESIAN_POINT('',(803.490230600259,-2008.23732783909,63.8669295839048));
#9216=CARTESIAN_POINT('',(802.649459611955,-2010.05249967637,63.8669295839048));
#9217=CARTESIAN_POINT('',(802.56732566027,-2012.05125014586,63.8669295839048));
#9218=CARTESIAN_POINT('',(803.25633023578,-2013.92928324692,63.8669295839048));
#9219=CARTESIAN_POINT('',(804.340533705432,-2015.10641290179,63.8669295839048));
#9220=CARTESIAN_POINT('',(805.360648716164,-2015.70546911835,63.8669295839048));
#9221=CARTESIAN_POINT('',(806.09586314983,-2015.96164659043,63.8669295839048));
#9222=CARTESIAN_POINT('',(806.472416288657,-2016.05276615132,63.8669295839048));
#9223=CARTESIAN_POINT('',(814.119537764825,-2013.70440876077,75.8669295839049));
#9224=CARTESIAN_POINT('',(814.776058575926,-2014.69543715002,75.8669295839049));
#9225=CARTESIAN_POINT('',(815.44574381084,-2015.67774477871,75.8669295839049));
#9226=CARTESIAN_POINT('',(816.12835683801,-2016.65098489804,75.8669295839048));
#9227=CARTESIAN_POINT('',(812.308177013998,-1849.77205637147,75.8669295839049));
#9228=CARTESIAN_POINT('',(812.757542293958,-1849.77205637147,75.6207843634105));
#9229=CARTESIAN_POINT('',(813.22570187755,-1849.77205637147,75.3948365457652));
#9230=CARTESIAN_POINT('',(813.704580576652,-1849.77205637147,75.2115775978644));
#9231=CARTESIAN_POINT('',(814.481118113073,-1849.77205637147,74.9144095421614));
#9232=CARTESIAN_POINT('',(815.273892255344,-1849.77205637147,74.7332015798946));
#9233=CARTESIAN_POINT('',(816.10954016998,-1849.77205637147,74.7332015798921));
#9234=CARTESIAN_POINT('',(816.10954016998,-1849.77205637147,74.7332015798921));
#9235=CARTESIAN_POINT('',(816.945188084616,-1849.77205637147,74.73320157989));
#9236=CARTESIAN_POINT('',(817.737962226881,-1849.77205637147,74.9144095421516));
#9237=CARTESIAN_POINT('',(818.514499763303,-1849.77205637147,75.2115775978515));
#9238=CARTESIAN_POINT('',(818.993378462425,-1849.77205637147,75.3948365457575));
#9239=CARTESIAN_POINT('',(819.461538046013,-1849.77205637147,75.620784363401));
#9240=CARTESIAN_POINT('',(819.910903325988,-1849.77205637147,75.8669295839049));
#9241=CARTESIAN_POINT('',(826.275818961245,-1849.77205637147,75.8669295839049));
#9242=CARTESIAN_POINT('',(826.275818961246,-1849.77205637147,25.8669295839049));
#9243=CARTESIAN_POINT('',(887.211260918319,-1814.24066868419,15.8669295839049));
#9244=CARTESIAN_POINT('',(889.677300586894,-1813.47868938389,15.866929583905));
#9245=CARTESIAN_POINT('',(889.29199267107,-1810.92653291782,15.8669295839049));
#9246=CARTESIAN_POINT('',(888.906685003175,-1808.37437809395,15.8669295839049));
#9247=CARTESIAN_POINT('',(886.325608581531,-1808.37437807203,15.8669295839049));
#9248=CARTESIAN_POINT('',(886.32560831205,-2067.79437807203,15.8669295839049));
#9249=CARTESIAN_POINT('',(790.305867156369,-2067.79437807203,15.8669295839049));
#9250=CARTESIAN_POINT('',(790.305867156371,-2060.79437807203,15.8669295839032));
#9251=CARTESIAN_POINT('',(790.305867156369,-2067.79437807203,15.8669295839049));
#9252=CARTESIAN_POINT('',(783.305867156372,-2060.79438331418,15.8669295839049));
#9253=CARTESIAN_POINT('',(790.305685613338,-1818.37439221548,15.8669295839125));
#9254=CARTESIAN_POINT('',(783.30568561334,-1818.37439745763,15.8669295839049));
#9255=CARTESIAN_POINT('',(790.305699756765,-1811.37439221549,15.8669295839049));
#9256=CARTESIAN_POINT('',(829.33558972307,-1846.48661856354,25.8669295839049));
#9257=CARTESIAN_POINT('',(829.33558972307,-1846.48661856354,75.8669295839049));
#9258=CARTESIAN_POINT('',(812.308177013998,-1849.77205637147,75.8669295839049));
#9259=CARTESIAN_POINT('',(808.33558972307,-1849.77205637147,75.8669295839049));
#9260=CARTESIAN_POINT('',(826.275818961245,-1849.77205637147,75.8669295839049));
#9261=CARTESIAN_POINT('',(819.910903325988,-1849.77205637147,75.8669295839049));
#9262=CARTESIAN_POINT('',(886.325608042569,-2070.79437807203,15.8669295839049));
#9263=CARTESIAN_POINT('',(926.005776385872,-2070.79437807203,15.8669295839049));
#9264=CARTESIAN_POINT('',(886.325608581531,-1808.37437807203,15.8669295839049));
#9265=CARTESIAN_POINT('',(790.305685613325,-1808.37437807203,15.8669295839049));
#9266=CARTESIAN_POINT('',(826.275818961246,-1849.77205637147,25.8669295839049));
#9267=CARTESIAN_POINT('',(822.051318514281,-1849.77205637147,25.8669295839049));
#9268=CARTESIAN_POINT('',(840.567219922997,-1840.0036865714,15.8669295839049));
#9269=CARTESIAN_POINT('',(888.180999480622,-1887.61746612903,15.8669295839049));
#9270=CARTESIAN_POINT('',(838.43986346558,-1837.87633011398,15.8669295839049));
#9271=CARTESIAN_POINT('',(840.567219922997,-1840.0036865714,15.8669295839049));
#9272=CARTESIAN_POINT('',(824.297725352655,-1852.01846319718,15.8669295839049));
#9273=CARTESIAN_POINT('',(822.051318514281,-1849.77205637147,15.8669295839049));
#9274=CARTESIAN_POINT('',(826.425084373225,-1854.14582220576,15.8669295839049));
#9275=CARTESIAN_POINT('',(824.297725352655,-1852.01846319718,15.8669295839049));
#9276=CARTESIAN_POINT('',(812.308177013998,-1849.77205637147,75.8669295839049));
#9277=CARTESIAN_POINT('',(812.069300775598,-1849.92845359239,75.8669295839049));
#9278=CARTESIAN_POINT('',(811.39781195567,-1850.41914500741,75.8669295839049));
#9279=CARTESIAN_POINT('',(810.410198624766,-1851.39628676463,75.8669295839048));
#9280=CARTESIAN_POINT('',(809.393357216714,-1853.08073387677,75.8669295839049));
#9281=CARTESIAN_POINT('',(808.896591529169,-1855.57814363614,75.8669295839051));
#9282=CARTESIAN_POINT('',(809.445644551687,-1858.33841957949,75.866929583905));
#9283=CARTESIAN_POINT('',(811.009215273728,-1860.67846853242,75.8669295839049));
#9284=CARTESIAN_POINT('',(812.884465753517,-1861.93147084375,75.866929583905));
#9285=CARTESIAN_POINT('',(814.481674612298,-1862.41313527926,75.8669295839049));
#9286=CARTESIAN_POINT('',(815.575709600662,-1862.51905289047,75.8669295839049));
#9287=CARTESIAN_POINT('',(816.124499959825,-1862.51794378797,75.8669295839049));
#9288=CARTESIAN_POINT('',(816.128239895965,-1862.51793371011,75.8669295839049));
#9289=CARTESIAN_POINT('',(826.275818961245,-1849.77205637147,75.8669295839049));
#9290=CARTESIAN_POINT('',(825.820209114245,-1850.27797544728,75.8669295839049));
#9291=CARTESIAN_POINT('',(824.649110895388,-1851.59845785505,75.8669295839049));
#9292=CARTESIAN_POINT('',(823.504247802159,-1852.94185288397,75.8669295839049));
#9293=CARTESIAN_POINT('',(822.811122446809,-1853.77542009528,75.8669295839049));
#9294=CARTESIAN_POINT('',(826.275818961246,-1849.77205637147,25.8669295839049));
#9295=CARTESIAN_POINT('',(825.820209114245,-1850.27797544728,25.8669295839049));
#9296=CARTESIAN_POINT('',(825.158161698374,-1851.02447300973,25.8669295839049));
#9297=CARTESIAN_POINT('',(824.504498734773,-1851.77829318924,25.8669295839049));
#9298=CARTESIAN_POINT('',(824.297725352654,-1852.01846319718,25.8669295839049));
#9299=CARTESIAN_POINT('',(829.33558972307,-1846.48661856354,25.8669295839049));
#9300=CARTESIAN_POINT('',(828.297446845628,-1847.56460595387,25.8669295839049));
#9301=CARTESIAN_POINT('',(827.277331589505,-1848.65995498333,25.8669295839049));
#9302=CARTESIAN_POINT('',(826.275818961246,-1849.77205637147,25.8669295839049));
#9303=CARTESIAN_POINT('',(790.30586715637,-2060.79437807203,75.8669295839049));
#9304=CARTESIAN_POINT('',(780.305867156373,-2060.79438556081,75.8669295839049));
#9305=CARTESIAN_POINT('',(790.30586715637,-2070.79437807203,75.8669295839049));
#9306=CARTESIAN_POINT('',(790.305685613325,-1818.37437807203,75.866929583905));
#9307=CARTESIAN_POINT('',(790.305685613325,-1808.37437807203,75.8669295839049));
#9308=CARTESIAN_POINT('',(780.305685613328,-1818.37438556081,75.8669295839049));
#9309=CARTESIAN_POINT('',(790.305867156369,-2060.79437807203,75.8669295839032));
#9310=CARTESIAN_POINT('',(790.305867156369,-2067.79437807203,75.8669295839049));
#9311=CARTESIAN_POINT('',(783.305867156372,-2060.79438331418,75.8669295839049));
#9312=CARTESIAN_POINT('',(790.305685613338,-1818.37439221548,75.8669295839125));
#9313=CARTESIAN_POINT('',(783.30568561334,-1818.37439745763,75.8669295839049));
#9314=CARTESIAN_POINT('',(790.305699756765,-1811.37439221549,75.8669295839049));
#9315=CARTESIAN_POINT('',(805.732588717539,-2011.25832541707,67.8669295839049));
#9316=CARTESIAN_POINT('',(805.732588717539,-2011.25832541707,74.8669295839049));
#9317=CARTESIAN_POINT('',(805.732588717539,-2011.25832541707,67.8669295839049));
#9318=CARTESIAN_POINT('',(805.732588717539,-2011.10909987859,67.8669295839049));
#9319=CARTESIAN_POINT('',(805.761890105563,-2010.81064880162,67.8669295839049));
#9320=CARTESIAN_POINT('',(805.893746351674,-2010.37447726593,67.8669295839049));
#9321=CARTESIAN_POINT('',(806.236208997364,-2009.8619456969,67.8669295839049));
#9322=CARTESIAN_POINT('',(806.876873458655,-2009.43386738979,67.8669295839049));
#9323=CARTESIAN_POINT('',(807.632588717539,-2009.28354627858,67.8669295839049));
#9324=CARTESIAN_POINT('',(808.388303976422,-2009.43386738979,67.8669295839049));
#9325=CARTESIAN_POINT('',(809.028968437714,-2009.8619456969,67.8669295839049));
#9326=CARTESIAN_POINT('',(809.371431083404,-2010.37447726593,67.8669295839049));
#9327=CARTESIAN_POINT('',(809.503287329514,-2010.81064880162,67.8669295839049));
#9328=CARTESIAN_POINT('',(809.532588717539,-2011.10909987859,67.8669295839049));
#9329=CARTESIAN_POINT('',(809.532588717539,-2011.25832541707,67.8669295839049));
#9330=CARTESIAN_POINT('',(805.732528701328,-2011.25832541778,74.8669295839048));
#9331=CARTESIAN_POINT('',(805.732531639859,-2011.50700698062,74.8669295839048));
#9332=CARTESIAN_POINT('',(805.831448727962,-2012.00436994168,74.8669295839048));
#9333=CARTESIAN_POINT('',(806.254065242714,-2012.6368748081,74.8669295839048));
#9334=CARTESIAN_POINT('',(806.886531563083,-2013.05944247521,74.8669295839049));
#9335=CARTESIAN_POINT('',(807.63259519405,-2013.20786599302,74.866929583905));
#9336=CARTESIAN_POINT('',(808.378630158191,-2013.05945048299,74.866929583905));
#9337=CARTESIAN_POINT('',(809.011138228512,-2012.63685957024,74.8669295839049));
#9338=CARTESIAN_POINT('',(809.433672375411,-2012.00436753258,74.8669295839049));
#9339=CARTESIAN_POINT('',(809.532731469216,-2011.50702142446,74.8669295839049));
#9340=CARTESIAN_POINT('',(809.532588717539,-2011.25832541707,74.8669295839049));
#9341=CARTESIAN_POINT('',(805.732528701323,-2011.25832503198,74.8669295839048));
#9342=CARTESIAN_POINT('',(804.732497010286,-2011.25832481558,75.8669295839048));
#9343=CARTESIAN_POINT('',(804.732497010286,-2011.25832481558,75.8669295839048));
#9344=CARTESIAN_POINT('',(804.732501430659,-2011.6378916012,75.8669295839049));
#9345=CARTESIAN_POINT('',(804.88348001659,-2012.39702480505,75.8669295839047));
#9346=CARTESIAN_POINT('',(805.528526538348,-2013.36242734405,75.8669295839048));
#9347=CARTESIAN_POINT('',(806.493869804378,-2014.00739882664,75.8669295839049));
#9348=CARTESIAN_POINT('',(807.632598648114,-2014.23394025192,75.8669295839049));
#9349=CARTESIAN_POINT('',(808.77128353775,-2014.00741096124,75.8669295839048));
#9350=CARTESIAN_POINT('',(809.736690803748,-2013.362404321,75.8669295839049));
#9351=CARTESIAN_POINT('',(810.381611053185,-2012.39702063325,75.8669295839048));
#9352=CARTESIAN_POINT('',(810.532807053386,-2011.63791487056,75.8669295839048));
#9353=CARTESIAN_POINT('',(810.532588717539,-2011.25832541707,75.8669295839049));
#9354=CARTESIAN_POINT('',(814.209540169995,-2023.59077465593,67.8669295839048));
#9355=CARTESIAN_POINT('',(814.209540169995,-2023.59077465593,74.8669295839048));
#9356=CARTESIAN_POINT('',(814.209540169995,-2023.59077465593,67.8669295839048));
#9357=CARTESIAN_POINT('',(814.209540169994,-2023.44154911744,67.8669295839048));
#9358=CARTESIAN_POINT('',(814.238841558019,-2023.14309804048,67.8669295839048));
#9359=CARTESIAN_POINT('',(814.37069780413,-2022.70692650479,67.8669295839048));
#9360=CARTESIAN_POINT('',(814.713160449819,-2022.19439493575,67.8669295839048));
#9361=CARTESIAN_POINT('',(815.353824911111,-2021.76631662864,67.8669295839048));
#9362=CARTESIAN_POINT('',(816.109540169996,-2021.61599551743,67.8669295839048));
#9363=CARTESIAN_POINT('',(816.865255428878,-2021.76631662864,67.8669295839048));
#9364=CARTESIAN_POINT('',(817.50591989017,-2022.19439493575,67.8669295839048));
#9365=CARTESIAN_POINT('',(817.84838253586,-2022.70692650479,67.8669295839048));
#9366=CARTESIAN_POINT('',(817.98023878197,-2023.14309804048,67.8669295839048));
#9367=CARTESIAN_POINT('',(818.009540169995,-2023.44154911744,67.8669295839048));
#9368=CARTESIAN_POINT('',(818.009540169995,-2023.59077465593,67.8669295839048));
#9369=CARTESIAN_POINT('',(814.209480153783,-2023.59077465522,74.8669295839048));
#9370=CARTESIAN_POINT('',(814.209483092313,-2023.34209309238,74.8669295839048));
#9371=CARTESIAN_POINT('',(814.308400180418,-2022.84473013132,74.8669295839049));
#9372=CARTESIAN_POINT('',(814.731016695168,-2022.2122252649,74.8669295839048));
#9373=CARTESIAN_POINT('',(815.363483015538,-2021.78965759779,74.8669295839048));
#9374=CARTESIAN_POINT('',(816.109546646504,-2021.64123407997,74.8669295839049));
#9375=CARTESIAN_POINT('',(816.855581610646,-2021.78964959001,74.8669295839047));
#9376=CARTESIAN_POINT('',(817.488089680966,-2022.21224050276,74.8669295839047));
#9377=CARTESIAN_POINT('',(817.910623827868,-2022.84473254041,74.8669295839048));
#9378=CARTESIAN_POINT('',(818.009682921672,-2023.34207864854,74.8669295839048));
#9379=CARTESIAN_POINT('',(818.009540169995,-2023.59077465593,74.8669295839048));
#9380=CARTESIAN_POINT('',(814.209480153778,-2023.59077504102,74.8669295839048));
#9381=CARTESIAN_POINT('',(813.209448462743,-2023.59077525742,75.8669295839048));
#9382=CARTESIAN_POINT('',(813.209448462743,-2023.59077525742,75.8669295839048));
#9383=CARTESIAN_POINT('',(813.209452883115,-2023.2112084718,75.8669295839048));
#9384=CARTESIAN_POINT('',(813.360431469047,-2022.45207526795,75.8669295839049));
#9385=CARTESIAN_POINT('',(814.005477990803,-2021.48667272895,75.8669295839048));
#9386=CARTESIAN_POINT('',(814.970821256833,-2020.84170124636,75.8669295839046));
#9387=CARTESIAN_POINT('',(816.10955010057,-2020.61515982107,75.8669295839049));
#9388=CARTESIAN_POINT('',(817.248234990206,-2020.84168911176,75.8669295839046));
#9389=CARTESIAN_POINT('',(818.213642256202,-2021.486695752,75.8669295839046));
#9390=CARTESIAN_POINT('',(818.858562505642,-2022.45207943975,75.8669295839047));
#9391=CARTESIAN_POINT('',(819.009758505841,-2023.21118520243,75.8669295839048));
#9392=CARTESIAN_POINT('',(819.009540169995,-2023.59077465593,75.8669295839048));
#9393=CARTESIAN_POINT('',(805.732588717539,-1867.91059287497,67.8669295839049));
#9394=CARTESIAN_POINT('',(805.732588717539,-1867.91059287497,74.8669295839049));
#9395=CARTESIAN_POINT('',(805.732588717539,-1867.91059287497,67.8669295839049));
#9396=CARTESIAN_POINT('',(805.732588717539,-1868.05981841345,67.8669295839049));
#9397=CARTESIAN_POINT('',(805.761890105563,-1868.35826949042,67.8669295839049));
#9398=CARTESIAN_POINT('',(805.893746351674,-1868.79444102611,67.8669295839049));
#9399=CARTESIAN_POINT('',(806.236208997364,-1869.30697259514,67.8669295839049));
#9400=CARTESIAN_POINT('',(806.876873458655,-1869.73505090225,67.8669295839049));
#9401=CARTESIAN_POINT('',(807.632588717539,-1869.88537201346,67.8669295839049));
#9402=CARTESIAN_POINT('',(808.388303976422,-1869.73505090225,67.8669295839049));
#9403=CARTESIAN_POINT('',(809.028968437714,-1869.30697259514,67.8669295839049));
#9404=CARTESIAN_POINT('',(809.371431083404,-1868.79444102611,67.8669295839049));
#9405=CARTESIAN_POINT('',(809.503287329514,-1868.35826949042,67.8669295839049));
#9406=CARTESIAN_POINT('',(809.532588717539,-1868.05981841345,67.8669295839049));
#9407=CARTESIAN_POINT('',(809.532588717539,-1867.91059287497,67.8669295839049));
#9408=CARTESIAN_POINT('',(805.732528701328,-1867.91059287426,74.8669295839048));
#9409=CARTESIAN_POINT('',(805.732531639859,-1867.66191131142,74.8669295839048));
#9410=CARTESIAN_POINT('',(805.831448727962,-1867.16454835036,74.8669295839048));
#9411=CARTESIAN_POINT('',(806.254065242714,-1866.53204348394,74.8669295839048));
#9412=CARTESIAN_POINT('',(806.886531563083,-1866.10947581683,74.8669295839049));
#9413=CARTESIAN_POINT('',(807.63259519405,-1865.96105229902,74.866929583905));
#9414=CARTESIAN_POINT('',(808.378630158191,-1866.10946780905,74.866929583905));
#9415=CARTESIAN_POINT('',(809.011138228512,-1866.5320587218,74.8669295839049));
#9416=CARTESIAN_POINT('',(809.433672375411,-1867.16455075946,74.8669295839049));
#9417=CARTESIAN_POINT('',(809.532731469216,-1867.66189686758,74.8669295839049));
#9418=CARTESIAN_POINT('',(809.532588717539,-1867.91059287497,74.8669295839049));
#9419=CARTESIAN_POINT('',(805.732528701323,-1867.91059326006,74.8669295839048));
#9420=CARTESIAN_POINT('',(804.732497010286,-1867.91059347646,75.8669295839048));
#9421=CARTESIAN_POINT('',(804.732497010286,-1867.91059347646,75.8669295839048));
#9422=CARTESIAN_POINT('',(804.732501430659,-1867.53102669084,75.8669295839049));
#9423=CARTESIAN_POINT('',(804.88348001659,-1866.77189348699,75.8669295839047));
#9424=CARTESIAN_POINT('',(805.528526538348,-1865.806490948,75.8669295839048));
#9425=CARTESIAN_POINT('',(806.493869804378,-1865.1615194654,75.8669295839049));
#9426=CARTESIAN_POINT('',(807.632598648114,-1864.93497804012,75.8669295839049));
#9427=CARTESIAN_POINT('',(808.77128353775,-1865.1615073308,75.8669295839048));
#9428=CARTESIAN_POINT('',(809.736690803748,-1865.80651397104,75.8669295839049));
#9429=CARTESIAN_POINT('',(810.381611053185,-1866.77189765879,75.8669295839048));
#9430=CARTESIAN_POINT('',(810.532807053386,-1867.53100342148,75.8669295839048));
#9431=CARTESIAN_POINT('',(810.532588717539,-1867.91059287497,75.8669295839049));
#9432=CARTESIAN_POINT('',(814.209540169995,-1855.57814363611,67.8669295839048));
#9433=CARTESIAN_POINT('',(814.209540169995,-1855.57814363611,74.8669295839048));
#9434=CARTESIAN_POINT('',(814.209540169995,-1855.57814363611,67.8669295839048));
#9435=CARTESIAN_POINT('',(814.209540169994,-1855.7273691746,67.8669295839048));
#9436=CARTESIAN_POINT('',(814.238841558019,-1856.02582025156,67.8669295839048));
#9437=CARTESIAN_POINT('',(814.37069780413,-1856.46199178726,67.8669295839048));
#9438=CARTESIAN_POINT('',(814.713160449819,-1856.97452335629,67.8669295839048));
#9439=CARTESIAN_POINT('',(815.353824911111,-1857.4026016634,67.8669295839048));
#9440=CARTESIAN_POINT('',(816.109540169996,-1857.55292277461,67.8669295839048));
#9441=CARTESIAN_POINT('',(816.865255428878,-1857.4026016634,67.8669295839048));
#9442=CARTESIAN_POINT('',(817.50591989017,-1856.97452335629,67.8669295839048));
#9443=CARTESIAN_POINT('',(817.84838253586,-1856.46199178726,67.8669295839048));
#9444=CARTESIAN_POINT('',(817.98023878197,-1856.02582025156,67.8669295839048));
#9445=CARTESIAN_POINT('',(818.009540169995,-1855.7273691746,67.8669295839048));
#9446=CARTESIAN_POINT('',(818.009540169995,-1855.57814363611,67.8669295839048));
#9447=CARTESIAN_POINT('',(814.209480153783,-1855.57814363682,74.8669295839048));
#9448=CARTESIAN_POINT('',(814.209483092313,-1855.82682519967,74.8669295839048));
#9449=CARTESIAN_POINT('',(814.308400180418,-1856.32418816072,74.8669295839049));
#9450=CARTESIAN_POINT('',(814.731016695168,-1856.95669302714,74.8669295839048));
#9451=CARTESIAN_POINT('',(815.363483015538,-1857.37926069425,74.8669295839048));
#9452=CARTESIAN_POINT('',(816.109546646504,-1857.52768421207,74.8669295839049));
#9453=CARTESIAN_POINT('',(816.855581610646,-1857.37926870203,74.8669295839047));
#9454=CARTESIAN_POINT('',(817.488089680966,-1856.95667778929,74.8669295839047));
#9455=CARTESIAN_POINT('',(817.910623827868,-1856.32418575163,74.8669295839048));
#9456=CARTESIAN_POINT('',(818.009682921672,-1855.8268396435,74.8669295839048));
#9457=CARTESIAN_POINT('',(818.009540169995,-1855.57814363611,74.8669295839048));
#9458=CARTESIAN_POINT('',(814.209480153778,-1855.57814325102,74.8669295839048));
#9459=CARTESIAN_POINT('',(813.209448462743,-1855.57814303462,75.8669295839048));
#9460=CARTESIAN_POINT('',(813.209448462743,-1855.57814303462,75.8669295839048));
#9461=CARTESIAN_POINT('',(813.209452883115,-1855.95770982024,75.8669295839048));
#9462=CARTESIAN_POINT('',(813.360431469047,-1856.71684302409,75.8669295839049));
#9463=CARTESIAN_POINT('',(814.005477990803,-1857.68224556309,75.8669295839048));
#9464=CARTESIAN_POINT('',(814.970821256833,-1858.32721704568,75.8669295839046));
#9465=CARTESIAN_POINT('',(816.10955010057,-1858.55375847097,75.8669295839049));
#9466=CARTESIAN_POINT('',(817.248234990206,-1858.32722918028,75.8669295839046));
#9467=CARTESIAN_POINT('',(818.213642256202,-1857.68222254004,75.8669295839046));
#9468=CARTESIAN_POINT('',(818.858562505642,-1856.71683885229,75.8669295839047));
#9469=CARTESIAN_POINT('',(819.009758505841,-1855.95773308961,75.8669295839048));
#9470=CARTESIAN_POINT('',(819.009540169995,-1855.57814363611,75.8669295839048));
#9471=CARTESIAN_POINT('',(861.730776384843,-1939.58437807312,15.8669295839049));
#9472=CARTESIAN_POINT('',(861.730776384843,-1939.58437807312,17.5335962505716));
#9473=CARTESIAN_POINT('',(861.730776384843,-1939.58437807312,19.2002629172382));
#9474=CARTESIAN_POINT('',(861.730776384843,-1939.58437807312,20.8669295839049));
#9475=CARTESIAN_POINT('',(861.730776384843,-1939.58437807312,20.8669295839049));
#9476=CARTESIAN_POINT('',(861.730776384843,-1939.98444264321,20.8669295839049));
#9477=CARTESIAN_POINT('',(861.733889130173,-1940.38450721331,20.8669295839049));
#9478=CARTESIAN_POINT('',(861.740114620833,-1940.78453949682,20.8669295839049));
#9479=CARTESIAN_POINT('',(861.749452347864,-1941.18450720714,20.8669295839049));
#9480=CARTESIAN_POINT('',(861.76190129642,-1941.58437807312,20.8669295839049));
#9481=CARTESIAN_POINT('',(861.730776384843,-1939.58437807312,15.8669295839049));
#9482=CARTESIAN_POINT('',(861.730776384843,-1944.63252095584,15.8669295839049));
#9483=CARTESIAN_POINT('',(862.722011502169,-1954.72880672128,15.8669295839049));
#9484=CARTESIAN_POINT('',(867.182569530142,-1969.48403065014,15.8669295839049));
#9485=CARTESIAN_POINT('',(878.767720211112,-1986.82243423946,15.8669295839049));
#9486=CARTESIAN_POINT('',(900.440724923187,-2001.30387240036,15.8669295839049));
#9487=CARTESIAN_POINT('',(926.005775792012,-2006.38907820586,15.8669295839049));
#9488=CARTESIAN_POINT('',(951.570829477753,-2001.30387127839,15.8669295839049));
#9489=CARTESIAN_POINT('',(973.243829272843,-1986.82243730005,15.8669295839049));
#9490=CARTESIAN_POINT('',(984.828988152155,-1969.48402594448,15.8669295839049));
#9491=CARTESIAN_POINT('',(989.289542160718,-1954.7288035507,15.8669295839049));
#9492=CARTESIAN_POINT('',(990.280776384843,-1944.63251989898,15.8669295839049));
#9493=CARTESIAN_POINT('',(990.280776384843,-1939.58437807312,15.8669295839049));
#9494=CARTESIAN_POINT('',(866.430776384843,-1939.58437807312,20.8669295839049));
#9495=CARTESIAN_POINT('',(866.430776384843,-1939.58437807312,15.8669295839049));
#9496=CARTESIAN_POINT('',(866.430776384813,-1939.58437807312,15.8669295839049));
#9497=CARTESIAN_POINT('',(866.430776384811,-1934.90537205312,15.8669295839049));
#9498=CARTESIAN_POINT('',(867.15223884206,-1927.55687221643,15.8669295839049));
#9499=CARTESIAN_POINT('',(869.006776727434,-1920.35667163171,15.8669295839049));
#9500=CARTESIAN_POINT('',(871.94806173559,-1913.53767810551,15.8669295839049));
#9501=CARTESIAN_POINT('',(875.862544478857,-1907.30495559452,15.8669295839049));
#9502=CARTESIAN_POINT('',(877.406532037505,-1905.12726958258,15.8669295839049));
#9503=CARTESIAN_POINT('',(866.430776384843,-1939.58437807312,20.8669295839049));
#9504=CARTESIAN_POINT('',(866.430776384843,-1939.98445323862,20.8669295839049));
#9505=CARTESIAN_POINT('',(866.434134879262,-1940.38452840413,20.8669295839049));
#9506=CARTESIAN_POINT('',(866.4408518681,-1940.78456598479,20.8669295839049));
#9507=CARTESIAN_POINT('',(866.450926712119,-1941.18452839576,20.8669295839049));
#9508=CARTESIAN_POINT('',(866.464358137001,-1941.58437807312,20.8669295839049));
#9509=CARTESIAN_POINT('',(943.294536654955,-1956.87314015133,15.8669295839049));
#9510=CARTESIAN_POINT('',(943.294536654955,-1956.87314015133,26.8669295839049));
#9511=CARTESIAN_POINT('',(943.294536654955,-1956.87314015133,37.8669295839049));
#9512=CARTESIAN_POINT('',(943.294536654955,-1956.87314015133,48.8669295839049));
#9513=CARTESIAN_POINT('',(943.294536654955,-1956.87314015133,48.8669295839049));
#9514=CARTESIAN_POINT('',(941.936681581222,-1958.23099522507,48.8669295839049));
#9515=CARTESIAN_POINT('',(938.954347913406,-1960.68008185218,48.8669295839049));
#9516=CARTESIAN_POINT('',(933.785665572703,-1963.44915250973,48.8669295839049));
#9517=CARTESIAN_POINT('',(926.005775854943,-1964.99666879144,48.8669295839049));
#9518=CARTESIAN_POINT('',(916.280913707742,-1963.0622734393,48.8669295839049));
#9519=CARTESIAN_POINT('',(908.036573666358,-1957.5535815399,48.8669295839049));
#9520=CARTESIAN_POINT('',(902.527881766964,-1949.30924149852,48.8669295839049));
#9521=CARTESIAN_POINT('',(900.593486414824,-1939.58437935132,48.8669295839049));
#9522=CARTESIAN_POINT('',(902.141002696535,-1931.80448963356,48.8669295839049));
#9523=CARTESIAN_POINT('',(904.910073354084,-1926.63580729286,48.8669295839049));
#9524=CARTESIAN_POINT('',(907.359159981199,-1923.65347362504,48.8669295839049));
#9525=CARTESIAN_POINT('',(908.717015054932,-1922.29561855131,48.8669295839049));
#9526=CARTESIAN_POINT('',(943.294536654955,-1956.87314015133,15.8669295839049));
#9527=CARTESIAN_POINT('',(944.652391828873,-1955.51528497742,15.8669295839049));
#9528=CARTESIAN_POINT('',(947.101478408365,-1952.53295135722,15.8669295839049));
#9529=CARTESIAN_POINT('',(949.870548996317,-1947.36426908612,15.8669295839049));
#9530=CARTESIAN_POINT('',(951.418065196246,-1939.58437945014,15.8669295839049));
#9531=CARTESIAN_POINT('',(949.483669775801,-1929.85951737125,15.8669295839049));
#9532=CARTESIAN_POINT('',(943.974977852419,-1921.61517735385,15.8669295839049));
#9533=CARTESIAN_POINT('',(935.850961758232,-1916.18688330617,15.8669295839049));
#9534=CARTESIAN_POINT('',(928.234217459792,-1914.61638473897,15.8669295839049));
#9535=CARTESIAN_POINT('',(922.541616582446,-1915.10002805716,15.8669295839049));
#9536=CARTESIAN_POINT('',(918.963744062989,-1916.10287222193,15.8669295839049));
#9537=CARTESIAN_POINT('',(917.3002403096,-1916.736706958,15.8669295839049));
#9538=CARTESIAN_POINT('',(930.248416542062,-1943.82702003844,43.8669295839049));
#9539=CARTESIAN_POINT('',(930.248416542062,-1943.82702003844,48.8669295839049));
#9540=CARTESIAN_POINT('',(926.005775854943,-1939.58437935132,48.8669295839049));
#9541=CARTESIAN_POINT('',(930.248416542062,-1943.82702003844,48.8669295839049));
#9542=CARTESIAN_POINT('',(921.763135167824,-1935.3417386642,48.8669295839049));
#9543=CARTESIAN_POINT('',(926.005775854943,-1939.58437935132,43.8669295839049));
#9544=CARTESIAN_POINT('',(930.248416542062,-1943.82702003844,43.8669295839049));
#9545=CARTESIAN_POINT('',(921.763135167824,-1935.3417386642,43.8669295839049));
#9546=CARTESIAN_POINT('',(0.,0.,0.));
ENDSEC;
END-ISO-10303-21;
