ISO-10303-21;
HEADER;
/* Generated by software containing ST-Developer
 * from STEP Tools, Inc. (www.steptools.com) 
 */
/* OPTION: using custom schema-name function */

FILE_DESCRIPTION(
/* description */ (''),
/* implementation_level */ '2;1');

FILE_NAME(
/* name */ '\X2\63D2536176D8570676D6\X0\01',
/* time_stamp */ '2025-12-23T13:48:48+08:00',
/* author */ (''),
/* organization */ (''),
/* preprocessor_version */ 'ST-DEVELOPER v19.2',
/* originating_system */ 'Rhino 8.5',
/* authorisation */ '');

FILE_SCHEMA (('AUTOMOTIVE_DESIGN'));
ENDSEC;

DATA;
#10=SHAPE_REPRESENTATION_RELATIONSHIP('','',#815,#22);
#11=COLOUR_RGB('',0.,0.,0.);
#12=FILL_AREA_STYLE_COLOUR('',#11);
#13=FILL_AREA_STYLE('',(#12));
#14=SURFACE_STYLE_FILL_AREA(#13);
#15=SURFACE_SIDE_STYLE('',(#14));
#16=SURFACE_STYLE_USAGE(.BOTH.,#15);
#17=MECHANICAL_DESIGN_GEOMETRIC_PRESENTATION_REPRESENTATION('',(#19),#814);
#18=PRESENTATION_STYLE_ASSIGNMENT((#16));
#19=STYLED_ITEM('',(#18),#21);
#20=PRESENTATION_LAYER_ASSIGNMENT('\X2\5B9E4F53\X0\1','',(#21));
#21=MANIFOLD_SOLID_BREP('brep_1',#23);
#22=ADVANCED_BREP_SHAPE_REPRESENTATION('brep_rep_0',(#21,#869),#814);
#23=CLOSED_SHELL('',(#24,#25,#26,#27,#28,#29,#30,#31,#32,#33,#34,#35,#36,
#37,#38,#39,#40,#41,#42,#43,#44,#45,#46,#47,#48,#49,#50,#51,#52,#53,#54,
#55,#56,#57,#58,#59,#60,#61,#62,#63,#64,#65,#66,#67,#68,#69,#70,#71,#72,
#73,#74,#75,#76,#77,#78));
#24=ADVANCED_FACE('',(#92,#79),#747,.T.);
#25=ADVANCED_FACE('',(#93),#748,.T.);
#26=ADVANCED_FACE('',(#94),#773,.F.);
#27=ADVANCED_FACE('',(#95),#774,.T.);
#28=ADVANCED_FACE('',(#96,#80),#749,.T.);
#29=ADVANCED_FACE('',(#97,#81),#750,.T.);
#30=ADVANCED_FACE('',(#98),#775,.F.);
#31=ADVANCED_FACE('',(#99),#776,.T.);
#32=ADVANCED_FACE('',(#100,#82),#751,.T.);
#33=ADVANCED_FACE('',(#101,#83),#752,.T.);
#34=ADVANCED_FACE('',(#102),#777,.F.);
#35=ADVANCED_FACE('',(#103),#778,.T.);
#36=ADVANCED_FACE('',(#104,#84),#753,.T.);
#37=ADVANCED_FACE('',(#105,#85),#754,.T.);
#38=ADVANCED_FACE('',(#106),#779,.F.);
#39=ADVANCED_FACE('',(#107),#780,.T.);
#40=ADVANCED_FACE('',(#108,#86),#755,.T.);
#41=ADVANCED_FACE('',(#109,#87),#756,.T.);
#42=ADVANCED_FACE('',(#110),#781,.F.);
#43=ADVANCED_FACE('',(#111),#782,.T.);
#44=ADVANCED_FACE('',(#112),#765,.T.);
#45=ADVANCED_FACE('',(#113),#757,.T.);
#46=ADVANCED_FACE('',(#114),#766,.T.);
#47=ADVANCED_FACE('',(#115),#758,.T.);
#48=ADVANCED_FACE('',(#116),#767,.T.);
#49=ADVANCED_FACE('',(#117),#759,.T.);
#50=ADVANCED_FACE('',(#118,#88),#760,.T.);
#51=ADVANCED_FACE('',(#119),#783,.T.);
#52=ADVANCED_FACE('',(#120),#784,.F.);
#53=ADVANCED_FACE('',(#121),#769,.T.);
#54=ADVANCED_FACE('',(#122,#89),#761,.T.);
#55=ADVANCED_FACE('',(#123,#90),#762,.T.);
#56=ADVANCED_FACE('',(#124),#771,.F.);
#57=ADVANCED_FACE('',(#125),#763,.T.);
#58=ADVANCED_FACE('',(#126),#768,.T.);
#59=ADVANCED_FACE('',(#127),#745,.T.);
#60=ADVANCED_FACE('',(#128),#768,.T.);
#61=ADVANCED_FACE('',(#129),#768,.T.);
#62=ADVANCED_FACE('',(#130),#768,.T.);
#63=ADVANCED_FACE('',(#131,#91),#764,.T.);
#64=ADVANCED_FACE('',(#132),#785,.F.);
#65=ADVANCED_FACE('',(#133),#786,.T.);
#66=ADVANCED_FACE('',(#134),#787,.F.);
#67=ADVANCED_FACE('',(#135),#788,.T.);
#68=ADVANCED_FACE('',(#136),#789,.F.);
#69=ADVANCED_FACE('',(#137),#790,.T.);
#70=ADVANCED_FACE('',(#138),#791,.F.);
#71=ADVANCED_FACE('',(#139),#792,.T.);
#72=ADVANCED_FACE('',(#140),#793,.F.);
#73=ADVANCED_FACE('',(#141),#794,.T.);
#74=ADVANCED_FACE('',(#142),#795,.T.);
#75=ADVANCED_FACE('',(#143),#796,.F.);
#76=ADVANCED_FACE('',(#144),#770,.T.);
#77=ADVANCED_FACE('',(#145),#772,.F.);
#78=ADVANCED_FACE('',(#146),#746,.T.);
#79=FACE_BOUND('',#148,.T.);
#80=FACE_BOUND('',#153,.T.);
#81=FACE_BOUND('',#155,.T.);
#82=FACE_BOUND('',#159,.T.);
#83=FACE_BOUND('',#161,.T.);
#84=FACE_BOUND('',#165,.T.);
#85=FACE_BOUND('',#167,.T.);
#86=FACE_BOUND('',#171,.T.);
#87=FACE_BOUND('',#173,.T.);
#88=FACE_BOUND('',#183,.T.);
#89=FACE_BOUND('',#188,.T.);
#90=FACE_BOUND('',#190,.T.);
#91=FACE_BOUND('',#199,.T.);
#92=FACE_OUTER_BOUND('',#147,.T.);
#93=FACE_OUTER_BOUND('',#149,.T.);
#94=FACE_OUTER_BOUND('',#150,.T.);
#95=FACE_OUTER_BOUND('',#151,.T.);
#96=FACE_OUTER_BOUND('',#152,.T.);
#97=FACE_OUTER_BOUND('',#154,.T.);
#98=FACE_OUTER_BOUND('',#156,.T.);
#99=FACE_OUTER_BOUND('',#157,.T.);
#100=FACE_OUTER_BOUND('',#158,.T.);
#101=FACE_OUTER_BOUND('',#160,.T.);
#102=FACE_OUTER_BOUND('',#162,.T.);
#103=FACE_OUTER_BOUND('',#163,.T.);
#104=FACE_OUTER_BOUND('',#164,.T.);
#105=FACE_OUTER_BOUND('',#166,.T.);
#106=FACE_OUTER_BOUND('',#168,.T.);
#107=FACE_OUTER_BOUND('',#169,.T.);
#108=FACE_OUTER_BOUND('',#170,.T.);
#109=FACE_OUTER_BOUND('',#172,.T.);
#110=FACE_OUTER_BOUND('',#174,.T.);
#111=FACE_OUTER_BOUND('',#175,.T.);
#112=FACE_OUTER_BOUND('',#176,.T.);
#113=FACE_OUTER_BOUND('',#177,.T.);
#114=FACE_OUTER_BOUND('',#178,.T.);
#115=FACE_OUTER_BOUND('',#179,.T.);
#116=FACE_OUTER_BOUND('',#180,.T.);
#117=FACE_OUTER_BOUND('',#181,.T.);
#118=FACE_OUTER_BOUND('',#182,.T.);
#119=FACE_OUTER_BOUND('',#184,.T.);
#120=FACE_OUTER_BOUND('',#185,.T.);
#121=FACE_OUTER_BOUND('',#186,.T.);
#122=FACE_OUTER_BOUND('',#187,.T.);
#123=FACE_OUTER_BOUND('',#189,.T.);
#124=FACE_OUTER_BOUND('',#191,.T.);
#125=FACE_OUTER_BOUND('',#192,.T.);
#126=FACE_OUTER_BOUND('',#193,.T.);
#127=FACE_OUTER_BOUND('',#194,.T.);
#128=FACE_OUTER_BOUND('',#195,.T.);
#129=FACE_OUTER_BOUND('',#196,.T.);
#130=FACE_OUTER_BOUND('',#197,.T.);
#131=FACE_OUTER_BOUND('',#198,.T.);
#132=FACE_OUTER_BOUND('',#200,.T.);
#133=FACE_OUTER_BOUND('',#201,.T.);
#134=FACE_OUTER_BOUND('',#202,.T.);
#135=FACE_OUTER_BOUND('',#203,.T.);
#136=FACE_OUTER_BOUND('',#204,.T.);
#137=FACE_OUTER_BOUND('',#205,.T.);
#138=FACE_OUTER_BOUND('',#206,.T.);
#139=FACE_OUTER_BOUND('',#207,.T.);
#140=FACE_OUTER_BOUND('',#208,.T.);
#141=FACE_OUTER_BOUND('',#209,.T.);
#142=FACE_OUTER_BOUND('',#210,.T.);
#143=FACE_OUTER_BOUND('',#211,.T.);
#144=FACE_OUTER_BOUND('',#212,.T.);
#145=FACE_OUTER_BOUND('',#213,.T.);
#146=FACE_OUTER_BOUND('',#214,.T.);
#147=EDGE_LOOP('',(#215,#216));
#148=EDGE_LOOP('',(#217,#218));
#149=EDGE_LOOP('',(#219,#220));
#150=EDGE_LOOP('',(#221,#222,#223,#224));
#151=EDGE_LOOP('',(#225,#226,#227,#228));
#152=EDGE_LOOP('',(#229,#230));
#153=EDGE_LOOP('',(#231,#232));
#154=EDGE_LOOP('',(#233,#234));
#155=EDGE_LOOP('',(#235,#236));
#156=EDGE_LOOP('',(#237,#238,#239,#240));
#157=EDGE_LOOP('',(#241,#242,#243,#244));
#158=EDGE_LOOP('',(#245,#246));
#159=EDGE_LOOP('',(#247,#248));
#160=EDGE_LOOP('',(#249,#250));
#161=EDGE_LOOP('',(#251,#252));
#162=EDGE_LOOP('',(#253,#254,#255,#256));
#163=EDGE_LOOP('',(#257,#258,#259,#260));
#164=EDGE_LOOP('',(#261,#262));
#165=EDGE_LOOP('',(#263,#264));
#166=EDGE_LOOP('',(#265,#266));
#167=EDGE_LOOP('',(#267,#268));
#168=EDGE_LOOP('',(#269,#270,#271,#272));
#169=EDGE_LOOP('',(#273,#274,#275,#276));
#170=EDGE_LOOP('',(#277,#278));
#171=EDGE_LOOP('',(#279,#280));
#172=EDGE_LOOP('',(#281,#282));
#173=EDGE_LOOP('',(#283,#284));
#174=EDGE_LOOP('',(#285,#286,#287,#288));
#175=EDGE_LOOP('',(#289,#290,#291,#292));
#176=EDGE_LOOP('',(#293,#294,#295,#296));
#177=EDGE_LOOP('',(#297,#298));
#178=EDGE_LOOP('',(#299,#300,#301,#302));
#179=EDGE_LOOP('',(#303,#304));
#180=EDGE_LOOP('',(#305,#306,#307,#308));
#181=EDGE_LOOP('',(#309,#310));
#182=EDGE_LOOP('',(#311,#312));
#183=EDGE_LOOP('',(#313,#314));
#184=EDGE_LOOP('',(#315,#316,#317,#318));
#185=EDGE_LOOP('',(#319,#320,#321,#322));
#186=EDGE_LOOP('',(#323,#324,#325,#326,#327));
#187=EDGE_LOOP('',(#328,#329));
#188=EDGE_LOOP('',(#330,#331));
#189=EDGE_LOOP('',(#332,#333));
#190=EDGE_LOOP('',(#334,#335));
#191=EDGE_LOOP('',(#336,#337,#338,#339));
#192=EDGE_LOOP('',(#340,#341));
#193=EDGE_LOOP('',(#342,#343,#344,#345,#346));
#194=EDGE_LOOP('',(#347,#348,#349,#350,#351,#352,#353));
#195=EDGE_LOOP('',(#354,#355,#356,#357,#358));
#196=EDGE_LOOP('',(#359,#360,#361,#362));
#197=EDGE_LOOP('',(#363,#364,#365,#366));
#198=EDGE_LOOP('',(#367,#368,#369,#370,#371,#372,#373));
#199=EDGE_LOOP('',(#374,#375));
#200=EDGE_LOOP('',(#376,#377,#378,#379));
#201=EDGE_LOOP('',(#380,#381,#382,#383));
#202=EDGE_LOOP('',(#384,#385,#386,#387));
#203=EDGE_LOOP('',(#388,#389,#390,#391));
#204=EDGE_LOOP('',(#392,#393,#394,#395));
#205=EDGE_LOOP('',(#396,#397,#398,#399));
#206=EDGE_LOOP('',(#400,#401,#402,#403));
#207=EDGE_LOOP('',(#404,#405,#406,#407));
#208=EDGE_LOOP('',(#408,#409,#410,#411));
#209=EDGE_LOOP('',(#412,#413,#414,#415));
#210=EDGE_LOOP('',(#416,#417,#418,#419));
#211=EDGE_LOOP('',(#420,#421,#422,#423));
#212=EDGE_LOOP('',(#424,#425,#426,#427,#428));
#213=EDGE_LOOP('',(#429,#430,#431,#432));
#214=EDGE_LOOP('',(#433,#434,#435,#436,#437,#438,#439,#440,#441,#442));
#215=ORIENTED_EDGE('',*,*,#443,.T.);
#216=ORIENTED_EDGE('',*,*,#513,.T.);
#217=ORIENTED_EDGE('',*,*,#516,.F.);
#218=ORIENTED_EDGE('',*,*,#444,.F.);
#219=ORIENTED_EDGE('',*,*,#448,.T.);
#220=ORIENTED_EDGE('',*,*,#517,.T.);
#221=ORIENTED_EDGE('',*,*,#512,.T.);
#222=ORIENTED_EDGE('',*,*,#447,.F.);
#223=ORIENTED_EDGE('',*,*,#445,.F.);
#224=ORIENTED_EDGE('',*,*,#513,.F.);
#225=ORIENTED_EDGE('',*,*,#515,.T.);
#226=ORIENTED_EDGE('',*,*,#448,.F.);
#227=ORIENTED_EDGE('',*,*,#446,.F.);
#228=ORIENTED_EDGE('',*,*,#444,.T.);
#229=ORIENTED_EDGE('',*,*,#449,.T.);
#230=ORIENTED_EDGE('',*,*,#519,.T.);
#231=ORIENTED_EDGE('',*,*,#522,.F.);
#232=ORIENTED_EDGE('',*,*,#450,.F.);
#233=ORIENTED_EDGE('',*,*,#454,.T.);
#234=ORIENTED_EDGE('',*,*,#523,.T.);
#235=ORIENTED_EDGE('',*,*,#447,.T.);
#236=ORIENTED_EDGE('',*,*,#514,.T.);
#237=ORIENTED_EDGE('',*,*,#518,.T.);
#238=ORIENTED_EDGE('',*,*,#453,.F.);
#239=ORIENTED_EDGE('',*,*,#451,.F.);
#240=ORIENTED_EDGE('',*,*,#519,.F.);
#241=ORIENTED_EDGE('',*,*,#521,.T.);
#242=ORIENTED_EDGE('',*,*,#454,.F.);
#243=ORIENTED_EDGE('',*,*,#452,.F.);
#244=ORIENTED_EDGE('',*,*,#450,.T.);
#245=ORIENTED_EDGE('',*,*,#455,.T.);
#246=ORIENTED_EDGE('',*,*,#525,.T.);
#247=ORIENTED_EDGE('',*,*,#528,.F.);
#248=ORIENTED_EDGE('',*,*,#456,.F.);
#249=ORIENTED_EDGE('',*,*,#460,.T.);
#250=ORIENTED_EDGE('',*,*,#529,.T.);
#251=ORIENTED_EDGE('',*,*,#453,.T.);
#252=ORIENTED_EDGE('',*,*,#520,.T.);
#253=ORIENTED_EDGE('',*,*,#524,.T.);
#254=ORIENTED_EDGE('',*,*,#459,.F.);
#255=ORIENTED_EDGE('',*,*,#457,.F.);
#256=ORIENTED_EDGE('',*,*,#525,.F.);
#257=ORIENTED_EDGE('',*,*,#527,.T.);
#258=ORIENTED_EDGE('',*,*,#460,.F.);
#259=ORIENTED_EDGE('',*,*,#458,.F.);
#260=ORIENTED_EDGE('',*,*,#456,.T.);
#261=ORIENTED_EDGE('',*,*,#461,.T.);
#262=ORIENTED_EDGE('',*,*,#531,.T.);
#263=ORIENTED_EDGE('',*,*,#534,.F.);
#264=ORIENTED_EDGE('',*,*,#462,.F.);
#265=ORIENTED_EDGE('',*,*,#466,.T.);
#266=ORIENTED_EDGE('',*,*,#535,.T.);
#267=ORIENTED_EDGE('',*,*,#459,.T.);
#268=ORIENTED_EDGE('',*,*,#526,.T.);
#269=ORIENTED_EDGE('',*,*,#530,.T.);
#270=ORIENTED_EDGE('',*,*,#465,.F.);
#271=ORIENTED_EDGE('',*,*,#463,.F.);
#272=ORIENTED_EDGE('',*,*,#531,.F.);
#273=ORIENTED_EDGE('',*,*,#533,.T.);
#274=ORIENTED_EDGE('',*,*,#466,.F.);
#275=ORIENTED_EDGE('',*,*,#464,.F.);
#276=ORIENTED_EDGE('',*,*,#462,.T.);
#277=ORIENTED_EDGE('',*,*,#467,.T.);
#278=ORIENTED_EDGE('',*,*,#537,.T.);
#279=ORIENTED_EDGE('',*,*,#540,.F.);
#280=ORIENTED_EDGE('',*,*,#468,.F.);
#281=ORIENTED_EDGE('',*,*,#472,.T.);
#282=ORIENTED_EDGE('',*,*,#541,.T.);
#283=ORIENTED_EDGE('',*,*,#465,.T.);
#284=ORIENTED_EDGE('',*,*,#532,.T.);
#285=ORIENTED_EDGE('',*,*,#536,.T.);
#286=ORIENTED_EDGE('',*,*,#471,.F.);
#287=ORIENTED_EDGE('',*,*,#469,.F.);
#288=ORIENTED_EDGE('',*,*,#537,.F.);
#289=ORIENTED_EDGE('',*,*,#539,.T.);
#290=ORIENTED_EDGE('',*,*,#472,.F.);
#291=ORIENTED_EDGE('',*,*,#470,.F.);
#292=ORIENTED_EDGE('',*,*,#468,.T.);
#293=ORIENTED_EDGE('',*,*,#506,.T.);
#294=ORIENTED_EDGE('',*,*,#508,.F.);
#295=ORIENTED_EDGE('',*,*,#505,.T.);
#296=ORIENTED_EDGE('',*,*,#507,.T.);
#297=ORIENTED_EDGE('',*,*,#511,.T.);
#298=ORIENTED_EDGE('',*,*,#508,.T.);
#299=ORIENTED_EDGE('',*,*,#499,.T.);
#300=ORIENTED_EDGE('',*,*,#501,.F.);
#301=ORIENTED_EDGE('',*,*,#498,.T.);
#302=ORIENTED_EDGE('',*,*,#500,.T.);
#303=ORIENTED_EDGE('',*,*,#504,.T.);
#304=ORIENTED_EDGE('',*,*,#501,.T.);
#305=ORIENTED_EDGE('',*,*,#492,.T.);
#306=ORIENTED_EDGE('',*,*,#494,.F.);
#307=ORIENTED_EDGE('',*,*,#491,.T.);
#308=ORIENTED_EDGE('',*,*,#493,.T.);
#309=ORIENTED_EDGE('',*,*,#497,.T.);
#310=ORIENTED_EDGE('',*,*,#494,.T.);
#311=ORIENTED_EDGE('',*,*,#543,.F.);
#312=ORIENTED_EDGE('',*,*,#473,.F.);
#313=ORIENTED_EDGE('',*,*,#474,.T.);
#314=ORIENTED_EDGE('',*,*,#546,.T.);
#315=ORIENTED_EDGE('',*,*,#543,.T.);
#316=ORIENTED_EDGE('',*,*,#475,.T.);
#317=ORIENTED_EDGE('',*,*,#544,.F.);
#318=ORIENTED_EDGE('',*,*,#542,.F.);
#319=ORIENTED_EDGE('',*,*,#474,.F.);
#320=ORIENTED_EDGE('',*,*,#476,.T.);
#321=ORIENTED_EDGE('',*,*,#547,.F.);
#322=ORIENTED_EDGE('',*,*,#545,.F.);
#323=ORIENTED_EDGE('',*,*,#548,.T.);
#324=ORIENTED_EDGE('',*,*,#550,.T.);
#325=ORIENTED_EDGE('',*,*,#483,.T.);
#326=ORIENTED_EDGE('',*,*,#479,.F.);
#327=ORIENTED_EDGE('',*,*,#480,.T.);
#328=ORIENTED_EDGE('',*,*,#549,.F.);
#329=ORIENTED_EDGE('',*,*,#480,.F.);
#330=ORIENTED_EDGE('',*,*,#553,.F.);
#331=ORIENTED_EDGE('',*,*,#488,.F.);
#332=ORIENTED_EDGE('',*,*,#486,.T.);
#333=ORIENTED_EDGE('',*,*,#552,.T.);
#334=ORIENTED_EDGE('',*,*,#489,.T.);
#335=ORIENTED_EDGE('',*,*,#544,.T.);
#336=ORIENTED_EDGE('',*,*,#486,.F.);
#337=ORIENTED_EDGE('',*,*,#487,.T.);
#338=ORIENTED_EDGE('',*,*,#488,.T.);
#339=ORIENTED_EDGE('',*,*,#551,.F.);
#340=ORIENTED_EDGE('',*,*,#490,.T.);
#341=ORIENTED_EDGE('',*,*,#547,.T.);
#342=ORIENTED_EDGE('',*,*,#495,.T.);
#343=ORIENTED_EDGE('',*,*,#477,.F.);
#344=ORIENTED_EDGE('',*,*,#484,.T.);
#345=ORIENTED_EDGE('',*,*,#481,.T.);
#346=ORIENTED_EDGE('',*,*,#492,.F.);
#347=ORIENTED_EDGE('',*,*,#496,.F.);
#348=ORIENTED_EDGE('',*,*,#497,.F.);
#349=ORIENTED_EDGE('',*,*,#481,.F.);
#350=ORIENTED_EDGE('',*,*,#482,.T.);
#351=ORIENTED_EDGE('',*,*,#550,.F.);
#352=ORIENTED_EDGE('',*,*,#555,.F.);
#353=ORIENTED_EDGE('',*,*,#554,.F.);
#354=ORIENTED_EDGE('',*,*,#502,.T.);
#355=ORIENTED_EDGE('',*,*,#491,.F.);
#356=ORIENTED_EDGE('',*,*,#496,.T.);
#357=ORIENTED_EDGE('',*,*,#556,.T.);
#358=ORIENTED_EDGE('',*,*,#499,.F.);
#359=ORIENTED_EDGE('',*,*,#509,.T.);
#360=ORIENTED_EDGE('',*,*,#498,.F.);
#361=ORIENTED_EDGE('',*,*,#503,.T.);
#362=ORIENTED_EDGE('',*,*,#506,.F.);
#363=ORIENTED_EDGE('',*,*,#510,.T.);
#364=ORIENTED_EDGE('',*,*,#477,.T.);
#365=ORIENTED_EDGE('',*,*,#478,.T.);
#366=ORIENTED_EDGE('',*,*,#505,.F.);
#367=ORIENTED_EDGE('',*,*,#507,.F.);
#368=ORIENTED_EDGE('',*,*,#478,.F.);
#369=ORIENTED_EDGE('',*,*,#495,.F.);
#370=ORIENTED_EDGE('',*,*,#493,.F.);
#371=ORIENTED_EDGE('',*,*,#502,.F.);
#372=ORIENTED_EDGE('',*,*,#500,.F.);
#373=ORIENTED_EDGE('',*,*,#509,.F.);
#374=ORIENTED_EDGE('',*,*,#471,.T.);
#375=ORIENTED_EDGE('',*,*,#538,.T.);
#376=ORIENTED_EDGE('',*,*,#443,.F.);
#377=ORIENTED_EDGE('',*,*,#445,.T.);
#378=ORIENTED_EDGE('',*,*,#514,.F.);
#379=ORIENTED_EDGE('',*,*,#512,.F.);
#380=ORIENTED_EDGE('',*,*,#516,.T.);
#381=ORIENTED_EDGE('',*,*,#446,.T.);
#382=ORIENTED_EDGE('',*,*,#517,.F.);
#383=ORIENTED_EDGE('',*,*,#515,.F.);
#384=ORIENTED_EDGE('',*,*,#449,.F.);
#385=ORIENTED_EDGE('',*,*,#451,.T.);
#386=ORIENTED_EDGE('',*,*,#520,.F.);
#387=ORIENTED_EDGE('',*,*,#518,.F.);
#388=ORIENTED_EDGE('',*,*,#522,.T.);
#389=ORIENTED_EDGE('',*,*,#452,.T.);
#390=ORIENTED_EDGE('',*,*,#523,.F.);
#391=ORIENTED_EDGE('',*,*,#521,.F.);
#392=ORIENTED_EDGE('',*,*,#455,.F.);
#393=ORIENTED_EDGE('',*,*,#457,.T.);
#394=ORIENTED_EDGE('',*,*,#526,.F.);
#395=ORIENTED_EDGE('',*,*,#524,.F.);
#396=ORIENTED_EDGE('',*,*,#528,.T.);
#397=ORIENTED_EDGE('',*,*,#458,.T.);
#398=ORIENTED_EDGE('',*,*,#529,.F.);
#399=ORIENTED_EDGE('',*,*,#527,.F.);
#400=ORIENTED_EDGE('',*,*,#461,.F.);
#401=ORIENTED_EDGE('',*,*,#463,.T.);
#402=ORIENTED_EDGE('',*,*,#532,.F.);
#403=ORIENTED_EDGE('',*,*,#530,.F.);
#404=ORIENTED_EDGE('',*,*,#534,.T.);
#405=ORIENTED_EDGE('',*,*,#464,.T.);
#406=ORIENTED_EDGE('',*,*,#535,.F.);
#407=ORIENTED_EDGE('',*,*,#533,.F.);
#408=ORIENTED_EDGE('',*,*,#467,.F.);
#409=ORIENTED_EDGE('',*,*,#469,.T.);
#410=ORIENTED_EDGE('',*,*,#538,.F.);
#411=ORIENTED_EDGE('',*,*,#536,.F.);
#412=ORIENTED_EDGE('',*,*,#540,.T.);
#413=ORIENTED_EDGE('',*,*,#470,.T.);
#414=ORIENTED_EDGE('',*,*,#541,.F.);
#415=ORIENTED_EDGE('',*,*,#539,.F.);
#416=ORIENTED_EDGE('',*,*,#542,.T.);
#417=ORIENTED_EDGE('',*,*,#489,.F.);
#418=ORIENTED_EDGE('',*,*,#475,.F.);
#419=ORIENTED_EDGE('',*,*,#473,.T.);
#420=ORIENTED_EDGE('',*,*,#545,.T.);
#421=ORIENTED_EDGE('',*,*,#490,.F.);
#422=ORIENTED_EDGE('',*,*,#476,.F.);
#423=ORIENTED_EDGE('',*,*,#546,.F.);
#424=ORIENTED_EDGE('',*,*,#549,.T.);
#425=ORIENTED_EDGE('',*,*,#479,.T.);
#426=ORIENTED_EDGE('',*,*,#485,.T.);
#427=ORIENTED_EDGE('',*,*,#555,.T.);
#428=ORIENTED_EDGE('',*,*,#548,.F.);
#429=ORIENTED_EDGE('',*,*,#551,.T.);
#430=ORIENTED_EDGE('',*,*,#553,.T.);
#431=ORIENTED_EDGE('',*,*,#487,.F.);
#432=ORIENTED_EDGE('',*,*,#552,.F.);
#433=ORIENTED_EDGE('',*,*,#554,.T.);
#434=ORIENTED_EDGE('',*,*,#485,.F.);
#435=ORIENTED_EDGE('',*,*,#483,.F.);
#436=ORIENTED_EDGE('',*,*,#482,.F.);
#437=ORIENTED_EDGE('',*,*,#484,.F.);
#438=ORIENTED_EDGE('',*,*,#510,.F.);
#439=ORIENTED_EDGE('',*,*,#511,.F.);
#440=ORIENTED_EDGE('',*,*,#503,.F.);
#441=ORIENTED_EDGE('',*,*,#504,.F.);
#442=ORIENTED_EDGE('',*,*,#556,.F.);
#443=EDGE_CURVE('',#671,#715,#557,.T.);
#444=EDGE_CURVE('',#672,#717,#558,.T.);
#445=EDGE_CURVE('',#671,#673,#559,.T.);
#446=EDGE_CURVE('',#672,#674,#560,.T.);
#447=EDGE_CURVE('',#673,#716,#561,.T.);
#448=EDGE_CURVE('',#674,#718,#562,.T.);
#449=EDGE_CURVE('',#675,#719,#563,.T.);
#450=EDGE_CURVE('',#676,#721,#564,.T.);
#451=EDGE_CURVE('',#675,#677,#565,.T.);
#452=EDGE_CURVE('',#676,#678,#566,.T.);
#453=EDGE_CURVE('',#677,#720,#567,.T.);
#454=EDGE_CURVE('',#678,#722,#568,.T.);
#455=EDGE_CURVE('',#679,#723,#569,.T.);
#456=EDGE_CURVE('',#680,#725,#570,.T.);
#457=EDGE_CURVE('',#679,#681,#571,.T.);
#458=EDGE_CURVE('',#680,#682,#572,.T.);
#459=EDGE_CURVE('',#681,#724,#573,.T.);
#460=EDGE_CURVE('',#682,#726,#574,.T.);
#461=EDGE_CURVE('',#683,#727,#575,.T.);
#462=EDGE_CURVE('',#684,#729,#576,.T.);
#463=EDGE_CURVE('',#683,#685,#577,.T.);
#464=EDGE_CURVE('',#684,#686,#578,.T.);
#465=EDGE_CURVE('',#685,#728,#579,.T.);
#466=EDGE_CURVE('',#686,#730,#580,.T.);
#467=EDGE_CURVE('',#687,#731,#581,.T.);
#468=EDGE_CURVE('',#688,#733,#582,.T.);
#469=EDGE_CURVE('',#687,#689,#583,.T.);
#470=EDGE_CURVE('',#688,#690,#584,.T.);
#471=EDGE_CURVE('',#689,#732,#585,.T.);
#472=EDGE_CURVE('',#690,#734,#586,.T.);
#473=EDGE_CURVE('',#691,#735,#587,.T.);
#474=EDGE_CURVE('',#692,#737,#588,.T.);
#475=EDGE_CURVE('',#691,#701,#589,.T.);
#476=EDGE_CURVE('',#692,#702,#590,.T.);
#477=EDGE_CURVE('',#693,#694,#591,.T.);
#478=EDGE_CURVE('',#694,#713,#592,.T.);
#479=EDGE_CURVE('',#695,#696,#593,.T.);
#480=EDGE_CURVE('',#695,#739,#594,.T.);
#481=EDGE_CURVE('',#697,#706,#595,.T.);
#482=EDGE_CURVE('',#697,#698,#596,.T.);
#483=EDGE_CURVE('',#698,#696,#597,.T.);
#484=EDGE_CURVE('',#693,#697,#598,.T.);
#485=EDGE_CURVE('',#696,#744,#599,.T.);
#486=EDGE_CURVE('',#699,#741,#600,.T.);
#487=EDGE_CURVE('',#699,#700,#601,.T.);
#488=EDGE_CURVE('',#700,#742,#602,.T.);
#489=EDGE_CURVE('',#701,#736,#603,.T.);
#490=EDGE_CURVE('',#702,#738,#604,.T.);
#491=EDGE_CURVE('',#703,#704,#605,.T.);
#492=EDGE_CURVE('',#705,#706,#606,.T.);
#493=EDGE_CURVE('',#704,#705,#607,.T.);
#494=EDGE_CURVE('',#703,#706,#608,.T.);
#495=EDGE_CURVE('',#705,#694,#609,.T.);
#496=EDGE_CURVE('',#703,#743,#610,.T.);
#497=EDGE_CURVE('',#706,#703,#611,.T.);
#498=EDGE_CURVE('',#709,#707,#612,.T.);
#499=EDGE_CURVE('',#708,#710,#613,.T.);
#500=EDGE_CURVE('',#707,#708,#614,.T.);
#501=EDGE_CURVE('',#709,#710,#615,.T.);
#502=EDGE_CURVE('',#708,#704,#616,.T.);
#503=EDGE_CURVE('',#709,#712,#617,.T.);
#504=EDGE_CURVE('',#710,#709,#618,.T.);
#505=EDGE_CURVE('',#711,#713,#619,.T.);
#506=EDGE_CURVE('',#714,#712,#620,.T.);
#507=EDGE_CURVE('',#713,#714,#621,.T.);
#508=EDGE_CURVE('',#711,#712,#622,.T.);
#509=EDGE_CURVE('',#714,#707,#623,.T.);
#510=EDGE_CURVE('',#711,#693,#624,.T.);
#511=EDGE_CURVE('',#712,#711,#625,.T.);
#512=EDGE_CURVE('',#715,#716,#626,.T.);
#513=EDGE_CURVE('',#715,#671,#627,.T.);
#514=EDGE_CURVE('',#716,#673,#628,.T.);
#515=EDGE_CURVE('',#717,#718,#629,.T.);
#516=EDGE_CURVE('',#717,#672,#630,.T.);
#517=EDGE_CURVE('',#718,#674,#631,.T.);
#518=EDGE_CURVE('',#719,#720,#632,.T.);
#519=EDGE_CURVE('',#719,#675,#633,.T.);
#520=EDGE_CURVE('',#720,#677,#634,.T.);
#521=EDGE_CURVE('',#721,#722,#635,.T.);
#522=EDGE_CURVE('',#721,#676,#636,.T.);
#523=EDGE_CURVE('',#722,#678,#637,.T.);
#524=EDGE_CURVE('',#723,#724,#638,.T.);
#525=EDGE_CURVE('',#723,#679,#639,.T.);
#526=EDGE_CURVE('',#724,#681,#640,.T.);
#527=EDGE_CURVE('',#725,#726,#641,.T.);
#528=EDGE_CURVE('',#725,#680,#642,.T.);
#529=EDGE_CURVE('',#726,#682,#643,.T.);
#530=EDGE_CURVE('',#727,#728,#644,.T.);
#531=EDGE_CURVE('',#727,#683,#645,.T.);
#532=EDGE_CURVE('',#728,#685,#646,.T.);
#533=EDGE_CURVE('',#729,#730,#647,.T.);
#534=EDGE_CURVE('',#729,#684,#648,.T.);
#535=EDGE_CURVE('',#730,#686,#649,.T.);
#536=EDGE_CURVE('',#731,#732,#650,.T.);
#537=EDGE_CURVE('',#731,#687,#651,.T.);
#538=EDGE_CURVE('',#732,#689,#652,.T.);
#539=EDGE_CURVE('',#733,#734,#653,.T.);
#540=EDGE_CURVE('',#733,#688,#654,.T.);
#541=EDGE_CURVE('',#734,#690,#655,.T.);
#542=EDGE_CURVE('',#735,#736,#656,.T.);
#543=EDGE_CURVE('',#735,#691,#657,.T.);
#544=EDGE_CURVE('',#736,#701,#658,.T.);
#545=EDGE_CURVE('',#737,#738,#659,.T.);
#546=EDGE_CURVE('',#737,#692,#660,.T.);
#547=EDGE_CURVE('',#738,#702,#661,.T.);
#548=EDGE_CURVE('',#739,#740,#662,.T.);
#549=EDGE_CURVE('',#739,#695,#663,.T.);
#550=EDGE_CURVE('',#740,#698,#664,.T.);
#551=EDGE_CURVE('',#741,#742,#665,.T.);
#552=EDGE_CURVE('',#741,#699,#666,.T.);
#553=EDGE_CURVE('',#742,#700,#667,.T.);
#554=EDGE_CURVE('',#743,#744,#668,.T.);
#555=EDGE_CURVE('',#744,#740,#669,.T.);
#556=EDGE_CURVE('',#743,#710,#670,.T.);
#557=B_SPLINE_CURVE_WITH_KNOTS('',5,(#1053,#1054,#1055,#1056,#1057,#1058,
#1059,#1060,#1061,#1062,#1063,#1064,#1065),.UNSPECIFIED.,.F.,.F.,(6,1,1,
1,1,1,1,1,6),(0.,20.9210410028814,41.8420820057627,62.7631230086441,83.6841640115255,
104.605205014407,125.526246017288,146.44728702017,167.368328023051),
 .UNSPECIFIED.);
#558=B_SPLINE_CURVE_WITH_KNOTS('',5,(#1066,#1067,#1068,#1069,#1070,#1071,
#1072,#1073,#1074,#1075,#1076,#1077,#1078),.UNSPECIFIED.,.F.,.F.,(6,1,1,
1,1,1,1,1,6),(0.,20.1356429566303,40.2712859132606,60.4069288698909,80.5425718265212,
100.678214783152,120.813857739782,140.949500696412,161.085143653042),
 .UNSPECIFIED.);
#559=B_SPLINE_CURVE_WITH_KNOTS('',1,(#1079,#1080),.UNSPECIFIED.,.F.,.F.,
(2,2),(0.,1.99999999999999),.UNSPECIFIED.);
#560=B_SPLINE_CURVE_WITH_KNOTS('',1,(#1081,#1082),.UNSPECIFIED.,.F.,.F.,
(2,2),(0.,1.99999999999999),.UNSPECIFIED.);
#561=B_SPLINE_CURVE_WITH_KNOTS('',5,(#1083,#1084,#1085,#1086,#1087,#1088,
#1089,#1090,#1091,#1092,#1093,#1094,#1095),.UNSPECIFIED.,.F.,.F.,(6,1,1,
1,1,1,1,1,6),(-334.736656046102,-313.81561504322,-292.894574040339,-271.973533037458,
-251.052492034576,-230.131451031695,-209.210410028814,-188.289369025932,
-167.368328023051),.UNSPECIFIED.);
#562=B_SPLINE_CURVE_WITH_KNOTS('',5,(#1096,#1097,#1098,#1099,#1100,#1101,
#1102,#1103,#1104,#1105,#1106,#1107,#1108),.UNSPECIFIED.,.F.,.F.,(6,1,1,
1,1,1,1,1,6),(0.,20.1356429566303,40.2712859132606,60.4069288698909,80.5425718265212,
100.678214783152,120.813857739782,140.949500696412,161.085143653042),
 .UNSPECIFIED.);
#563=B_SPLINE_CURVE_WITH_KNOTS('',5,(#1109,#1110,#1111,#1112,#1113,#1114,
#1115,#1116,#1117,#1118,#1119,#1120,#1121),.UNSPECIFIED.,.F.,.F.,(6,1,1,
1,1,1,1,1,6),(0.,22.4918370960782,44.9836741921563,67.4755112882345,89.9673483843126,
112.459185480391,134.951022576469,157.442859672547,179.934696768625),
 .UNSPECIFIED.);
#564=B_SPLINE_CURVE_WITH_KNOTS('',5,(#1122,#1123,#1124,#1125,#1126,#1127,
#1128,#1129,#1130,#1131,#1132,#1133,#1134),.UNSPECIFIED.,.F.,.F.,(6,1,1,
1,1,1,1,1,6),(0.,21.7064390493713,43.4128780987427,65.119317148114,86.8257561974853,
108.532195246857,130.238634296228,151.945073345599,173.651512394971),
 .UNSPECIFIED.);
#565=B_SPLINE_CURVE_WITH_KNOTS('',1,(#1135,#1136),.UNSPECIFIED.,.F.,.F.,
(2,2),(0.,2.),.UNSPECIFIED.);
#566=B_SPLINE_CURVE_WITH_KNOTS('',1,(#1137,#1138),.UNSPECIFIED.,.F.,.F.,
(2,2),(0.,2.),.UNSPECIFIED.);
#567=B_SPLINE_CURVE_WITH_KNOTS('',5,(#1139,#1140,#1141,#1142,#1143,#1144,
#1145,#1146,#1147,#1148,#1149,#1150,#1151),.UNSPECIFIED.,.F.,.F.,(6,1,1,
1,1,1,1,1,6),(-359.86939353725,-337.377556441172,-314.885719345094,-292.393882249016,
-269.902045152938,-247.41020805686,-224.918370960781,-202.426533864703,
-179.934696768625),.UNSPECIFIED.);
#568=B_SPLINE_CURVE_WITH_KNOTS('',5,(#1152,#1153,#1154,#1155,#1156,#1157,
#1158,#1159,#1160,#1161,#1162,#1163,#1164),.UNSPECIFIED.,.F.,.F.,(6,1,1,
1,1,1,1,1,6),(0.,21.7064390493713,43.4128780987427,65.119317148114,86.8257561974853,
108.532195246857,130.238634296228,151.945073345599,173.651512394971),
 .UNSPECIFIED.);
#569=B_SPLINE_CURVE_WITH_KNOTS('',5,(#1165,#1166,#1167,#1168,#1169,#1170,
#1171,#1172,#1173,#1174,#1175,#1176,#1177),.UNSPECIFIED.,.F.,.F.,(6,1,1,
1,1,1,1,1,6),(0.,24.0626331900673,48.1252663801345,72.1878995702018,96.2505327602691,
120.313165950336,144.375799140404,168.438432330471,192.501065520538),
 .UNSPECIFIED.);
#570=B_SPLINE_CURVE_WITH_KNOTS('',5,(#1178,#1179,#1180,#1181,#1182,#1183,
#1184,#1185,#1186,#1187,#1188,#1189,#1190),.UNSPECIFIED.,.F.,.F.,(6,1,1,
1,1,1,1,1,6),(0.,23.2772351429824,46.5544702859648,69.8317054289471,93.1089405719295,
116.386175714912,139.663410857894,162.940646000877,186.217881143859),
 .UNSPECIFIED.);
#571=B_SPLINE_CURVE_WITH_KNOTS('',1,(#1191,#1192),.UNSPECIFIED.,.F.,.F.,
(2,2),(0.,2.),.UNSPECIFIED.);
#572=B_SPLINE_CURVE_WITH_KNOTS('',1,(#1193,#1194),.UNSPECIFIED.,.F.,.F.,
(2,2),(0.,2.),.UNSPECIFIED.);
#573=B_SPLINE_CURVE_WITH_KNOTS('',5,(#1195,#1196,#1197,#1198,#1199,#1200,
#1201,#1202,#1203,#1204,#1205,#1206,#1207),.UNSPECIFIED.,.F.,.F.,(6,1,1,
1,1,1,1,1,6),(-385.002131041076,-360.939497851009,-336.876864660942,-312.814231470874,
-288.751598280807,-264.68896509074,-240.626331900673,-216.563698710605,
-192.501065520538),.UNSPECIFIED.);
#574=B_SPLINE_CURVE_WITH_KNOTS('',5,(#1208,#1209,#1210,#1211,#1212,#1213,
#1214,#1215,#1216,#1217,#1218,#1219,#1220),.UNSPECIFIED.,.F.,.F.,(6,1,1,
1,1,1,1,1,6),(0.,23.2772351429824,46.5544702859648,69.8317054289471,93.1089405719295,
116.386175714912,139.663410857894,162.940646000877,186.217881143859),
 .UNSPECIFIED.);
#575=B_SPLINE_CURVE_WITH_KNOTS('',5,(#1221,#1222,#1223,#1224,#1225,#1226,
#1227,#1228,#1229,#1230,#1231,#1232,#1233),.UNSPECIFIED.,.F.,.F.,(6,1,1,
1,1,1,1,1,6),(0.,25.6334292847221,51.2668585694442,76.9002878541662,102.533717138888,
128.16714642361,153.800575708332,179.434004993055,205.067434277777),
 .UNSPECIFIED.);
#576=B_SPLINE_CURVE_WITH_KNOTS('',5,(#1234,#1235,#1236,#1237,#1238,#1239,
#1240,#1241,#1242,#1243,#1244,#1245,#1246),.UNSPECIFIED.,.F.,.F.,(6,1,1,
1,1,1,1,1,6),(0.,24.8480312373182,49.6960624746364,74.5440937119545,99.3921249492727,
124.240156186591,149.088187423909,173.936218661227,198.784249898545),
 .UNSPECIFIED.);
#577=B_SPLINE_CURVE_WITH_KNOTS('',1,(#1247,#1248),.UNSPECIFIED.,.F.,.F.,
(2,2),(0.,2.),.UNSPECIFIED.);
#578=B_SPLINE_CURVE_WITH_KNOTS('',1,(#1249,#1250),.UNSPECIFIED.,.F.,.F.,
(2,2),(0.,2.),.UNSPECIFIED.);
#579=B_SPLINE_CURVE_WITH_KNOTS('',5,(#1251,#1252,#1253,#1254,#1255,#1256,
#1257,#1258,#1259,#1260,#1261,#1262,#1263),.UNSPECIFIED.,.F.,.F.,(6,1,1,
1,1,1,1,1,6),(-410.134868555553,-384.501439270831,-358.868009986109,-333.234580701387,
-307.601151416665,-281.967722131943,-256.334292847221,-230.700863562499,
-205.067434277777),.UNSPECIFIED.);
#580=B_SPLINE_CURVE_WITH_KNOTS('',5,(#1264,#1265,#1266,#1267,#1268,#1269,
#1270,#1271,#1272,#1273,#1274,#1275,#1276),.UNSPECIFIED.,.F.,.F.,(6,1,1,
1,1,1,1,1,6),(0.,24.8480312373182,49.6960624746364,74.5440937119545,99.3921249492727,
124.240156186591,149.088187423909,173.936218661227,198.784249898546),
 .UNSPECIFIED.);
#581=B_SPLINE_CURVE_WITH_KNOTS('',5,(#1277,#1278,#1279,#1280,#1281,#1282,
#1283,#1284,#1285,#1286,#1287,#1288,#1289),.UNSPECIFIED.,.F.,.F.,(6,1,1,
1,1,1,1,1,6),(0.,27.2042253799443,54.4084507598886,81.6126761398329,108.816901519777,
136.021126899722,163.225352279666,190.42957765961,217.633803039554),
 .UNSPECIFIED.);
#582=B_SPLINE_CURVE_WITH_KNOTS('',5,(#1290,#1291,#1292,#1293,#1294,#1295,
#1296,#1297,#1298,#1299,#1300,#1301,#1302),.UNSPECIFIED.,.F.,.F.,(6,1,1,
1,1,1,1,1,6),(0.,26.4188273322676,52.8376546645351,79.2564819968027,105.67530932907,
132.094136661338,158.512963993605,184.931791325873,211.35061865814),
 .UNSPECIFIED.);
#583=B_SPLINE_CURVE_WITH_KNOTS('',1,(#1303,#1304),.UNSPECIFIED.,.F.,.F.,
(2,2),(0.,2.),.UNSPECIFIED.);
#584=B_SPLINE_CURVE_WITH_KNOTS('',1,(#1305,#1306),.UNSPECIFIED.,.F.,.F.,
(2,2),(0.,2.),.UNSPECIFIED.);
#585=B_SPLINE_CURVE_WITH_KNOTS('',5,(#1307,#1308,#1309,#1310,#1311,#1312,
#1313,#1314,#1315,#1316,#1317,#1318,#1319),.UNSPECIFIED.,.F.,.F.,(6,1,1,
1,1,1,1,1,6),(-435.267606079109,-408.063380699165,-380.85915531922,-353.654929939276,
-326.450704559332,-299.246479179387,-272.042253799443,-244.838028419499,
-217.633803039555),.UNSPECIFIED.);
#586=B_SPLINE_CURVE_WITH_KNOTS('',5,(#1320,#1321,#1322,#1323,#1324,#1325,
#1326,#1327,#1328,#1329,#1330,#1331,#1332),.UNSPECIFIED.,.F.,.F.,(6,1,1,
1,1,1,1,1,6),(0.,26.4188273322676,52.8376546645351,79.2564819968027,105.67530932907,
132.094136661338,158.512963993605,184.931791325873,211.35061865814),
 .UNSPECIFIED.);
#587=B_SPLINE_CURVE_WITH_KNOTS('',5,(#1333,#1334,#1335,#1336,#1337,#1338,
#1339,#1340,#1341,#1342,#1343,#1344,#1345),.UNSPECIFIED.,.F.,.F.,(6,1,1,
1,1,1,1,1,6),(0.,0.392699081698724,0.785398163397448,1.17809724509617,1.5707963267949,
1.96349540849362,2.35619449019234,2.74889357189107,3.14159265358979),
 .UNSPECIFIED.);
#588=B_SPLINE_CURVE_WITH_KNOTS('',5,(#1346,#1347,#1348,#1349,#1350,#1351,
#1352,#1353,#1354,#1355,#1356,#1357,#1358),.UNSPECIFIED.,.F.,.F.,(6,1,1,
1,1,1,1,1,6),(0.,0.392699081698724,0.785398163397448,1.17809724509617,1.5707963267949,
1.96349540849362,2.35619449019234,2.74889357189107,3.14159265358979),
 .UNSPECIFIED.);
#589=B_SPLINE_CURVE_WITH_KNOTS('',1,(#1359,#1360),.UNSPECIFIED.,.F.,.F.,
(2,2),(0.,7.),.UNSPECIFIED.);
#590=B_SPLINE_CURVE_WITH_KNOTS('',1,(#1361,#1362),.UNSPECIFIED.,.F.,.F.,
(2,2),(0.,7.),.UNSPECIFIED.);
#591=B_SPLINE_CURVE_WITH_KNOTS('',3,(#1363,#1364,#1365,#1366),
 .UNSPECIFIED.,.F.,.F.,(4,4),(0.,4.),.UNSPECIFIED.);
#592=B_SPLINE_CURVE_WITH_KNOTS('',5,(#1367,#1368,#1369,#1370,#1371,#1372,
#1373),.UNSPECIFIED.,.F.,.F.,(6,1,6),(-561.871729404539,-526.754746316755,
-517.627991225676),.UNSPECIFIED.);
#593=B_SPLINE_CURVE_WITH_KNOTS('',3,(#1374,#1375,#1376,#1377),
 .UNSPECIFIED.,.F.,.F.,(4,4),(0.,7.),.UNSPECIFIED.);
#594=B_SPLINE_CURVE_WITH_KNOTS('',5,(#1378,#1379,#1380,#1381,#1382,#1383,
#1384,#1385,#1386,#1387,#1388,#1389,#1390),.UNSPECIFIED.,.F.,.F.,(6,1,1,
1,1,1,1,1,6),(0.,20.7837792363643,41.5675584727285,62.3513377090928,83.1351169454571,
103.918896181821,124.702675418186,145.48645465455,166.270233890914),
 .UNSPECIFIED.);
#595=B_SPLINE_CURVE_WITH_KNOTS('',5,(#1391,#1392,#1393,#1394,#1395,#1396,
#1397,#1398),.UNSPECIFIED.,.F.,.F.,(6,1,1,6),(0.,35.1169830877837,70.2339661755673,
102.772038210785),.UNSPECIFIED.);
#596=B_SPLINE_CURVE_WITH_KNOTS('',1,(#1399,#1400),.UNSPECIFIED.,.F.,.F.,
(2,2),(0.,28.2750000000003),.UNSPECIFIED.);
#597=B_SPLINE_CURVE_WITH_KNOTS('',5,(#1401,#1402,#1403,#1404,#1405,#1406),
 .UNSPECIFIED.,.F.,.F.,(6,6),(-561.871729404539,-526.754746316755),
 .UNSPECIFIED.);
#598=B_SPLINE_CURVE_WITH_KNOTS('',5,(#1407,#1408,#1409,#1410,#1411,#1412),
 .UNSPECIFIED.,.F.,.F.,(6,6),(526.754746316755,561.871729404539),
 .UNSPECIFIED.);
#599=B_SPLINE_CURVE_WITH_KNOTS('',5,(#1413,#1414,#1415,#1416,#1417,#1418,
#1419,#1420,#1421,#1422,#1423,#1424),.UNSPECIFIED.,.F.,.F.,(6,1,1,1,1,1,
1,6),(-526.754746316755,-491.637763228971,-456.520780141188,-421.403797053404,
-386.28681396562,-351.169830877837,-316.052847790053,-280.935864702269),
 .UNSPECIFIED.);
#600=B_SPLINE_CURVE_WITH_KNOTS('',5,(#1425,#1426,#1427,#1428,#1429,#1430,
#1431,#1432,#1433,#1434,#1435,#1436,#1437),.UNSPECIFIED.,.F.,.F.,(6,1,1,
1,1,1,1,1,6),(-257.610564406258,-241.509904130867,-225.409243855476,-209.308583580084,
-193.207923304693,-177.107263029302,-161.006602753911,-144.90594247852,
-128.805282203129),.UNSPECIFIED.);
#601=B_SPLINE_CURVE_WITH_KNOTS('',1,(#1438,#1439),.UNSPECIFIED.,.F.,.F.,
(2,2),(0.,7.),.UNSPECIFIED.);
#602=B_SPLINE_CURVE_WITH_KNOTS('',5,(#1440,#1441,#1442,#1443,#1444,#1445,
#1446,#1447,#1448,#1449,#1450,#1451,#1452),.UNSPECIFIED.,.F.,.F.,(6,1,1,
1,1,1,1,1,6),(-257.610564406258,-241.509904130867,-225.409243855476,-209.308583580084,
-193.207923304693,-177.107263029302,-161.006602753911,-144.90594247852,
-128.805282203129),.UNSPECIFIED.);
#603=B_SPLINE_CURVE_WITH_KNOTS('',5,(#1453,#1454,#1455,#1456,#1457,#1458,
#1459,#1460,#1461,#1462,#1463,#1464,#1465),.UNSPECIFIED.,.F.,.F.,(6,1,1,
1,1,1,1,1,6),(0.,0.392699081698724,0.785398163397448,1.17809724509617,1.5707963267949,
1.96349540849362,2.35619449019234,2.74889357189107,3.14159265358979),
 .UNSPECIFIED.);
#604=B_SPLINE_CURVE_WITH_KNOTS('',5,(#1466,#1467,#1468,#1469,#1470,#1471,
#1472,#1473,#1474,#1475,#1476,#1477,#1478),.UNSPECIFIED.,.F.,.F.,(6,1,1,
1,1,1,1,1,6),(-6.28318530717959,-5.89048622548086,-5.49778714378214,-5.10508806208341,
-4.71238898038469,-4.31968989868597,-3.92699081698724,-3.53429173528852,
-3.14159265358979),.UNSPECIFIED.);
#605=B_SPLINE_CURVE_WITH_KNOTS('',1,(#1479,#1480),.UNSPECIFIED.,.F.,.F.,
(2,2),(-2.,0.),.UNSPECIFIED.);
#606=B_SPLINE_CURVE_WITH_KNOTS('',1,(#1481,#1482),.UNSPECIFIED.,.F.,.F.,
(2,2),(0.,2.),.UNSPECIFIED.);
#607=B_SPLINE_CURVE_WITH_KNOTS('',5,(#1483,#1484,#1485,#1486,#1487,#1488,
#1489,#1490,#1491,#1492,#1493,#1494,#1495),.UNSPECIFIED.,.F.,.F.,(6,1,1,
1,1,1,1,1,6),(-3.0919704000768,-2.74889357189107,-2.35619449019234,-1.96349540849362,
-1.5707963267949,-1.17809724509617,-0.785398163397448,-0.392699081698724,
-0.049622253512775),.UNSPECIFIED.);
#608=B_SPLINE_CURVE_WITH_KNOTS('',5,(#1496,#1497,#1498,#1499,#1500,#1501,
#1502,#1503,#1504,#1505,#1506,#1507,#1508),.UNSPECIFIED.,.F.,.F.,(6,1,1,
1,1,1,1,1,6),(-3.09197040007691,-2.74889357189107,-2.35619449019234,-1.96349540849362,
-1.5707963267949,-1.17809724509617,-0.785398163397448,-0.392699081698724,
-0.0496222535126104),.UNSPECIFIED.);
#609=B_SPLINE_CURVE_WITH_KNOTS('',5,(#1509,#1510,#1511,#1512,#1513,#1514,
#1515,#1516,#1517),.UNSPECIFIED.,.F.,.F.,(6,1,1,1,6),(-137.889021298569,
-105.350949263351,-70.2339661755673,-35.1169830877837,0.),.UNSPECIFIED.);
#610=B_SPLINE_CURVE_WITH_KNOTS('',5,(#1518,#1519,#1520,#1521,#1522,#1523,
#1524,#1525,#1526,#1527),.UNSPECIFIED.,.F.,.F.,(6,1,1,1,1,6),(107.929860315919,
140.467932351135,175.584915438918,210.701898526702,245.818881614486,280.93586470227),
 .UNSPECIFIED.);
#611=B_SPLINE_CURVE_WITH_KNOTS('',5,(#1528,#1529,#1530,#1531,#1532,#1533,
#1534),.UNSPECIFIED.,.F.,.F.,(6,1,6),(102.772038210785,105.350949263351,
107.929860315919),.UNSPECIFIED.);
#612=B_SPLINE_CURVE_WITH_KNOTS('',1,(#1535,#1536),.UNSPECIFIED.,.F.,.F.,
(2,2),(-2.,0.),.UNSPECIFIED.);
#613=B_SPLINE_CURVE_WITH_KNOTS('',1,(#1537,#1538),.UNSPECIFIED.,.F.,.F.,
(2,2),(0.,2.),.UNSPECIFIED.);
#614=B_SPLINE_CURVE_WITH_KNOTS('',5,(#1539,#1540,#1541,#1542,#1543,#1544,
#1545,#1546,#1547,#1548,#1549,#1550,#1551),.UNSPECIFIED.,.F.,.F.,(6,1,1,
1,1,1,1,1,6),(-3.09197817554804,-2.74889357189107,-2.35619449019234,-1.96349540849362,
-1.5707963267949,-1.17809724509617,-0.785398163397448,-0.392699081698724,
-0.0496178503986488),.UNSPECIFIED.);
#615=B_SPLINE_CURVE_WITH_KNOTS('',5,(#1552,#1553,#1554,#1555,#1556,#1557,
#1558,#1559,#1560,#1561,#1562,#1563,#1564),.UNSPECIFIED.,.F.,.F.,(6,1,1,
1,1,1,1,1,6),(-3.09197817554808,-2.74889357189107,-2.35619449019234,-1.96349540849362,
-1.5707963267949,-1.17809724509617,-0.785398163397448,-0.392699081698724,
-0.0496178503985477),.UNSPECIFIED.);
#616=B_SPLINE_CURVE_WITH_KNOTS('',5,(#1565,#1566,#1567,#1568,#1569,#1570,
#1571,#1572,#1573,#1574,#1575),.UNSPECIFIED.,.F.,.F.,(6,1,1,1,1,1,6),(-325.179602881134,
-316.052847790053,-280.935864702269,-245.818881614486,-210.701898526702,
-175.584915438918,-143.046843403703),.UNSPECIFIED.);
#617=B_SPLINE_CURVE_WITH_KNOTS('',5,(#1576,#1577,#1578,#1579,#1580,#1581,
#1582,#1583,#1584,#1585,#1586),.UNSPECIFIED.,.F.,.F.,(6,1,1,1,1,1,6),(295.220438749066,
316.052847790053,351.169830877837,386.28681396562,421.403797053404,456.520780141188,
477.353189182176),.UNSPECIFIED.);
#618=B_SPLINE_CURVE_WITH_KNOTS('',5,(#1587,#1588,#1589,#1590,#1591,#1592),
 .UNSPECIFIED.,.F.,.F.,(6,6),(290.06261979335,295.220438749066),
 .UNSPECIFIED.);
#619=B_SPLINE_CURVE_WITH_KNOTS('',1,(#1593,#1594),.UNSPECIFIED.,.F.,.F.,
(2,2),(-2.,0.),.UNSPECIFIED.);
#620=B_SPLINE_CURVE_WITH_KNOTS('',1,(#1595,#1596),.UNSPECIFIED.,.F.,.F.,
(2,2),(0.,2.),.UNSPECIFIED.);
#621=B_SPLINE_CURVE_WITH_KNOTS('',5,(#1597,#1598,#1599,#1600,#1601,#1602,
#1603,#1604,#1605,#1606,#1607,#1608,#1609),.UNSPECIFIED.,.F.,.F.,(6,1,1,
1,1,1,1,1,6),(-3.09197480319186,-2.74889357189107,-2.35619449019234,-1.96349540849362,
-1.5707963267949,-1.17809724509617,-0.785398163397448,-0.392699081698724,
-0.049614478040866),.UNSPECIFIED.);
#622=B_SPLINE_CURVE_WITH_KNOTS('',5,(#1610,#1611,#1612,#1613,#1614,#1615,
#1616,#1617,#1618,#1619,#1620,#1621,#1622),.UNSPECIFIED.,.F.,.F.,(6,1,1,
1,1,1,1,1,6),(-3.09197480319166,-2.74889357189107,-2.35619449019234,-1.96349540849362,
-1.5707963267949,-1.17809724509617,-0.785398163397448,-0.392699081698724,
-0.0496144780410425),.UNSPECIFIED.);
#623=B_SPLINE_CURVE_WITH_KNOTS('',5,(#1623,#1624,#1625,#1626,#1627,#1628,
#1629,#1630,#1631,#1632,#1633),.UNSPECIFIED.,.F.,.F.,(6,1,1,1,1,1,6),(-512.470172269961,
-491.637763228971,-456.520780141188,-421.403797053404,-386.28681396562,
-351.169830877837,-330.33742183685),.UNSPECIFIED.);
#624=B_SPLINE_CURVE_WITH_KNOTS('',5,(#1634,#1635,#1636,#1637,#1638,#1639,
#1640),.UNSPECIFIED.,.F.,.F.,(6,1,6),(482.511008137892,491.637763228971,
526.754746316755),.UNSPECIFIED.);
#625=B_SPLINE_CURVE_WITH_KNOTS('',5,(#1641,#1642,#1643,#1644,#1645,#1646),
 .UNSPECIFIED.,.F.,.F.,(6,6),(477.353189182176,482.511008137892),
 .UNSPECIFIED.);
#626=B_SPLINE_CURVE_WITH_KNOTS('',1,(#1647,#1648),.UNSPECIFIED.,.F.,.F.,
(2,2),(0.,1.99999999999999),.UNSPECIFIED.);
#627=B_SPLINE_CURVE_WITH_KNOTS('',5,(#1649,#1650,#1651,#1652,#1653,#1654,
#1655,#1656,#1657,#1658,#1659,#1660,#1661),.UNSPECIFIED.,.F.,.F.,(6,1,1,
1,1,1,1,1,6),(167.368328023051,188.289369025932,209.210410028814,230.131451031695,
251.052492034576,271.973533037458,292.894574040339,313.81561504322,334.736656046102),
 .UNSPECIFIED.);
#628=B_SPLINE_CURVE_WITH_KNOTS('',5,(#1662,#1663,#1664,#1665,#1666,#1667,
#1668,#1669,#1670,#1671,#1672,#1673,#1674),.UNSPECIFIED.,.F.,.F.,(6,1,1,
1,1,1,1,1,6),(-167.368328023051,-146.44728702017,-125.526246017288,-104.605205014407,
-83.6841640115255,-62.7631230086441,-41.8420820057627,-20.9210410028814,
0.),.UNSPECIFIED.);
#629=B_SPLINE_CURVE_WITH_KNOTS('',1,(#1675,#1676),.UNSPECIFIED.,.F.,.F.,
(2,2),(0.,1.99999999999999),.UNSPECIFIED.);
#630=B_SPLINE_CURVE_WITH_KNOTS('',5,(#1677,#1678,#1679,#1680,#1681,#1682,
#1683,#1684,#1685,#1686,#1687,#1688,#1689),.UNSPECIFIED.,.F.,.F.,(6,1,1,
1,1,1,1,1,6),(161.085143653042,181.220786609673,201.356429566303,221.492072522933,
241.627715479564,261.763358436194,281.899001392824,302.034644349454,322.170287306085),
 .UNSPECIFIED.);
#631=B_SPLINE_CURVE_WITH_KNOTS('',5,(#1690,#1691,#1692,#1693,#1694,#1695,
#1696,#1697,#1698,#1699,#1700,#1701,#1702),.UNSPECIFIED.,.F.,.F.,(6,1,1,
1,1,1,1,1,6),(161.085143653042,181.220786609673,201.356429566303,221.492072522933,
241.627715479564,261.763358436194,281.899001392824,302.034644349454,322.170287306085),
 .UNSPECIFIED.);
#632=B_SPLINE_CURVE_WITH_KNOTS('',1,(#1703,#1704),.UNSPECIFIED.,.F.,.F.,
(2,2),(0.,1.99999999999999),.UNSPECIFIED.);
#633=B_SPLINE_CURVE_WITH_KNOTS('',5,(#1705,#1706,#1707,#1708,#1709,#1710,
#1711,#1712,#1713,#1714,#1715,#1716,#1717),.UNSPECIFIED.,.F.,.F.,(6,1,1,
1,1,1,1,1,6),(179.934696768625,202.426533864703,224.918370960781,247.41020805686,
269.902045152938,292.393882249016,314.885719345094,337.377556441172,359.86939353725),
 .UNSPECIFIED.);
#634=B_SPLINE_CURVE_WITH_KNOTS('',5,(#1718,#1719,#1720,#1721,#1722,#1723,
#1724,#1725,#1726,#1727,#1728,#1729,#1730),.UNSPECIFIED.,.F.,.F.,(6,1,1,
1,1,1,1,1,6),(-179.934696768625,-157.442859672547,-134.951022576469,-112.459185480391,
-89.9673483843126,-67.4755112882345,-44.9836741921563,-22.4918370960782,
0.),.UNSPECIFIED.);
#635=B_SPLINE_CURVE_WITH_KNOTS('',1,(#1731,#1732),.UNSPECIFIED.,.F.,.F.,
(2,2),(0.,1.99999999999999),.UNSPECIFIED.);
#636=B_SPLINE_CURVE_WITH_KNOTS('',5,(#1733,#1734,#1735,#1736,#1737,#1738,
#1739,#1740,#1741,#1742,#1743,#1744,#1745),.UNSPECIFIED.,.F.,.F.,(6,1,1,
1,1,1,1,1,6),(173.651512394971,195.357951444342,217.064390493713,238.770829543084,
260.477268592456,282.183707641827,303.890146691199,325.59658574057,347.303024789941),
 .UNSPECIFIED.);
#637=B_SPLINE_CURVE_WITH_KNOTS('',5,(#1746,#1747,#1748,#1749,#1750,#1751,
#1752,#1753,#1754,#1755,#1756,#1757,#1758),.UNSPECIFIED.,.F.,.F.,(6,1,1,
1,1,1,1,1,6),(173.651512394971,195.357951444342,217.064390493713,238.770829543084,
260.477268592456,282.183707641827,303.890146691199,325.59658574057,347.303024789941),
 .UNSPECIFIED.);
#638=B_SPLINE_CURVE_WITH_KNOTS('',1,(#1759,#1760),.UNSPECIFIED.,.F.,.F.,
(2,2),(0.,1.99999999999999),.UNSPECIFIED.);
#639=B_SPLINE_CURVE_WITH_KNOTS('',5,(#1761,#1762,#1763,#1764,#1765,#1766,
#1767,#1768,#1769,#1770,#1771,#1772,#1773),.UNSPECIFIED.,.F.,.F.,(6,1,1,
1,1,1,1,1,6),(192.501065520538,216.563698710605,240.626331900673,264.68896509074,
288.751598280807,312.814231470874,336.876864660942,360.939497851009,385.002131041076),
 .UNSPECIFIED.);
#640=B_SPLINE_CURVE_WITH_KNOTS('',5,(#1774,#1775,#1776,#1777,#1778,#1779,
#1780,#1781,#1782,#1783,#1784,#1785,#1786),.UNSPECIFIED.,.F.,.F.,(6,1,1,
1,1,1,1,1,6),(-192.501065520538,-168.438432330471,-144.375799140404,-120.313165950336,
-96.2505327602691,-72.1878995702018,-48.1252663801345,-24.0626331900673,
0.),.UNSPECIFIED.);
#641=B_SPLINE_CURVE_WITH_KNOTS('',1,(#1787,#1788),.UNSPECIFIED.,.F.,.F.,
(2,2),(0.,2.),.UNSPECIFIED.);
#642=B_SPLINE_CURVE_WITH_KNOTS('',5,(#1789,#1790,#1791,#1792,#1793,#1794,
#1795,#1796,#1797,#1798,#1799,#1800,#1801),.UNSPECIFIED.,.F.,.F.,(6,1,1,
1,1,1,1,1,6),(186.217881143859,209.495116286841,232.772351429824,256.049586572806,
279.326821715788,302.604056858771,325.881292001753,349.158527144736,372.435762287718),
 .UNSPECIFIED.);
#643=B_SPLINE_CURVE_WITH_KNOTS('',5,(#1802,#1803,#1804,#1805,#1806,#1807,
#1808,#1809,#1810,#1811,#1812,#1813,#1814),.UNSPECIFIED.,.F.,.F.,(6,1,1,
1,1,1,1,1,6),(186.217881143859,209.495116286841,232.772351429824,256.049586572806,
279.326821715788,302.604056858771,325.881292001753,349.158527144736,372.435762287718),
 .UNSPECIFIED.);
#644=B_SPLINE_CURVE_WITH_KNOTS('',1,(#1815,#1816),.UNSPECIFIED.,.F.,.F.,
(2,2),(0.,2.),.UNSPECIFIED.);
#645=B_SPLINE_CURVE_WITH_KNOTS('',5,(#1817,#1818,#1819,#1820,#1821,#1822,
#1823,#1824,#1825,#1826,#1827,#1828,#1829),.UNSPECIFIED.,.F.,.F.,(6,1,1,
1,1,1,1,1,6),(205.067434277777,230.700863562499,256.334292847221,281.967722131943,
307.601151416665,333.234580701387,358.868009986109,384.501439270831,410.134868555553),
 .UNSPECIFIED.);
#646=B_SPLINE_CURVE_WITH_KNOTS('',5,(#1830,#1831,#1832,#1833,#1834,#1835,
#1836,#1837,#1838,#1839,#1840,#1841,#1842),.UNSPECIFIED.,.F.,.F.,(6,1,1,
1,1,1,1,1,6),(-205.067434277777,-179.434004993055,-153.800575708332,-128.16714642361,
-102.533717138888,-76.9002878541662,-51.2668585694442,-25.6334292847221,
0.),.UNSPECIFIED.);
#647=B_SPLINE_CURVE_WITH_KNOTS('',1,(#1843,#1844),.UNSPECIFIED.,.F.,.F.,
(2,2),(0.,2.),.UNSPECIFIED.);
#648=B_SPLINE_CURVE_WITH_KNOTS('',5,(#1845,#1846,#1847,#1848,#1849,#1850,
#1851,#1852,#1853,#1854,#1855,#1856,#1857),.UNSPECIFIED.,.F.,.F.,(6,1,1,
1,1,1,1,1,6),(198.784249898545,223.632281135864,248.480312373182,273.3283436105,
298.176374847818,323.024406085136,347.872437322454,372.720468559773,397.568499797091),
 .UNSPECIFIED.);
#649=B_SPLINE_CURVE_WITH_KNOTS('',5,(#1858,#1859,#1860,#1861,#1862,#1863,
#1864,#1865,#1866,#1867,#1868,#1869,#1870),.UNSPECIFIED.,.F.,.F.,(6,1,1,
1,1,1,1,1,6),(198.784249898546,223.632281135864,248.480312373182,273.3283436105,
298.176374847818,323.024406085136,347.872437322454,372.720468559773,397.568499797091),
 .UNSPECIFIED.);
#650=B_SPLINE_CURVE_WITH_KNOTS('',1,(#1871,#1872),.UNSPECIFIED.,.F.,.F.,
(2,2),(0.,1.99999999999999),.UNSPECIFIED.);
#651=B_SPLINE_CURVE_WITH_KNOTS('',5,(#1873,#1874,#1875,#1876,#1877,#1878,
#1879,#1880,#1881,#1882,#1883,#1884,#1885),.UNSPECIFIED.,.F.,.F.,(6,1,1,
1,1,1,1,1,6),(217.633803039554,244.838028419499,272.042253799443,299.246479179387,
326.450704559332,353.654929939276,380.85915531922,408.063380699165,435.267606079109),
 .UNSPECIFIED.);
#652=B_SPLINE_CURVE_WITH_KNOTS('',5,(#1886,#1887,#1888,#1889,#1890,#1891,
#1892,#1893,#1894,#1895,#1896,#1897,#1898),.UNSPECIFIED.,.F.,.F.,(6,1,1,
1,1,1,1,1,6),(-217.633803039555,-190.42957765961,-163.225352279666,-136.021126899722,
-108.816901519777,-81.6126761398329,-54.4084507598886,-27.2042253799443,
0.),.UNSPECIFIED.);
#653=B_SPLINE_CURVE_WITH_KNOTS('',1,(#1899,#1900),.UNSPECIFIED.,.F.,.F.,
(2,2),(0.,1.99999999999999),.UNSPECIFIED.);
#654=B_SPLINE_CURVE_WITH_KNOTS('',5,(#1901,#1902,#1903,#1904,#1905,#1906,
#1907,#1908,#1909,#1910,#1911,#1912,#1913),.UNSPECIFIED.,.F.,.F.,(6,1,1,
1,1,1,1,1,6),(211.35061865814,237.769445990408,264.188273322676,290.607100654943,
317.025927987211,343.444755319478,369.863582651746,396.282409984013,422.701237316281),
 .UNSPECIFIED.);
#655=B_SPLINE_CURVE_WITH_KNOTS('',5,(#1914,#1915,#1916,#1917,#1918,#1919,
#1920,#1921,#1922,#1923,#1924,#1925,#1926),.UNSPECIFIED.,.F.,.F.,(6,1,1,
1,1,1,1,1,6),(211.35061865814,237.769445990408,264.188273322676,290.607100654943,
317.025927987211,343.444755319478,369.863582651746,396.282409984013,422.701237316281),
 .UNSPECIFIED.);
#656=B_SPLINE_CURVE_WITH_KNOTS('',1,(#1927,#1928),.UNSPECIFIED.,.F.,.F.,
(2,2),(0.,7.),.UNSPECIFIED.);
#657=B_SPLINE_CURVE_WITH_KNOTS('',5,(#1929,#1930,#1931,#1932,#1933,#1934,
#1935,#1936,#1937,#1938,#1939,#1940,#1941),.UNSPECIFIED.,.F.,.F.,(6,1,1,
1,1,1,1,1,6),(3.14159265358979,3.53429173528852,3.92699081698724,4.31968989868597,
4.71238898038469,5.10508806208341,5.49778714378214,5.89048622548086,6.28318530717959),
 .UNSPECIFIED.);
#658=B_SPLINE_CURVE_WITH_KNOTS('',5,(#1942,#1943,#1944,#1945,#1946,#1947,
#1948,#1949,#1950,#1951,#1952,#1953,#1954),.UNSPECIFIED.,.F.,.F.,(6,1,1,
1,1,1,1,1,6),(3.14159265358979,3.53429173528852,3.92699081698724,4.31968989868597,
4.71238898038469,5.10508806208341,5.49778714378214,5.89048622548086,6.28318530717959),
 .UNSPECIFIED.);
#659=B_SPLINE_CURVE_WITH_KNOTS('',1,(#1955,#1956),.UNSPECIFIED.,.F.,.F.,
(2,2),(0.,7.),.UNSPECIFIED.);
#660=B_SPLINE_CURVE_WITH_KNOTS('',5,(#1957,#1958,#1959,#1960,#1961,#1962,
#1963,#1964,#1965,#1966,#1967,#1968,#1969),.UNSPECIFIED.,.F.,.F.,(6,1,1,
1,1,1,1,1,6),(3.14159265358979,3.53429173528852,3.92699081698724,4.31968989868597,
4.71238898038469,5.10508806208341,5.49778714378214,5.89048622548086,6.28318530717959),
 .UNSPECIFIED.);
#661=B_SPLINE_CURVE_WITH_KNOTS('',5,(#1970,#1971,#1972,#1973,#1974,#1975,
#1976,#1977,#1978,#1979,#1980,#1981,#1982),.UNSPECIFIED.,.F.,.F.,(6,1,1,
1,1,1,1,1,6),(-3.14159265358979,-2.74889357189107,-2.35619449019234,-1.96349540849362,
-1.5707963267949,-1.17809724509617,-0.785398163397448,-0.392699081698724,
0.),.UNSPECIFIED.);
#662=B_SPLINE_CURVE_WITH_KNOTS('',3,(#1983,#1984,#1985,#1986),
 .UNSPECIFIED.,.F.,.F.,(4,4),(0.,7.),.UNSPECIFIED.);
#663=B_SPLINE_CURVE_WITH_KNOTS('',5,(#1987,#1988,#1989,#1990,#1991,#1992,
#1993,#1994,#1995,#1996,#1997,#1998,#1999),.UNSPECIFIED.,.F.,.F.,(6,1,1,
1,1,1,1,1,6),(166.270233890914,187.054013127278,207.837792363643,228.621571600007,
249.405350836371,270.189130072735,290.9729093091,311.756688545464,332.540467781828),
 .UNSPECIFIED.);
#664=B_SPLINE_CURVE_WITH_KNOTS('',5,(#2000,#2001,#2002,#2003,#2004,#2005,
#2006,#2007,#2008,#2009,#2010,#2011),.UNSPECIFIED.,.F.,.F.,(6,1,1,1,1,1,
1,6),(-245.818881614486,-210.701898526702,-175.584915438918,-140.467932351135,
-105.350949263351,-70.2339661755673,-35.1169830877837,0.),.UNSPECIFIED.);
#665=B_SPLINE_CURVE_WITH_KNOTS('',1,(#2012,#2013),.UNSPECIFIED.,.F.,.F.,
(2,2),(0.,7.00000000000001),.UNSPECIFIED.);
#666=B_SPLINE_CURVE_WITH_KNOTS('',5,(#2014,#2015,#2016,#2017,#2018,#2019,
#2020,#2021,#2022,#2023,#2024,#2025,#2026),.UNSPECIFIED.,.F.,.F.,(6,1,1,
1,1,1,1,1,6),(-128.805282203129,-112.704621927738,-96.6039616523467,-80.5033013769556,
-64.4026411015645,-48.3019808261733,-32.2013205507822,-16.1006602753911,
0.),.UNSPECIFIED.);
#667=B_SPLINE_CURVE_WITH_KNOTS('',5,(#2027,#2028,#2029,#2030,#2031,#2032,
#2033,#2034,#2035,#2036,#2037,#2038,#2039),.UNSPECIFIED.,.F.,.F.,(6,1,1,
1,1,1,1,1,6),(-128.805282203129,-112.704621927738,-96.6039616523467,-80.5033013769556,
-64.4026411015645,-48.3019808261733,-32.2013205507822,-16.1006602753911,
0.),.UNSPECIFIED.);
#668=B_SPLINE_CURVE_WITH_KNOTS('',1,(#2040,#2041),.UNSPECIFIED.,.F.,.F.,
(2,2),(0.,28.2750000000003),.UNSPECIFIED.);
#669=B_SPLINE_CURVE_WITH_KNOTS('',5,(#2042,#2043,#2044,#2045,#2046,#2047),
 .UNSPECIFIED.,.F.,.F.,(6,6),(-280.935864702269,-245.818881614486),
 .UNSPECIFIED.);
#670=B_SPLINE_CURVE_WITH_KNOTS('',5,(#2048,#2049,#2050,#2051,#2052,#2053),
 .UNSPECIFIED.,.F.,.F.,(6,6),(280.93586470227,290.06261979335),
 .UNSPECIFIED.);
#671=VERTEX_POINT('',#979);
#672=VERTEX_POINT('',#980);
#673=VERTEX_POINT('',#981);
#674=VERTEX_POINT('',#982);
#675=VERTEX_POINT('',#983);
#676=VERTEX_POINT('',#984);
#677=VERTEX_POINT('',#985);
#678=VERTEX_POINT('',#986);
#679=VERTEX_POINT('',#987);
#680=VERTEX_POINT('',#988);
#681=VERTEX_POINT('',#989);
#682=VERTEX_POINT('',#990);
#683=VERTEX_POINT('',#991);
#684=VERTEX_POINT('',#992);
#685=VERTEX_POINT('',#993);
#686=VERTEX_POINT('',#994);
#687=VERTEX_POINT('',#995);
#688=VERTEX_POINT('',#996);
#689=VERTEX_POINT('',#997);
#690=VERTEX_POINT('',#998);
#691=VERTEX_POINT('',#999);
#692=VERTEX_POINT('',#1000);
#693=VERTEX_POINT('',#1001);
#694=VERTEX_POINT('',#1002);
#695=VERTEX_POINT('',#1003);
#696=VERTEX_POINT('',#1004);
#697=VERTEX_POINT('',#1005);
#698=VERTEX_POINT('',#1006);
#699=VERTEX_POINT('',#1007);
#700=VERTEX_POINT('',#1008);
#701=VERTEX_POINT('',#1009);
#702=VERTEX_POINT('',#1010);
#703=VERTEX_POINT('',#1011);
#704=VERTEX_POINT('',#1012);
#705=VERTEX_POINT('',#1013);
#706=VERTEX_POINT('',#1014);
#707=VERTEX_POINT('',#1015);
#708=VERTEX_POINT('',#1016);
#709=VERTEX_POINT('',#1017);
#710=VERTEX_POINT('',#1018);
#711=VERTEX_POINT('',#1019);
#712=VERTEX_POINT('',#1020);
#713=VERTEX_POINT('',#1021);
#714=VERTEX_POINT('',#1022);
#715=VERTEX_POINT('',#1023);
#716=VERTEX_POINT('',#1024);
#717=VERTEX_POINT('',#1025);
#718=VERTEX_POINT('',#1026);
#719=VERTEX_POINT('',#1027);
#720=VERTEX_POINT('',#1028);
#721=VERTEX_POINT('',#1029);
#722=VERTEX_POINT('',#1030);
#723=VERTEX_POINT('',#1031);
#724=VERTEX_POINT('',#1032);
#725=VERTEX_POINT('',#1033);
#726=VERTEX_POINT('',#1034);
#727=VERTEX_POINT('',#1035);
#728=VERTEX_POINT('',#1036);
#729=VERTEX_POINT('',#1037);
#730=VERTEX_POINT('',#1038);
#731=VERTEX_POINT('',#1039);
#732=VERTEX_POINT('',#1040);
#733=VERTEX_POINT('',#1041);
#734=VERTEX_POINT('',#1042);
#735=VERTEX_POINT('',#1043);
#736=VERTEX_POINT('',#1044);
#737=VERTEX_POINT('',#1045);
#738=VERTEX_POINT('',#1046);
#739=VERTEX_POINT('',#1047);
#740=VERTEX_POINT('',#1048);
#741=VERTEX_POINT('',#1049);
#742=VERTEX_POINT('',#1050);
#743=VERTEX_POINT('',#1051);
#744=VERTEX_POINT('',#1052);
#745=PLANE('',#825);
#746=PLANE('',#826);
#747=PLANE('',#827);
#748=PLANE('',#828);
#749=PLANE('',#831);
#750=PLANE('',#832);
#751=PLANE('',#835);
#752=PLANE('',#836);
#753=PLANE('',#839);
#754=PLANE('',#840);
#755=PLANE('',#843);
#756=PLANE('',#844);
#757=PLANE('',#847);
#758=PLANE('',#848);
#759=PLANE('',#849);
#760=PLANE('',#850);
#761=PLANE('',#853);
#762=PLANE('',#854);
#763=PLANE('',#855);
#764=PLANE('',#856);
#765=CYLINDRICAL_SURFACE('',#817,1.99999999999988);
#766=CYLINDRICAL_SURFACE('',#818,1.99999999999999);
#767=CYLINDRICAL_SURFACE('',#819,2.00000000000023);
#768=CYLINDRICAL_SURFACE('',#820,69.2750000000004);
#769=CYLINDRICAL_SURFACE('',#821,41.0000000000002);
#770=CYLINDRICAL_SURFACE('',#822,41.0000000000002);
#771=CYLINDRICAL_SURFACE('',#823,39.0000000000006);
#772=CYLINDRICAL_SURFACE('',#824,39.0000000000002);
#773=CYLINDRICAL_SURFACE('',#829,51.2749999999994);
#774=CYLINDRICAL_SURFACE('',#830,49.2750000000002);
#775=CYLINDRICAL_SURFACE('',#833,55.275);
#776=CYLINDRICAL_SURFACE('',#834,53.2749999999999);
#777=CYLINDRICAL_SURFACE('',#837,59.2750000000003);
#778=CYLINDRICAL_SURFACE('',#838,57.275);
#779=CYLINDRICAL_SURFACE('',#841,63.2750000000003);
#780=CYLINDRICAL_SURFACE('',#842,61.2750000000001);
#781=CYLINDRICAL_SURFACE('',#845,67.2750000000003);
#782=CYLINDRICAL_SURFACE('',#846,65.2750000000003);
#783=CYLINDRICAL_SURFACE('',#851,5.99999999999977);
#784=CYLINDRICAL_SURFACE('',#852,3.00000000000023);
#785=CYLINDRICAL_SURFACE('',#857,51.2749999999999);
#786=CYLINDRICAL_SURFACE('',#858,49.2750000000001);
#787=CYLINDRICAL_SURFACE('',#859,55.2750000000001);
#788=CYLINDRICAL_SURFACE('',#860,53.2749999999997);
#789=CYLINDRICAL_SURFACE('',#861,59.2750000000004);
#790=CYLINDRICAL_SURFACE('',#862,57.275);
#791=CYLINDRICAL_SURFACE('',#863,63.2750000000001);
#792=CYLINDRICAL_SURFACE('',#864,61.2750000000004);
#793=CYLINDRICAL_SURFACE('',#865,67.2750000000004);
#794=CYLINDRICAL_SURFACE('',#866,65.2750000000002);
#795=CYLINDRICAL_SURFACE('',#867,6.00000000000023);
#796=CYLINDRICAL_SURFACE('',#868,3.00000000000011);
#797=SHAPE_DEFINITION_REPRESENTATION(#798,#815);
#798=PRODUCT_DEFINITION_SHAPE($,$,#800);
#799=PRODUCT_DEFINITION_CONTEXT('3D Mechanical Parts',#804,'design');
#800=PRODUCT_DEFINITION('A','First version',#801,#799);
#801=PRODUCT_DEFINITION_FORMATION_WITH_SPECIFIED_SOURCE('A',
'First version',#806,.MADE.);
#802=PRODUCT_RELATED_PRODUCT_CATEGORY('tool','tool',(#806));
#803=APPLICATION_PROTOCOL_DEFINITION('Draft International Standard',
'automotive_design',1999,#804);
#804=APPLICATION_CONTEXT(
'data for automotive mechanical design processes');
#805=PRODUCT_CONTEXT('3D Mechanical Parts',#804,'mechanical');
#806=PRODUCT('Document','Document','',(#805));
#807=(
LENGTH_UNIT()
NAMED_UNIT(*)
SI_UNIT(.MILLI.,.METRE.)
);
#808=(
NAMED_UNIT(*)
PLANE_ANGLE_UNIT()
SI_UNIT($,.RADIAN.)
);
#809=DIMENSIONAL_EXPONENTS(0.,0.,0.,0.,0.,0.,0.);
#810=PLANE_ANGLE_MEASURE_WITH_UNIT(PLANE_ANGLE_MEASURE(0.01745329252),#808);
#811=(
CONVERSION_BASED_UNIT('DEGREES',#810)
NAMED_UNIT(#809)
PLANE_ANGLE_UNIT()
);
#812=(
NAMED_UNIT(*)
SI_UNIT($,.STERADIAN.)
SOLID_ANGLE_UNIT()
);
#813=UNCERTAINTY_MEASURE_WITH_UNIT(LENGTH_MEASURE(0.001),#807,
'DISTANCE_ACCURACY_VALUE',
'Maximum model space distance between geometric entities at asserted c
onnectivities');
#814=(
GEOMETRIC_REPRESENTATION_CONTEXT(3)
GLOBAL_UNCERTAINTY_ASSIGNED_CONTEXT((#813))
GLOBAL_UNIT_ASSIGNED_CONTEXT((#812,#811,#807))
REPRESENTATION_CONTEXT('ID1','3D')
);
#815=SHAPE_REPRESENTATION('Document',(#816,#869),#814);
#816=AXIS2_PLACEMENT_3D($,#926,#870,#871);
#817=AXIS2_PLACEMENT_3D('',#927,#872,$);
#818=AXIS2_PLACEMENT_3D('',#928,#873,$);
#819=AXIS2_PLACEMENT_3D('',#929,#874,$);
#820=AXIS2_PLACEMENT_3D('',#930,#875,$);
#821=AXIS2_PLACEMENT_3D('',#931,#876,$);
#822=AXIS2_PLACEMENT_3D('',#932,#877,$);
#823=AXIS2_PLACEMENT_3D('',#933,#878,$);
#824=AXIS2_PLACEMENT_3D('',#934,#879,$);
#825=AXIS2_PLACEMENT_3D('',#935,#880,$);
#826=AXIS2_PLACEMENT_3D('',#936,#881,$);
#827=AXIS2_PLACEMENT_3D('',#937,#882,$);
#828=AXIS2_PLACEMENT_3D('',#938,#883,$);
#829=AXIS2_PLACEMENT_3D('',#939,#884,$);
#830=AXIS2_PLACEMENT_3D('',#940,#885,$);
#831=AXIS2_PLACEMENT_3D('',#941,#886,$);
#832=AXIS2_PLACEMENT_3D('',#942,#887,$);
#833=AXIS2_PLACEMENT_3D('',#943,#888,$);
#834=AXIS2_PLACEMENT_3D('',#944,#889,$);
#835=AXIS2_PLACEMENT_3D('',#945,#890,$);
#836=AXIS2_PLACEMENT_3D('',#946,#891,$);
#837=AXIS2_PLACEMENT_3D('',#947,#892,$);
#838=AXIS2_PLACEMENT_3D('',#948,#893,$);
#839=AXIS2_PLACEMENT_3D('',#949,#894,$);
#840=AXIS2_PLACEMENT_3D('',#950,#895,$);
#841=AXIS2_PLACEMENT_3D('',#951,#896,$);
#842=AXIS2_PLACEMENT_3D('',#952,#897,$);
#843=AXIS2_PLACEMENT_3D('',#953,#898,$);
#844=AXIS2_PLACEMENT_3D('',#954,#899,$);
#845=AXIS2_PLACEMENT_3D('',#955,#900,$);
#846=AXIS2_PLACEMENT_3D('',#956,#901,$);
#847=AXIS2_PLACEMENT_3D('',#957,#902,$);
#848=AXIS2_PLACEMENT_3D('',#958,#903,$);
#849=AXIS2_PLACEMENT_3D('',#959,#904,$);
#850=AXIS2_PLACEMENT_3D('',#960,#905,$);
#851=AXIS2_PLACEMENT_3D('',#961,#906,$);
#852=AXIS2_PLACEMENT_3D('',#962,#907,$);
#853=AXIS2_PLACEMENT_3D('',#963,#908,$);
#854=AXIS2_PLACEMENT_3D('',#964,#909,$);
#855=AXIS2_PLACEMENT_3D('',#965,#910,$);
#856=AXIS2_PLACEMENT_3D('',#966,#911,$);
#857=AXIS2_PLACEMENT_3D('',#967,#912,$);
#858=AXIS2_PLACEMENT_3D('',#968,#913,$);
#859=AXIS2_PLACEMENT_3D('',#969,#914,$);
#860=AXIS2_PLACEMENT_3D('',#970,#915,$);
#861=AXIS2_PLACEMENT_3D('',#971,#916,$);
#862=AXIS2_PLACEMENT_3D('',#972,#917,$);
#863=AXIS2_PLACEMENT_3D('',#973,#918,$);
#864=AXIS2_PLACEMENT_3D('',#974,#919,$);
#865=AXIS2_PLACEMENT_3D('',#975,#920,$);
#866=AXIS2_PLACEMENT_3D('',#976,#921,$);
#867=AXIS2_PLACEMENT_3D('',#977,#922,$);
#868=AXIS2_PLACEMENT_3D('',#978,#923,$);
#869=AXIS2_PLACEMENT_3D($,#2054,#924,#925);
#870=DIRECTION('',(0.,0.,1.));
#871=DIRECTION('',(1.,0.,0.));
#872=DIRECTION('',(8.58002916523299E-15,-2.90252194939275E-15,-1.));
#873=DIRECTION('',(-6.80367232583449E-15,-5.97926224760748E-15,-1.));
#874=DIRECTION('',(-1.7763568394007E-15,8.88178419700474E-15,-1.));
#875=DIRECTION('',(1.53852631344662E-16,-3.58989473137544E-16,-1.));
#876=DIRECTION('',(-9.61086932714224E-31,1.73303106282949E-16,-1.));
#877=DIRECTION('',(-9.61086932714245E-31,1.73303106282953E-16,-1.));
#878=DIRECTION('',(-9.10952225333447E-17,-2.73285667600039E-16,-1.));
#879=DIRECTION('',(-9.10952225333459E-17,9.10952225333472E-17,-1.));
#880=DIRECTION('',(0.,0.,-1.));
#881=DIRECTION('',(0.,0.,-1.));
#882=DIRECTION('',(0.,0.,1.));
#883=DIRECTION('',(0.,0.,1.));
#884=DIRECTION('',(-4.91596785952018E-30,5.54299550081006E-16,-1.));
#885=DIRECTION('',(-2.66156521126931E-30,2.88398878035551E-16,1.));
#886=DIRECTION('',(0.,0.,1.));
#887=DIRECTION('',(0.,0.,1.));
#888=DIRECTION('',(2.57093708099542E-16,-2.57093709296296E-16,-1.));
#889=DIRECTION('',(-2.66745278558462E-16,-1.78720791937076E-24,1.));
#890=DIRECTION('',(0.,0.,1.));
#891=DIRECTION('',(0.,0.,1.));
#892=DIRECTION('',(2.39744491188561E-16,-4.60186764117484E-25,-1.));
#893=DIRECTION('',(-1.96997258109466E-30,2.48116188829359E-16,1.));
#894=DIRECTION('',(0.,0.,1.));
#895=DIRECTION('',(0.,0.,1.));
#896=DIRECTION('',(2.24588774637724E-16,-1.13187220582767E-25,-1.));
#897=DIRECTION('',(0.,0.,1.));
#898=DIRECTION('',(0.,0.,1.));
#899=DIRECTION('',(0.,0.,1.));
#900=DIRECTION('',(2.11235298628048E-16,-8.92407027729615E-31,-1.));
#901=DIRECTION('',(-6.0667571070294E-30,4.35414928079719E-16,1.));
#902=DIRECTION('',(0.,0.,-1.));
#903=DIRECTION('',(0.,0.,-1.));
#904=DIRECTION('',(0.,0.,-1.));
#905=DIRECTION('',(0.,0.,-1.));
#906=DIRECTION('',(-2.36847578586696E-15,-4.48774203859039E-29,-1.));
#907=DIRECTION('',(-4.73695157173319E-15,-2.36847578586512E-15,1.));
#908=DIRECTION('',(0.,0.,-1.));
#909=DIRECTION('',(0.,0.,-1.));
#910=DIRECTION('',(0.,0.,-1.));
#911=DIRECTION('',(0.,0.,1.));
#912=DIRECTION('',(0.,-2.77149775040503E-16,-1.));
#913=DIRECTION('',(0.,0.,1.));
#914=DIRECTION('',(2.11510959181986E-30,-2.57093708099537E-16,-1.));
#915=DIRECTION('',(-4.55379479252672E-30,2.66745278558457E-16,1.));
#916=DIRECTION('',(2.39744491188561E-16,4.60180556556002E-25,-1.));
#917=DIRECTION('',(0.,0.,1.));
#918=DIRECTION('',(0.,4.49177549275446E-16,-1.));
#919=DIRECTION('',(-2.31919293597747E-16,2.49569202274486E-25,1.));
#920=DIRECTION('',(2.1123529862805E-16,-2.11235298628053E-16,-1.));
#921=DIRECTION('',(-2.17707464039861E-16,3.43351910195524E-26,1.));
#922=DIRECTION('',(2.36847578586687E-15,-4.48774203858988E-28,-1.));
#923=DIRECTION('',(-4.73695157173283E-15,-4.73695157173499E-15,1.));
#924=DIRECTION('',(0.,0.,1.));
#925=DIRECTION('',(1.,0.,0.));
#926=CARTESIAN_POINT('',(0.,0.,0.));
#927=CARTESIAN_POINT('',(985.888870132447,-1974.1578730155,63.8669295839051));
#928=CARTESIAN_POINT('',(866.122770457816,-1974.1578730155,63.8669295839051));
#929=CARTESIAN_POINT('',(926.005820295131,-1870.43738818509,63.8669295839051));
#930=CARTESIAN_POINT('',(926.005820295131,-1939.58437807203,63.8669295839051));
#931=CARTESIAN_POINT('',(926.005820295131,-1939.58437807203,58.3669295839051));
#932=CARTESIAN_POINT('',(926.005820295131,-1939.58437807203,58.3669295839051));
#933=CARTESIAN_POINT('',(926.005820295131,-1939.58437807203,56.8669295839051));
#934=CARTESIAN_POINT('',(926.005820295131,-1939.58437807203,56.8669295839051));
#935=CARTESIAN_POINT('',(990.007574909851,-1913.07398329494,61.8669295839051));
#936=CARTESIAN_POINT('',(862.004065680411,-1966.09477284912,61.8669295839051));
#937=CARTESIAN_POINT('',(873.705320295131,-1991.88487837262,63.8669295839051));
#938=CARTESIAN_POINT('',(855.34532029513,-1868.92387807203,65.8669295839051));
#939=CARTESIAN_POINT('',(926.005820295131,-1939.58437807203,68.8669295839051));
#940=CARTESIAN_POINT('',(926.005820295131,-1939.58437807203,68.8669295839051));
#941=CARTESIAN_POINT('',(869.625320295131,-1995.96487829265,63.8669295839051));
#942=CARTESIAN_POINT('',(855.34532029513,-1868.92387807203,65.8669295839051));
#943=CARTESIAN_POINT('',(926.005820295131,-1939.58437807203,68.8669295839051));
#944=CARTESIAN_POINT('',(926.005820295131,-1939.58437807203,68.8669295839051));
#945=CARTESIAN_POINT('',(865.545320295131,-2000.04487822204,63.8669295839051));
#946=CARTESIAN_POINT('',(855.34532029513,-1868.92387807203,65.8669295839051));
#947=CARTESIAN_POINT('',(926.005820295131,-1939.58437807203,68.8669295839051));
#948=CARTESIAN_POINT('',(926.005820295131,-1939.58437807203,68.8669295839051));
#949=CARTESIAN_POINT('',(861.46532029513,-2004.12487815833,63.8669295839051));
#950=CARTESIAN_POINT('',(855.34532029513,-1868.92387807203,65.8669295839051));
#951=CARTESIAN_POINT('',(926.005820295131,-1939.58437807203,68.8669295839051));
#952=CARTESIAN_POINT('',(926.005820295131,-1939.58437807203,68.8669295839051));
#953=CARTESIAN_POINT('',(857.38532029513,-2008.20487809977,63.8669295839051));
#954=CARTESIAN_POINT('',(855.34532029513,-1868.92387807203,65.8669295839051));
#955=CARTESIAN_POINT('',(926.005820295131,-1939.58437807203,68.8669295839051));
#956=CARTESIAN_POINT('',(926.005820295131,-1939.58437807203,68.8669295839051));
#957=CARTESIAN_POINT('',(982.473806622987,-1975.07293652496,61.8669295839051));
#958=CARTESIAN_POINT('',(867.037833967277,-1970.74280950604,61.8669295839051));
#959=CARTESIAN_POINT('',(928.505820295131,-1872.93738818509,61.8669295839051));
#960=CARTESIAN_POINT('',(919.885820295131,-1945.70437807203,54.8669295839051));
#961=CARTESIAN_POINT('',(926.005820295131,-1939.58437807203,58.9746608487358));
#962=CARTESIAN_POINT('',(926.005820295131,-1939.58437807203,58.9746608487358));
#963=CARTESIAN_POINT('',(884.18582029513,-1981.40437807203,54.8669295839051));
#964=CARTESIAN_POINT('',(974.755820295131,-1988.33437807203,61.8669295839051));
#965=CARTESIAN_POINT('',(974.755820295131,-1988.33437807203,61.8669295839051));
#966=CARTESIAN_POINT('',(855.345320295131,-1867.03316828622,65.8669295839051));
#967=CARTESIAN_POINT('',(926.005820295131,-1939.58437807203,68.8669295839051));
#968=CARTESIAN_POINT('',(926.005820295131,-1939.58437807203,68.8669295839051));
#969=CARTESIAN_POINT('',(926.005820295131,-1939.58437807203,68.8669295839051));
#970=CARTESIAN_POINT('',(926.005820295131,-1939.58437807203,68.8669295839051));
#971=CARTESIAN_POINT('',(926.005820295131,-1939.58437807203,68.8669295839051));
#972=CARTESIAN_POINT('',(926.005820295131,-1939.58437807203,68.8669295839051));
#973=CARTESIAN_POINT('',(926.005820295131,-1939.58437807203,68.8669295839051));
#974=CARTESIAN_POINT('',(926.005820295131,-1939.58437807203,68.8669295839051));
#975=CARTESIAN_POINT('',(926.005820295131,-1939.58437807203,68.8669295839051));
#976=CARTESIAN_POINT('',(926.005820295131,-1939.58437807203,68.8669295839051));
#977=CARTESIAN_POINT('',(926.005820295131,-1939.58437807203,58.9746608487358));
#978=CARTESIAN_POINT('',(926.005820295131,-1939.58437807203,58.9746608487358));
#979=CARTESIAN_POINT('',(977.280820295131,-1939.58437807203,63.8669295839051));
#980=CARTESIAN_POINT('',(975.280820295131,-1939.58437807203,63.8669295839051));
#981=CARTESIAN_POINT('',(977.280820295131,-1939.58437807203,65.8669295839051));
#982=CARTESIAN_POINT('',(975.280820295131,-1939.58437807203,65.8669295839051));
#983=CARTESIAN_POINT('',(981.280820295131,-1939.58437807203,63.8669295839051));
#984=CARTESIAN_POINT('',(979.280820295131,-1939.58437807203,63.8669295839051));
#985=CARTESIAN_POINT('',(981.280820295131,-1939.58437807203,65.8669295839051));
#986=CARTESIAN_POINT('',(979.280820295131,-1939.58437807203,65.8669295839051));
#987=CARTESIAN_POINT('',(985.280820295131,-1939.58437807203,63.8669295839051));
#988=CARTESIAN_POINT('',(983.280820295131,-1939.58437807203,63.8669295839051));
#989=CARTESIAN_POINT('',(985.280820295131,-1939.58437807203,65.8669295839051));
#990=CARTESIAN_POINT('',(983.280820295131,-1939.58437807203,65.8669295839051));
#991=CARTESIAN_POINT('',(989.280820295131,-1939.58437807203,63.8669295839051));
#992=CARTESIAN_POINT('',(987.280820295131,-1939.58437807203,63.8669295839051));
#993=CARTESIAN_POINT('',(989.280820295131,-1939.58437807203,65.8669295839051));
#994=CARTESIAN_POINT('',(987.280820295131,-1939.58437807203,65.8669295839051));
#995=CARTESIAN_POINT('',(993.280820295131,-1939.58437807203,63.8669295839051));
#996=CARTESIAN_POINT('',(991.280820295131,-1939.58437807203,63.8669295839051));
#997=CARTESIAN_POINT('',(993.280820295131,-1939.58437807203,65.8669295839051));
#998=CARTESIAN_POINT('',(991.280820295131,-1939.58437807203,65.8669295839051));
#999=CARTESIAN_POINT('',(932.005820295131,-1939.58437807203,54.8669295839051));
#1000=CARTESIAN_POINT('',(929.005820295131,-1939.58437807203,54.8669295839051));
#1001=CARTESIAN_POINT('',(995.280820295131,-1939.58437807203,61.8669295839051));
#1002=CARTESIAN_POINT('',(995.280820295131,-1939.58437807203,65.8669295839051));
#1003=CARTESIAN_POINT('',(967.005820295131,-1939.58437807203,54.8669295839051));
#1004=CARTESIAN_POINT('',(967.005820295131,-1939.58437807203,61.8669295839051));
#1005=CARTESIAN_POINT('',(990.007574909851,-1913.07398329494,61.8669295839051));
#1006=CARTESIAN_POINT('',(963.884881128094,-1923.89435734506,61.8669295839051));
#1007=CARTESIAN_POINT('',(965.005820295131,-1939.58437807203,61.8669295839051));
#1008=CARTESIAN_POINT('',(965.005820295131,-1939.58437807203,54.8669295839051));
#1009=CARTESIAN_POINT('',(932.005820295131,-1939.58437807203,61.8669295839051));
#1010=CARTESIAN_POINT('',(929.005820295131,-1939.58437807203,61.8669295839051));
#1011=CARTESIAN_POINT('',(924.00828223638,-1870.3381844733,61.8669295839051));
#1012=CARTESIAN_POINT('',(924.00828223638,-1870.3381844733,65.8669295839051));
#1013=CARTESIAN_POINT('',(928.003358353883,-1870.3381844733,65.8669295839051));
#1014=CARTESIAN_POINT('',(928.003358353882,-1870.3381844733,61.8669295839051));
#1015=CARTESIAN_POINT('',(867.03564038922,-1975.93738647738,65.8669295839051));
#1016=CARTESIAN_POINT('',(865.038095892508,-1972.47755139152,65.8669295839051));
#1017=CARTESIAN_POINT('',(867.03564038922,-1975.93738647738,61.8669295839051));
#1018=CARTESIAN_POINT('',(865.038095892508,-1972.47755139152,61.8669295839051));
#1019=CARTESIAN_POINT('',(986.973544697755,-1972.47755139152,61.8669295839051));
#1020=CARTESIAN_POINT('',(984.976000201043,-1975.93738647738,61.8669295839051));
#1021=CARTESIAN_POINT('',(986.973544697755,-1972.47755139152,65.8669295839051));
#1022=CARTESIAN_POINT('',(984.976000201042,-1975.93738647738,65.8669295839051));
#1023=CARTESIAN_POINT('',(874.730820295131,-1939.58437807203,63.8669295839051));
#1024=CARTESIAN_POINT('',(874.730820295131,-1939.58437807203,65.8669295839051));
#1025=CARTESIAN_POINT('',(876.730820295131,-1939.58437807203,63.8669295839051));
#1026=CARTESIAN_POINT('',(876.730820295131,-1939.58437807203,65.8669295839051));
#1027=CARTESIAN_POINT('',(870.730820295131,-1939.58437807203,63.8669295839051));
#1028=CARTESIAN_POINT('',(870.730820295131,-1939.58437807203,65.8669295839051));
#1029=CARTESIAN_POINT('',(872.730820295131,-1939.58437807203,63.8669295839051));
#1030=CARTESIAN_POINT('',(872.730820295131,-1939.58437807203,65.8669295839051));
#1031=CARTESIAN_POINT('',(866.730820295131,-1939.58437807203,63.8669295839051));
#1032=CARTESIAN_POINT('',(866.730820295131,-1939.58437807203,65.8669295839051));
#1033=CARTESIAN_POINT('',(868.730820295131,-1939.58437807203,63.8669295839051));
#1034=CARTESIAN_POINT('',(868.730820295131,-1939.58437807203,65.8669295839051));
#1035=CARTESIAN_POINT('',(862.730820295131,-1939.58437807203,63.8669295839051));
#1036=CARTESIAN_POINT('',(862.730820295131,-1939.58437807203,65.8669295839051));
#1037=CARTESIAN_POINT('',(864.730820295131,-1939.58437807203,63.8669295839051));
#1038=CARTESIAN_POINT('',(864.730820295131,-1939.58437807203,65.8669295839051));
#1039=CARTESIAN_POINT('',(858.730820295131,-1939.58437807203,63.8669295839051));
#1040=CARTESIAN_POINT('',(858.730820295131,-1939.58437807203,65.8669295839051));
#1041=CARTESIAN_POINT('',(860.730820295131,-1939.58437807203,63.8669295839051));
#1042=CARTESIAN_POINT('',(860.730820295131,-1939.58437807203,65.8669295839051));
#1043=CARTESIAN_POINT('',(920.005820295131,-1939.58437807203,54.8669295839051));
#1044=CARTESIAN_POINT('',(920.005820295131,-1939.58437807203,61.8669295839051));
#1045=CARTESIAN_POINT('',(923.005820295131,-1939.58437807203,54.8669295839051));
#1046=CARTESIAN_POINT('',(923.005820295131,-1939.58437807203,61.8669295839051));
#1047=CARTESIAN_POINT('',(885.005820295131,-1939.58437807203,54.8669295839051));
#1048=CARTESIAN_POINT('',(885.005820295131,-1939.58437807203,61.8669295839051));
#1049=CARTESIAN_POINT('',(887.005820295131,-1939.58437807203,61.8669295839051));
#1050=CARTESIAN_POINT('',(887.005820295131,-1939.58437807203,54.8669295839051));
#1051=CARTESIAN_POINT('',(862.004065680411,-1966.09477284912,61.8669295839051));
#1052=CARTESIAN_POINT('',(888.126759462168,-1955.274398799,61.8669295839051));
#1053=CARTESIAN_POINT('',(977.280820295131,-1939.58437807203,63.8669295839051));
#1054=CARTESIAN_POINT('',(977.280820295131,-1935.55725549403,63.8669295839051));
#1055=CARTESIAN_POINT('',(976.4900714789,-1927.50301033804,63.8669295839051));
#1056=CARTESIAN_POINT('',(972.931701805864,-1915.73212292597,63.8669295839051));
#1057=CARTESIAN_POINT('',(963.689687053698,-1901.90048830809,63.8669295839051));
#1058=CARTESIAN_POINT('',(946.40019585105,-1890.34802244549,63.8669295839051));
#1059=CARTESIAN_POINT('',(926.00581569004,-1886.29132324537,63.8669295839051));
#1060=CARTESIAN_POINT('',(905.611454753833,-1890.34801782245,63.8669295839051));
#1061=CARTESIAN_POINT('',(888.321939681014,-1901.90049917453,63.8669295839051));
#1062=CARTESIAN_POINT('',(879.079956298532,-1915.73210745611,63.8669295839051));
#1063=CARTESIAN_POINT('',(875.52157229575,-1927.50299985439,63.8669295839051));
#1064=CARTESIAN_POINT('',(874.730820295131,-1935.55725199948,63.8669295839051));
#1065=CARTESIAN_POINT('',(874.730820295131,-1939.58437807203,63.8669295839051));
#1066=CARTESIAN_POINT('',(975.280820295131,-1939.58437807203,63.8669295839051));
#1067=CARTESIAN_POINT('',(975.280820295131,-1935.71433533973,63.8669295839051));
#1068=CARTESIAN_POINT('',(974.520915381558,-1927.97424987513,63.8669295839051));
#1069=CARTESIAN_POINT('',(971.101343270481,-1916.66249085998,63.8669295839051));
#1070=CARTESIAN_POINT('',(962.21981212339,-1903.37036059697,63.8669295839051));
#1071=CARTESIAN_POINT('',(945.604707329179,-1892.26850517475,63.8669295839051));
#1072=CARTESIAN_POINT('',(926.005814691927,-1888.37003792904,63.8669295839051));
#1073=CARTESIAN_POINT('',(906.406945209818,-1892.26849990323,63.8669295839051));
#1074=CARTESIAN_POINT('',(889.791812636895,-1903.37037270251,63.8669295839051));
#1075=CARTESIAN_POINT('',(880.910316793609,-1916.66247387907,63.8669295839051));
#1076=CARTESIAN_POINT('',(877.4907287494,-1927.97423835414,63.8669295839051));
#1077=CARTESIAN_POINT('',(876.730820295131,-1935.7143314994,63.8669295839051));
#1078=CARTESIAN_POINT('',(876.730820295131,-1939.58437807203,63.8669295839051));
#1079=CARTESIAN_POINT('',(977.280820295131,-1939.58437807203,63.8669295839051));
#1080=CARTESIAN_POINT('',(977.280820295131,-1939.58437807203,65.8669295839051));
#1081=CARTESIAN_POINT('',(975.280820295131,-1939.58437807203,63.8669295839051));
#1082=CARTESIAN_POINT('',(975.280820295131,-1939.58437807203,65.8669295839051));
#1083=CARTESIAN_POINT('',(977.280820295131,-1939.58437807203,65.8669295839051));
#1084=CARTESIAN_POINT('',(977.280820295131,-1943.61150065003,65.8669295839051));
#1085=CARTESIAN_POINT('',(976.490071478901,-1951.66574580602,65.8669295839051));
#1086=CARTESIAN_POINT('',(972.931701805864,-1963.43663321809,65.8669295839051));
#1087=CARTESIAN_POINT('',(963.689687053692,-1977.26826783598,65.8669295839051));
#1088=CARTESIAN_POINT('',(946.400195851059,-1988.82073369856,65.8669295839051));
#1089=CARTESIAN_POINT('',(926.005815690034,-1992.87743289869,65.8669295839051));
#1090=CARTESIAN_POINT('',(905.611454753834,-1988.8207383216,65.8669295839051));
#1091=CARTESIAN_POINT('',(888.32193968101,-1977.26825696953,65.8669295839051));
#1092=CARTESIAN_POINT('',(879.079956298531,-1963.43664868795,65.8669295839051));
#1093=CARTESIAN_POINT('',(875.521572295749,-1951.66575628967,65.8669295839051));
#1094=CARTESIAN_POINT('',(874.730820295131,-1943.61150414457,65.8669295839051));
#1095=CARTESIAN_POINT('',(874.730820295131,-1939.58437807203,65.8669295839051));
#1096=CARTESIAN_POINT('',(975.280820295131,-1939.58437807203,65.8669295839051));
#1097=CARTESIAN_POINT('',(975.280820295131,-1935.71433533973,65.8669295839051));
#1098=CARTESIAN_POINT('',(974.520915381558,-1927.97424987513,65.8669295839051));
#1099=CARTESIAN_POINT('',(971.101343270481,-1916.66249085998,65.8669295839051));
#1100=CARTESIAN_POINT('',(962.21981212339,-1903.37036059697,65.8669295839051));
#1101=CARTESIAN_POINT('',(945.604707329179,-1892.26850517475,65.8669295839051));
#1102=CARTESIAN_POINT('',(926.005814691927,-1888.37003792904,65.8669295839051));
#1103=CARTESIAN_POINT('',(906.406945209818,-1892.26849990323,65.8669295839051));
#1104=CARTESIAN_POINT('',(889.791812636895,-1903.37037270251,65.8669295839051));
#1105=CARTESIAN_POINT('',(880.910316793609,-1916.66247387907,65.8669295839051));
#1106=CARTESIAN_POINT('',(877.4907287494,-1927.97423835414,65.8669295839051));
#1107=CARTESIAN_POINT('',(876.730820295131,-1935.7143314994,65.8669295839051));
#1108=CARTESIAN_POINT('',(876.730820295131,-1939.58437807203,65.8669295839051));
#1109=CARTESIAN_POINT('',(981.280820295131,-1939.58437807203,63.8669295839051));
#1110=CARTESIAN_POINT('',(981.280820295131,-1935.24309576828,63.8669295839051));
#1111=CARTESIAN_POINT('',(980.428383669028,-1926.56053116079,63.8669295839051));
#1112=CARTESIAN_POINT('',(976.592418851568,-1913.87138689942,63.8669295839051));
#1113=CARTESIAN_POINT('',(966.629436771466,-1898.96074378345,63.8669295839051));
#1114=CARTESIAN_POINT('',(947.991173217979,-1886.50705701321,63.8669295839051));
#1115=CARTESIAN_POINT('',(926.005817309934,-1882.13389389966,63.8669295839051));
#1116=CARTESIAN_POINT('',(904.020474157159,-1886.50705357362,63.8669295839051));
#1117=CARTESIAN_POINT('',(885.382193558829,-1898.96075222454,63.8669295839051));
#1118=CARTESIAN_POINT('',(875.419235365268,-1913.87137457582,63.8669295839051));
#1119=CARTESIAN_POINT('',(871.583259398792,-1926.56052282546,63.8669295839051));
#1120=CARTESIAN_POINT('',(870.730820295131,-1935.24309298984,63.8669295839051));
#1121=CARTESIAN_POINT('',(870.730820295131,-1939.58437807203,63.8669295839051));
#1122=CARTESIAN_POINT('',(979.280820295131,-1939.58437807203,63.8669295839051));
#1123=CARTESIAN_POINT('',(979.280820295131,-1935.40017563679,63.8669295839051));
#1124=CARTESIAN_POINT('',(978.459227574831,-1927.0317707663,63.8669295839051));
#1125=CARTESIAN_POINT('',(974.762060333482,-1914.80175493862,63.8669295839051));
#1126=CARTESIAN_POINT('',(965.159561933921,-1900.43061603661,63.8669295839051));
#1127=CARTESIAN_POINT('',(947.195684485079,-1888.42753972556,63.8669295839051));
#1128=CARTESIAN_POINT('',(926.005816557212,-1884.21260856929,63.8669295839051));
#1129=CARTESIAN_POINT('',(904.815964408038,-1888.42753571097,63.8669295839051));
#1130=CARTESIAN_POINT('',(886.852066651312,-1900.43062568397,63.8669295839051));
#1131=CARTESIAN_POINT('',(877.24959582348,-1914.80174102096,63.8669295839051));
#1132=CARTESIAN_POINT('',(873.55241584574,-1927.03176134422,63.8669295839051));
#1133=CARTESIAN_POINT('',(872.730820295131,-1935.40017249609,63.8669295839051));
#1134=CARTESIAN_POINT('',(872.730820295131,-1939.58437807203,63.8669295839051));
#1135=CARTESIAN_POINT('',(981.280820295131,-1939.58437807203,63.8669295839051));
#1136=CARTESIAN_POINT('',(981.280820295131,-1939.58437807203,65.8669295839051));
#1137=CARTESIAN_POINT('',(979.280820295131,-1939.58437807203,63.8669295839051));
#1138=CARTESIAN_POINT('',(979.280820295131,-1939.58437807203,65.8669295839051));
#1139=CARTESIAN_POINT('',(981.280820295131,-1939.58437807203,65.8669295839051));
#1140=CARTESIAN_POINT('',(981.280820295131,-1943.92566037577,65.8669295839051));
#1141=CARTESIAN_POINT('',(980.428383669029,-1952.60822498326,65.8669295839051));
#1142=CARTESIAN_POINT('',(976.592418851568,-1965.29736924463,65.8669295839051));
#1143=CARTESIAN_POINT('',(966.629436771459,-1980.20801236061,65.8669295839051));
#1144=CARTESIAN_POINT('',(947.991173217986,-1992.66169913084,65.8669295839051));
#1145=CARTESIAN_POINT('',(926.005817309928,-1997.0348622444,65.8669295839051));
#1146=CARTESIAN_POINT('',(904.02047415716,-1992.66170257043,65.8669295839051));
#1147=CARTESIAN_POINT('',(885.382193558825,-1980.20800391952,65.8669295839051));
#1148=CARTESIAN_POINT('',(875.419235365267,-1965.29738156824,65.8669295839051));
#1149=CARTESIAN_POINT('',(871.583259398792,-1952.6082333186,65.8669295839051));
#1150=CARTESIAN_POINT('',(870.730820295131,-1943.92566315422,65.8669295839051));
#1151=CARTESIAN_POINT('',(870.730820295131,-1939.58437807203,65.8669295839051));
#1152=CARTESIAN_POINT('',(979.280820295131,-1939.58437807203,65.8669295839051));
#1153=CARTESIAN_POINT('',(979.280820295131,-1935.40017563679,65.8669295839051));
#1154=CARTESIAN_POINT('',(978.459227574831,-1927.0317707663,65.8669295839051));
#1155=CARTESIAN_POINT('',(974.762060333482,-1914.80175493862,65.8669295839051));
#1156=CARTESIAN_POINT('',(965.159561933921,-1900.43061603661,65.8669295839051));
#1157=CARTESIAN_POINT('',(947.195684485079,-1888.42753972556,65.8669295839051));
#1158=CARTESIAN_POINT('',(926.005816557212,-1884.21260856929,65.8669295839051));
#1159=CARTESIAN_POINT('',(904.815964408038,-1888.42753571097,65.8669295839051));
#1160=CARTESIAN_POINT('',(886.852066651312,-1900.43062568397,65.8669295839051));
#1161=CARTESIAN_POINT('',(877.24959582348,-1914.80174102096,65.8669295839051));
#1162=CARTESIAN_POINT('',(873.55241584574,-1927.03176134422,65.8669295839051));
#1163=CARTESIAN_POINT('',(872.730820295131,-1935.40017249609,65.8669295839051));
#1164=CARTESIAN_POINT('',(872.730820295131,-1939.58437807203,65.8669295839051));
#1165=CARTESIAN_POINT('',(985.280820295131,-1939.58437807203,63.8669295839051));
#1166=CARTESIAN_POINT('',(985.280820295131,-1934.92893599872,63.8669295839051));
#1167=CARTESIAN_POINT('',(984.366695851324,-1925.61805185211,63.8669295839051));
#1168=CARTESIAN_POINT('',(980.253135854191,-1912.01065067157,63.8669295839051));
#1169=CARTESIAN_POINT('',(969.569186341434,-1896.02099933386,63.8669295839051));
#1170=CARTESIAN_POINT('',(949.582150938081,-1882.66609160617,63.8669295839051));
#1171=CARTESIAN_POINT('',(926.005818524725,-1877.97646457596,63.8669295839051));
#1172=CARTESIAN_POINT('',(902.429493891487,-1882.66608923677,63.8669295839051));
#1173=CARTESIAN_POINT('',(882.442447220532,-1896.02100537925,63.8669295839051));
#1174=CARTESIAN_POINT('',(871.758514489304,-1912.01064166244,63.8669295839051));
#1175=CARTESIAN_POINT('',(867.644946512253,-1925.618045768,63.8669295839051));
#1176=CARTESIAN_POINT('',(866.730820295131,-1934.92893397068,63.8669295839051));
#1177=CARTESIAN_POINT('',(866.730820295131,-1939.58437807203,63.8669295839051));
#1178=CARTESIAN_POINT('',(983.280820295131,-1939.58437807203,63.8669295839051));
#1179=CARTESIAN_POINT('',(983.280820295131,-1935.08601588883,63.8669295839051));
#1180=CARTESIAN_POINT('',(982.397539761252,-1926.08929152242,63.8669295839051));
#1181=CARTESIAN_POINT('',(978.422777358799,-1912.94101880991,63.8669295839051));
#1182=CARTESIAN_POINT('',(968.099311572336,-1897.49087154914,63.8669295839051));
#1183=CARTESIAN_POINT('',(948.786662038722,-1884.5865743071,63.8669295839051));
#1184=CARTESIAN_POINT('',(926.005817961933,-1880.0551792355,63.8669295839051));
#1185=CARTESIAN_POINT('',(903.224983988511,-1884.58657141444,63.8669295839051));
#1186=CARTESIAN_POINT('',(883.912320412698,-1897.49087879107,63.8669295839051));
#1187=CARTESIAN_POINT('',(873.588874921269,-1912.94100812248,63.8669295839051));
#1188=CARTESIAN_POINT('',(869.614102954429,-1926.08928429964,63.8669295839051));
#1189=CARTESIAN_POINT('',(868.730820295131,-1935.08601348123,63.8669295839051));
#1190=CARTESIAN_POINT('',(868.730820295131,-1939.58437807203,63.8669295839051));
#1191=CARTESIAN_POINT('',(985.280820295131,-1939.58437807203,63.8669295839051));
#1192=CARTESIAN_POINT('',(985.280820295131,-1939.58437807203,65.8669295839051));
#1193=CARTESIAN_POINT('',(983.280820295131,-1939.58437807203,63.8669295839051));
#1194=CARTESIAN_POINT('',(983.280820295131,-1939.58437807203,65.8669295839051));
#1195=CARTESIAN_POINT('',(985.280820295131,-1939.58437807203,65.8669295839051));
#1196=CARTESIAN_POINT('',(985.280820295131,-1944.23982014534,65.8669295839051));
#1197=CARTESIAN_POINT('',(984.366695851324,-1953.55070429195,65.8669295839051));
#1198=CARTESIAN_POINT('',(980.25313585419,-1967.15810547248,65.8669295839051));
#1199=CARTESIAN_POINT('',(969.56918634143,-1983.1477568102,65.8669295839051));
#1200=CARTESIAN_POINT('',(949.582150938086,-1996.50266453788,65.8669295839051));
#1201=CARTESIAN_POINT('',(926.005818524721,-2001.19229156809,65.8669295839051));
#1202=CARTESIAN_POINT('',(902.429493891487,-1996.50266690728,65.8669295839051));
#1203=CARTESIAN_POINT('',(882.44244722053,-1983.14775076481,65.8669295839051));
#1204=CARTESIAN_POINT('',(871.758514489302,-1967.15811448162,65.8669295839051));
#1205=CARTESIAN_POINT('',(867.644946512253,-1953.55071037606,65.8669295839051));
#1206=CARTESIAN_POINT('',(866.730820295131,-1944.23982217337,65.8669295839051));
#1207=CARTESIAN_POINT('',(866.730820295131,-1939.58437807203,65.8669295839051));
#1208=CARTESIAN_POINT('',(983.280820295131,-1939.58437807203,65.8669295839051));
#1209=CARTESIAN_POINT('',(983.280820295131,-1935.08601588883,65.8669295839051));
#1210=CARTESIAN_POINT('',(982.397539761252,-1926.08929152242,65.8669295839051));
#1211=CARTESIAN_POINT('',(978.422777358799,-1912.94101880991,65.8669295839051));
#1212=CARTESIAN_POINT('',(968.099311572336,-1897.49087154914,65.8669295839051));
#1213=CARTESIAN_POINT('',(948.786662038722,-1884.5865743071,65.8669295839051));
#1214=CARTESIAN_POINT('',(926.005817961933,-1880.0551792355,65.8669295839051));
#1215=CARTESIAN_POINT('',(903.224983988511,-1884.58657141444,65.8669295839051));
#1216=CARTESIAN_POINT('',(883.912320412698,-1897.49087879107,65.8669295839051));
#1217=CARTESIAN_POINT('',(873.588874921269,-1912.94100812248,65.8669295839051));
#1218=CARTESIAN_POINT('',(869.614102954429,-1926.08928429964,65.8669295839051));
#1219=CARTESIAN_POINT('',(868.730820295131,-1935.08601348123,65.8669295839051));
#1220=CARTESIAN_POINT('',(868.730820295131,-1939.58437807203,65.8669295839051));
#1221=CARTESIAN_POINT('',(989.280820295131,-1939.58437807203,63.8669295839051));
#1222=CARTESIAN_POINT('',(989.280820295131,-1934.61477618781,63.8669295839051));
#1223=CARTESIAN_POINT('',(988.305008024524,-1924.67557241938,63.8669295839051));
#1224=CARTESIAN_POINT('',(983.913852806789,-1910.14991425436,63.8669295839051));
#1225=CARTESIAN_POINT('',(972.508935799717,-1893.08125496021,63.8669295839051));
#1226=CARTESIAN_POINT('',(951.173128942716,-1878.82512621677,63.8669295839051));
#1227=CARTESIAN_POINT('',(926.005819420131,-1873.81903526792,63.8669295839051));
#1228=CARTESIAN_POINT('',(900.838513877986,-1878.82512483684,63.8669295839051));
#1229=CARTESIAN_POINT('',(879.50270072259,-1893.08125860681,63.8669295839051));
#1230=CARTESIAN_POINT('',(868.097793654492,-1910.14990872694,63.8669295839051));
#1231=CARTESIAN_POINT('',(863.706633633197,-1924.67556869124,63.8669295839051));
#1232=CARTESIAN_POINT('',(862.730820295131,-1934.6147749451,63.8669295839051));
#1233=CARTESIAN_POINT('',(862.730820295131,-1939.58437807203,63.8669295839051));
#1234=CARTESIAN_POINT('',(987.280820295131,-1939.58437807203,63.8669295839051));
#1235=CARTESIAN_POINT('',(987.280820295131,-1934.77185609828,63.8669295839051));
#1236=CARTESIAN_POINT('',(986.335851939112,-1925.14681215079,63.8669295839051));
#1237=CARTESIAN_POINT('',(982.083494337025,-1911.08028248591,63.8669295839051));
#1238=CARTESIAN_POINT('',(971.039061082786,-1894.55112713761,63.8669295839051));
#1239=CARTESIAN_POINT('',(950.377639908279,-1880.74560890961,63.8669295839051));
#1240=CARTESIAN_POINT('',(926.005819008034,-1875.89774992031,63.8669295839051));
#1241=CARTESIAN_POINT('',(901.634003857166,-1880.74560704345,63.8669295839051));
#1242=CARTESIAN_POINT('',(880.972573988704,-1894.5511319855,63.8669295839051));
#1243=CARTESIAN_POINT('',(869.928154067554,-1911.08027519692,63.8669295839051));
#1244=CARTESIAN_POINT('',(865.675790071935,-1925.14680723158,63.8669295839051));
#1245=CARTESIAN_POINT('',(864.730820295131,-1934.77185445854,63.8669295839051));
#1246=CARTESIAN_POINT('',(864.730820295131,-1939.58437807203,63.8669295839051));
#1247=CARTESIAN_POINT('',(989.280820295131,-1939.58437807203,63.8669295839051));
#1248=CARTESIAN_POINT('',(989.280820295131,-1939.58437807203,65.8669295839051));
#1249=CARTESIAN_POINT('',(987.280820295131,-1939.58437807203,63.8669295839051));
#1250=CARTESIAN_POINT('',(987.280820295131,-1939.58437807203,65.8669295839051));
#1251=CARTESIAN_POINT('',(989.280820295131,-1939.58437807203,65.8669295839051));
#1252=CARTESIAN_POINT('',(989.280820295131,-1944.55397995625,65.8669295839051));
#1253=CARTESIAN_POINT('',(988.305008024523,-1954.49318372468,65.8669295839051));
#1254=CARTESIAN_POINT('',(983.913852806789,-1969.01884188969,65.8669295839051));
#1255=CARTESIAN_POINT('',(972.508935799714,-1986.08750118385,65.8669295839051));
#1256=CARTESIAN_POINT('',(951.173128942721,-2000.34362992729,65.8669295839051));
#1257=CARTESIAN_POINT('',(926.005819420127,-2005.34972087614,65.8669295839051));
#1258=CARTESIAN_POINT('',(900.838513877984,-2000.34363130721,65.8669295839051));
#1259=CARTESIAN_POINT('',(879.50270072259,-1986.08749753724,65.8669295839051));
#1260=CARTESIAN_POINT('',(868.097793654489,-1969.01884741711,65.8669295839051));
#1261=CARTESIAN_POINT('',(863.706633633195,-1954.49318745282,65.8669295839051));
#1262=CARTESIAN_POINT('',(862.73082029513,-1944.55398119896,65.8669295839051));
#1263=CARTESIAN_POINT('',(862.730820295131,-1939.58437807203,65.8669295839051));
#1264=CARTESIAN_POINT('',(987.280820295131,-1939.58437807203,65.8669295839051));
#1265=CARTESIAN_POINT('',(987.280820295131,-1934.77185609828,65.8669295839051));
#1266=CARTESIAN_POINT('',(986.335851939112,-1925.14681215079,65.8669295839051));
#1267=CARTESIAN_POINT('',(982.083494337025,-1911.08028248591,65.8669295839051));
#1268=CARTESIAN_POINT('',(971.039061082786,-1894.55112713761,65.8669295839051));
#1269=CARTESIAN_POINT('',(950.377639908279,-1880.74560890961,65.8669295839051));
#1270=CARTESIAN_POINT('',(926.005819008034,-1875.89774992031,65.8669295839051));
#1271=CARTESIAN_POINT('',(901.634003857166,-1880.74560704345,65.8669295839051));
#1272=CARTESIAN_POINT('',(880.972573988704,-1894.5511319855,65.8669295839051));
#1273=CARTESIAN_POINT('',(869.928154067554,-1911.08027519692,65.8669295839051));
#1274=CARTESIAN_POINT('',(865.675790071935,-1925.14680723158,65.8669295839051));
#1275=CARTESIAN_POINT('',(864.730820295131,-1934.77185445854,65.8669295839051));
#1276=CARTESIAN_POINT('',(864.730820295131,-1939.58437807203,65.8669295839051));
#1277=CARTESIAN_POINT('',(993.280820295131,-1939.58437807203,63.8669295839051));
#1278=CARTESIAN_POINT('',(993.280820295132,-1934.30061633797,63.8669295839051));
#1279=CARTESIAN_POINT('',(992.243320187985,-1923.73309286985,63.8669295839051));
#1280=CARTESIAN_POINT('',(987.574569705827,-1908.28917765917,63.8669295839051));
#1281=CARTESIAN_POINT('',(975.448685170924,-1890.14151066066,63.8669295839051));
#1282=CARTESIAN_POINT('',(952.764107182533,-1874.98416084035,63.8669295839051));
#1283=CARTESIAN_POINT('',(926.005820058002,-1869.66160597073,63.8669295839051));
#1284=CARTESIAN_POINT('',(899.24753406023,-1874.98416039156,63.8669295839051));
#1285=CARTESIAN_POINT('',(876.562954105046,-1890.1415118849,63.8669295839051));
#1286=CARTESIAN_POINT('',(864.437072849482,-1908.28917577691,63.8669295839051));
#1287=CARTESIAN_POINT('',(859.768320759559,-1923.73309160161,63.8669295839051));
#1288=CARTESIAN_POINT('',(858.730820295131,-1934.30061591522,63.8669295839051));
#1289=CARTESIAN_POINT('',(858.730820295131,-1939.58437807203,63.8669295839051));
#1290=CARTESIAN_POINT('',(991.280820295132,-1939.58437807203,63.8669295839051));
#1291=CARTESIAN_POINT('',(991.280820295131,-1934.45769626761,63.8669295839051));
#1292=CARTESIAN_POINT('',(990.274164107495,-1924.20433265877,63.8669295839051));
#1293=CARTESIAN_POINT('',(985.744211263131,-1909.21954597833,63.8669295839051));
#1294=CARTESIAN_POINT('',(973.978810494993,-1891.61138280135,63.8669295839051));
#1295=CARTESIAN_POINT('',(951.968618035751,-1876.90464352714,63.8669295839051));
#1296=CARTESIAN_POINT('',(926.005819768091,-1871.74032061822,63.8669295839051));
#1297=CARTESIAN_POINT('',(900.043023947512,-1876.90464261897,63.8669295839051));
#1298=CARTESIAN_POINT('',(878.032827426745,-1891.61138524066,63.8669295839051));
#1299=CARTESIAN_POINT('',(866.267433248832,-1909.21954225337,63.8669295839051));
#1300=CARTESIAN_POINT('',(861.737477195804,-1924.20433014772,63.8669295839051));
#1301=CARTESIAN_POINT('',(860.730820295131,-1934.45769543059,63.8669295839051));
#1302=CARTESIAN_POINT('',(860.730820295131,-1939.58437807203,63.8669295839051));
#1303=CARTESIAN_POINT('',(993.280820295131,-1939.58437807203,63.8669295839051));
#1304=CARTESIAN_POINT('',(993.280820295131,-1939.58437807203,65.8669295839051));
#1305=CARTESIAN_POINT('',(991.280820295131,-1939.58437807203,63.8669295839051));
#1306=CARTESIAN_POINT('',(991.280820295131,-1939.58437807203,65.8669295839051));
#1307=CARTESIAN_POINT('',(993.280820295131,-1939.58437807203,65.8669295839051));
#1308=CARTESIAN_POINT('',(993.280820295131,-1944.86813980609,65.8669295839051));
#1309=CARTESIAN_POINT('',(992.243320187985,-1955.43566327421,65.8669295839051));
#1310=CARTESIAN_POINT('',(987.574569705826,-1970.87957848488,65.8669295839051));
#1311=CARTESIAN_POINT('',(975.448685170923,-1989.0272454834,65.8669295839051));
#1312=CARTESIAN_POINT('',(952.764107182536,-2004.1845953037,65.8669295839051));
#1313=CARTESIAN_POINT('',(926.005820057998,-2009.50715017333,65.8669295839051));
#1314=CARTESIAN_POINT('',(899.247534060227,-2004.18459575249,65.8669295839051));
#1315=CARTESIAN_POINT('',(876.562954105046,-1989.02724425916,65.8669295839051));
#1316=CARTESIAN_POINT('',(864.43707284948,-1970.87958036715,65.8669295839051));
#1317=CARTESIAN_POINT('',(859.768320759557,-1955.43566454244,65.8669295839051));
#1318=CARTESIAN_POINT('',(858.73082029513,-1944.86814022883,65.8669295839051));
#1319=CARTESIAN_POINT('',(858.730820295131,-1939.58437807203,65.8669295839051));
#1320=CARTESIAN_POINT('',(991.280820295131,-1939.58437807203,65.8669295839051));
#1321=CARTESIAN_POINT('',(991.280820295131,-1934.45769626761,65.8669295839051));
#1322=CARTESIAN_POINT('',(990.274164107495,-1924.20433265877,65.8669295839051));
#1323=CARTESIAN_POINT('',(985.744211263131,-1909.21954597833,65.8669295839051));
#1324=CARTESIAN_POINT('',(973.978810494993,-1891.61138280135,65.8669295839051));
#1325=CARTESIAN_POINT('',(951.968618035751,-1876.90464352714,65.8669295839051));
#1326=CARTESIAN_POINT('',(926.005819768091,-1871.74032061822,65.8669295839051));
#1327=CARTESIAN_POINT('',(900.043023947512,-1876.90464261897,65.8669295839051));
#1328=CARTESIAN_POINT('',(878.032827426745,-1891.61138524066,65.8669295839051));
#1329=CARTESIAN_POINT('',(866.267433248832,-1909.21954225337,65.8669295839051));
#1330=CARTESIAN_POINT('',(861.737477195804,-1924.20433014772,65.8669295839051));
#1331=CARTESIAN_POINT('',(860.730820295131,-1934.45769543059,65.8669295839051));
#1332=CARTESIAN_POINT('',(860.730820295131,-1939.58437807203,65.8669295839051));
#1333=CARTESIAN_POINT('',(932.005820295131,-1939.58437807203,54.8669295839051));
#1334=CARTESIAN_POINT('',(932.005820295131,-1939.11313952945,54.8669295839051));
#1335=CARTESIAN_POINT('',(931.913289596106,-1938.17066244429,54.8669295839051));
#1336=CARTESIAN_POINT('',(931.496901450494,-1936.79327864737,54.8669295839051));
#1337=CARTESIAN_POINT('',(930.415440464107,-1935.17475790305,54.8669295839051));
#1338=CARTESIAN_POINT('',(928.392289533706,-1933.82293167007,54.8669295839051));
#1339=CARTESIAN_POINT('',(926.005820295134,-1933.34823342415,54.8669295839051));
#1340=CARTESIAN_POINT('',(923.619351056556,-1933.82293167007,54.8669295839051));
#1341=CARTESIAN_POINT('',(921.596200126154,-1935.17475790305,54.8669295839051));
#1342=CARTESIAN_POINT('',(920.51473913977,-1936.79327864737,54.8669295839051));
#1343=CARTESIAN_POINT('',(920.098350994156,-1938.17066244429,54.8669295839051));
#1344=CARTESIAN_POINT('',(920.005820295131,-1939.11313952945,54.8669295839051));
#1345=CARTESIAN_POINT('',(920.005820295131,-1939.58437807203,54.8669295839051));
#1346=CARTESIAN_POINT('',(929.005820295131,-1939.58437807203,54.8669295839051));
#1347=CARTESIAN_POINT('',(929.005820295131,-1939.34875880074,54.8669295839051));
#1348=CARTESIAN_POINT('',(928.959554945619,-1938.87752025816,54.8669295839051));
#1349=CARTESIAN_POINT('',(928.751360872814,-1938.1888283597,54.8669295839051));
#1350=CARTESIAN_POINT('',(928.210630379618,-1937.37956798754,54.8669295839051));
#1351=CARTESIAN_POINT('',(927.199054914417,-1936.70365487105,54.8669295839051));
#1352=CARTESIAN_POINT('',(926.005820295133,-1936.46630574809,54.8669295839051));
#1353=CARTESIAN_POINT('',(924.812585675844,-1936.70365487105,54.8669295839051));
#1354=CARTESIAN_POINT('',(923.801010210643,-1937.37956798754,54.8669295839051));
#1355=CARTESIAN_POINT('',(923.260279717451,-1938.1888283597,54.8669295839051));
#1356=CARTESIAN_POINT('',(923.052085644644,-1938.87752025816,54.8669295839051));
#1357=CARTESIAN_POINT('',(923.005820295131,-1939.34875880074,54.8669295839051));
#1358=CARTESIAN_POINT('',(923.005820295131,-1939.58437807203,54.8669295839051));
#1359=CARTESIAN_POINT('',(932.005820295131,-1939.58437807203,54.8669295839051));
#1360=CARTESIAN_POINT('',(932.005820295131,-1939.58437807203,61.8669295839051));
#1361=CARTESIAN_POINT('',(929.005820295131,-1939.58437807203,54.8669295839051));
#1362=CARTESIAN_POINT('',(929.005820295131,-1939.58437807203,61.8669295839051));
#1363=CARTESIAN_POINT('',(995.280820295131,-1939.58437807203,61.8669295839051));
#1364=CARTESIAN_POINT('',(995.280820295131,-1939.58437807203,63.2002629172384));
#1365=CARTESIAN_POINT('',(995.280820295131,-1939.58437807203,64.5335962505717));
#1366=CARTESIAN_POINT('',(995.280820295131,-1939.58437807203,65.8669295839051));
#1367=CARTESIAN_POINT('',(995.280820295131,-1939.58437807203,65.8669295839051));
#1368=CARTESIAN_POINT('',(995.280820295131,-1945.02521974489,65.8669295839051));
#1369=CARTESIAN_POINT('',(994.607819237595,-1951.88011311215,65.8669295839051));
#1370=CARTESIAN_POINT('',(993.086906999611,-1958.62403010119,65.8669295839051));
#1371=CARTESIAN_POINT('',(990.745895243562,-1965.11715204337,65.8669295839051));
#1372=CARTESIAN_POINT('',(987.644968181793,-1971.23306941928,65.8669295839051));
#1373=CARTESIAN_POINT('',(986.973544697755,-1972.47755139152,65.8669295839051));
#1374=CARTESIAN_POINT('',(967.005820295131,-1939.58437807203,54.8669295839051));
#1375=CARTESIAN_POINT('',(967.005820295131,-1939.58437807203,57.2002629172384));
#1376=CARTESIAN_POINT('',(967.005820295131,-1939.58437807203,59.5335962505717));
#1377=CARTESIAN_POINT('',(967.005820295131,-1939.58437807203,61.8669295839051));
#1378=CARTESIAN_POINT('',(967.005820295131,-1939.58437807203,54.8669295839051));
#1379=CARTESIAN_POINT('',(967.005820295131,-1936.36424803107,54.8669295839051));
#1380=CARTESIAN_POINT('',(966.373527185126,-1929.92398794916,54.8669295839051));
#1381=CARTESIAN_POINT('',(963.528208190106,-1920.51186533687,54.8669295839051));
#1382=CARTESIAN_POINT('',(956.138224783144,-1909.45197358401,54.8669295839051));
#1383=CARTESIAN_POINT('',(942.31336009207,-1900.21449432532,54.8669295839051));
#1384=CARTESIAN_POINT('',(926.005820295134,-1896.97072297817,54.8669295839051));
#1385=CARTESIAN_POINT('',(909.698280498191,-1900.21449432531,54.8669295839051));
#1386=CARTESIAN_POINT('',(895.873415807117,-1909.45197358401,54.8669295839051));
#1387=CARTESIAN_POINT('',(888.483432400158,-1920.51186533687,54.8669295839051));
#1388=CARTESIAN_POINT('',(885.638113405136,-1929.92398794916,54.8669295839051));
#1389=CARTESIAN_POINT('',(885.005820295131,-1936.36424803107,54.8669295839051));
#1390=CARTESIAN_POINT('',(885.005820295131,-1939.58437807203,54.8669295839051));
#1391=CARTESIAN_POINT('',(990.007574909851,-1913.07398329494,61.8669295839051));
#1392=CARTESIAN_POINT('',(987.925454943526,-1908.04730103375,61.8669295839051));
#1393=CARTESIAN_POINT('',(982.774193828652,-1898.40277407139,61.8669295839051));
#1394=CARTESIAN_POINT('',(972.504470531983,-1885.86467145073,61.8669295839051));
#1395=CARTESIAN_POINT('',(958.91547054831,-1876.64584551707,61.8669295839051));
#1396=CARTESIAN_POINT('',(943.492811604708,-1871.73895429976,61.8669295839051));
#1397=CARTESIAN_POINT('',(933.042541015975,-1870.483554212,61.8669295839051));
#1398=CARTESIAN_POINT('',(928.003358353882,-1870.3381844733,61.8669295839051));
#1399=CARTESIAN_POINT('',(990.007574909851,-1913.07398329494,61.8669295839051));
#1400=CARTESIAN_POINT('',(963.884881128094,-1923.89435734506,61.8669295839051));
#1401=CARTESIAN_POINT('',(963.884881128094,-1923.89435734506,61.8669295839051));
#1402=CARTESIAN_POINT('',(965.117171544829,-1926.86936958192,61.8669295839051));
#1403=CARTESIAN_POINT('',(966.057380630124,-1929.96536586759,61.8669295839051));
#1404=CARTESIAN_POINT('',(966.689673740129,-1933.14411799011,61.8669295839051));
#1405=CARTESIAN_POINT('',(967.005820295131,-1936.36424803107,61.8669295839051));
#1406=CARTESIAN_POINT('',(967.005820295131,-1939.58437807203,61.8669295839051));
#1407=CARTESIAN_POINT('',(995.280820295131,-1939.58437807203,61.8669295839051));
#1408=CARTESIAN_POINT('',(995.280820295131,-1934.14353639917,61.8669295839051));
#1409=CARTESIAN_POINT('',(994.746648280551,-1928.70269472631,61.8669295839051));
#1410=CARTESIAN_POINT('',(993.678304251391,-1923.33176659733,61.8669295839051));
#1411=CARTESIAN_POINT('',(992.089694876177,-1918.10066555613,61.8669295839051));
#1412=CARTESIAN_POINT('',(990.007574909851,-1913.07398329494,61.8669295839051));
#1413=CARTESIAN_POINT('',(967.005820295131,-1939.58437807203,61.8669295839051));
#1414=CARTESIAN_POINT('',(967.005820295131,-1942.80450811299,61.8669295839051));
#1415=CARTESIAN_POINT('',(966.373527185127,-1949.2447681949,61.8669295839051));
#1416=CARTESIAN_POINT('',(963.528208190107,-1958.65689080718,61.8669295839051));
#1417=CARTESIAN_POINT('',(956.138224783143,-1969.71678256004,61.8669295839051));
#1418=CARTESIAN_POINT('',(942.313360092074,-1978.95426181874,61.8669295839051));
#1419=CARTESIAN_POINT('',(926.005820295131,-1982.19803316589,61.8669295839051));
#1420=CARTESIAN_POINT('',(909.69828049819,-1978.95426181874,61.8669295839051));
#1421=CARTESIAN_POINT('',(898.638388745331,-1971.56427841178,61.8669295839051));
#1422=CARTESIAN_POINT('',(892.407793375256,-1963.95746741199,61.8669295839051));
#1423=CARTESIAN_POINT('',(889.359049878903,-1958.24941103586,61.8669295839051));
#1424=CARTESIAN_POINT('',(888.126759462168,-1955.274398799,61.8669295839051));
#1425=CARTESIAN_POINT('',(965.005820295131,-1939.58437807203,61.8669295839051));
#1426=CARTESIAN_POINT('',(965.005820295131,-1942.64742817419,61.8669295839051));
#1427=CARTESIAN_POINT('',(964.404371107141,-1948.7735283785,61.8669295839051));
#1428=CARTESIAN_POINT('',(961.697849761183,-1957.72652244619,61.8669295839051));
#1429=CARTESIAN_POINT('',(954.668350124614,-1968.24691043709,61.8669295839051));
#1430=CARTESIAN_POINT('',(941.517870895744,-1977.03377913448,61.8669295839051));
#1431=CARTESIAN_POINT('',(926.005820057998,-1980.11931852019,61.8669295839051));
#1432=CARTESIAN_POINT('',(910.49377034702,-1977.03377958326,61.8669295839051));
#1433=CARTESIAN_POINT('',(897.343289151353,-1968.24690921285,61.8669295839051));
#1434=CARTESIAN_POINT('',(890.313792794123,-1957.72652432845,61.8669295839051));
#1435=CARTESIAN_POINT('',(887.607269840402,-1948.77352964673,61.8669295839051));
#1436=CARTESIAN_POINT('',(887.00582029513,-1942.64742859693,61.8669295839051));
#1437=CARTESIAN_POINT('',(887.005820295131,-1939.58437807203,61.8669295839051));
#1438=CARTESIAN_POINT('',(965.005820295131,-1939.58437807203,61.8669295839051));
#1439=CARTESIAN_POINT('',(965.005820295131,-1939.58437807203,54.8669295839051));
#1440=CARTESIAN_POINT('',(965.005820295131,-1939.58437807203,54.8669295839051));
#1441=CARTESIAN_POINT('',(965.005820295131,-1942.64742817419,54.8669295839051));
#1442=CARTESIAN_POINT('',(964.404371107141,-1948.7735283785,54.8669295839051));
#1443=CARTESIAN_POINT('',(961.697849761183,-1957.72652244619,54.8669295839051));
#1444=CARTESIAN_POINT('',(954.668350124614,-1968.24691043709,54.8669295839051));
#1445=CARTESIAN_POINT('',(941.517870895744,-1977.03377913448,54.8669295839051));
#1446=CARTESIAN_POINT('',(926.005820057998,-1980.11931852019,54.8669295839051));
#1447=CARTESIAN_POINT('',(910.49377034702,-1977.03377958326,54.8669295839051));
#1448=CARTESIAN_POINT('',(897.343289151353,-1968.24690921285,54.8669295839051));
#1449=CARTESIAN_POINT('',(890.313792794123,-1957.72652432845,54.8669295839051));
#1450=CARTESIAN_POINT('',(887.607269840402,-1948.77352964673,54.8669295839051));
#1451=CARTESIAN_POINT('',(887.00582029513,-1942.64742859693,54.8669295839051));
#1452=CARTESIAN_POINT('',(887.005820295131,-1939.58437807203,54.8669295839051));
#1453=CARTESIAN_POINT('',(932.005820295131,-1939.58437807203,61.8669295839051));
#1454=CARTESIAN_POINT('',(932.005820295131,-1939.11313952945,61.8669295839051));
#1455=CARTESIAN_POINT('',(931.913289596106,-1938.17066244429,61.8669295839051));
#1456=CARTESIAN_POINT('',(931.496901450494,-1936.79327864737,61.8669295839051));
#1457=CARTESIAN_POINT('',(930.415440464107,-1935.17475790305,61.8669295839051));
#1458=CARTESIAN_POINT('',(928.392289533706,-1933.82293167007,61.8669295839051));
#1459=CARTESIAN_POINT('',(926.005820295134,-1933.34823342415,61.8669295839051));
#1460=CARTESIAN_POINT('',(923.619351056556,-1933.82293167007,61.8669295839051));
#1461=CARTESIAN_POINT('',(921.596200126154,-1935.17475790305,61.8669295839051));
#1462=CARTESIAN_POINT('',(920.51473913977,-1936.79327864737,61.8669295839051));
#1463=CARTESIAN_POINT('',(920.098350994156,-1938.17066244429,61.8669295839051));
#1464=CARTESIAN_POINT('',(920.005820295131,-1939.11313952945,61.8669295839051));
#1465=CARTESIAN_POINT('',(920.005820295131,-1939.58437807203,61.8669295839051));
#1466=CARTESIAN_POINT('',(929.005820295131,-1939.58437807203,61.8669295839051));
#1467=CARTESIAN_POINT('',(929.005820295131,-1939.81999734332,61.8669295839051));
#1468=CARTESIAN_POINT('',(928.959554945619,-1940.2912358859,61.8669295839051));
#1469=CARTESIAN_POINT('',(928.751360872813,-1940.97992778436,61.8669295839051));
#1470=CARTESIAN_POINT('',(928.210630379619,-1941.78918815652,61.8669295839051));
#1471=CARTESIAN_POINT('',(927.19905491442,-1942.46510127301,61.8669295839051));
#1472=CARTESIAN_POINT('',(926.005820295131,-1942.70245039597,61.8669295839051));
#1473=CARTESIAN_POINT('',(924.812585675841,-1942.46510127301,61.8669295839051));
#1474=CARTESIAN_POINT('',(923.801010210643,-1941.78918815652,61.8669295839051));
#1475=CARTESIAN_POINT('',(923.260279717449,-1940.97992778436,61.8669295839051));
#1476=CARTESIAN_POINT('',(923.052085644642,-1940.2912358859,61.8669295839051));
#1477=CARTESIAN_POINT('',(923.00582029513,-1939.81999734332,61.8669295839051));
#1478=CARTESIAN_POINT('',(923.005820295131,-1939.58437807203,61.8669295839051));
#1479=CARTESIAN_POINT('',(924.00828223638,-1870.3381844733,61.8669295839051));
#1480=CARTESIAN_POINT('',(924.00828223638,-1870.3381844733,65.8669295839051));
#1481=CARTESIAN_POINT('',(928.003358353883,-1870.3381844733,65.8669295839051));
#1482=CARTESIAN_POINT('',(928.003358353882,-1870.3381844733,61.8669295839051));
#1483=CARTESIAN_POINT('',(924.00828223638,-1870.3381844733,65.8669295839051));
#1484=CARTESIAN_POINT('',(924.015089342868,-1870.20112275063,65.8669295839051));
#1485=CARTESIAN_POINT('',(924.054900376192,-1869.90842681881,65.8669295839051));
#1486=CARTESIAN_POINT('',(924.1984144992,-1869.47311377022,65.8669295839051));
#1487=CARTESIAN_POINT('',(924.552990202837,-1868.95612682821,65.8669295839051));
#1488=CARTESIAN_POINT('',(925.210330548941,-1868.5169060511,65.8669295839051));
#1489=CARTESIAN_POINT('',(926.005820295133,-1868.35867330246,65.8669295839051));
#1490=CARTESIAN_POINT('',(926.801310041321,-1868.5169060511,65.8669295839051));
#1491=CARTESIAN_POINT('',(927.458650387424,-1868.95612682821,65.8669295839051));
#1492=CARTESIAN_POINT('',(927.813226091065,-1869.47311377022,65.8669295839051));
#1493=CARTESIAN_POINT('',(927.956740214072,-1869.90842681881,65.8669295839051));
#1494=CARTESIAN_POINT('',(927.996551247394,-1870.20112275063,65.8669295839051));
#1495=CARTESIAN_POINT('',(928.003358353883,-1870.3381844733,65.8669295839051));
#1496=CARTESIAN_POINT('',(924.00828223638,-1870.3381844733,61.8669295839051));
#1497=CARTESIAN_POINT('',(924.015089342868,-1870.20112275063,61.8669295839051));
#1498=CARTESIAN_POINT('',(924.054900376191,-1869.90842681881,61.8669295839051));
#1499=CARTESIAN_POINT('',(924.198414499199,-1869.47311377022,61.8669295839051));
#1500=CARTESIAN_POINT('',(924.552990202837,-1868.95612682821,61.8669295839051));
#1501=CARTESIAN_POINT('',(925.210330548941,-1868.5169060511,61.8669295839051));
#1502=CARTESIAN_POINT('',(926.005820295133,-1868.35867330246,61.8669295839051));
#1503=CARTESIAN_POINT('',(926.801310041321,-1868.5169060511,61.8669295839051));
#1504=CARTESIAN_POINT('',(927.458650387424,-1868.95612682821,61.8669295839051));
#1505=CARTESIAN_POINT('',(927.813226091065,-1869.47311377022,61.8669295839051));
#1506=CARTESIAN_POINT('',(927.956740214072,-1869.90842681881,61.8669295839051));
#1507=CARTESIAN_POINT('',(927.996551247394,-1870.20112275063,61.8669295839051));
#1508=CARTESIAN_POINT('',(928.003358353882,-1870.3381844733,61.8669295839051));
#1509=CARTESIAN_POINT('',(928.003358353883,-1870.3381844733,65.8669295839051));
#1510=CARTESIAN_POINT('',(933.042541015976,-1870.483554212,65.8669295839051));
#1511=CARTESIAN_POINT('',(943.492811604708,-1871.73895429976,65.8669295839051));
#1512=CARTESIAN_POINT('',(958.91547054831,-1876.64584551707,65.8669295839051));
#1513=CARTESIAN_POINT('',(977.147802423757,-1889.01472432539,65.8669295839051));
#1514=CARTESIAN_POINT('',(989.40492813475,-1907.35880929818,65.8669295839051));
#1515=CARTESIAN_POINT('',(994.212476265971,-1923.26185305345,65.8669295839051));
#1516=CARTESIAN_POINT('',(995.280820295131,-1934.14353639917,65.8669295839051));
#1517=CARTESIAN_POINT('',(995.280820295131,-1939.58437807203,65.8669295839051));
#1518=CARTESIAN_POINT('',(924.00828223638,-1870.3381844733,61.8669295839051));
#1519=CARTESIAN_POINT('',(918.969099574287,-1870.483554212,61.8669295839051));
#1520=CARTESIAN_POINT('',(908.518828985554,-1871.73895429976,61.8669295839051));
#1521=CARTESIAN_POINT('',(893.096170041952,-1876.64584551707,61.8669295839051));
#1522=CARTESIAN_POINT('',(874.863838166504,-1889.01472432539,61.8669295839051));
#1523=CARTESIAN_POINT('',(859.485120379191,-1912.03060198829,61.8669295839051));
#1524=CARTESIAN_POINT('',(855.100490914337,-1934.07362285528,61.8669295839051));
#1525=CARTESIAN_POINT('',(856.744726963656,-1950.60588850552,61.8669295839051));
#1526=CARTESIAN_POINT('',(859.921945714085,-1961.06809058793,61.8669295839051));
#1527=CARTESIAN_POINT('',(862.004065680411,-1966.09477284912,61.8669295839051));
#1528=CARTESIAN_POINT('',(928.003358353882,-1870.3381844733,61.8669295839051));
#1529=CARTESIAN_POINT('',(927.603961491981,-1870.3266627204,61.8669295839051));
#1530=CARTESIAN_POINT('',(926.805001652499,-1870.30937847651,61.8669295839051));
#1531=CARTESIAN_POINT('',(926.005820295131,-1870.30361598326,61.8669295839051));
#1532=CARTESIAN_POINT('',(925.206638937763,-1870.30937847651,61.8669295839051));
#1533=CARTESIAN_POINT('',(924.407679098281,-1870.3266627204,61.8669295839051));
#1534=CARTESIAN_POINT('',(924.00828223638,-1870.3381844733,61.8669295839051));
#1535=CARTESIAN_POINT('',(867.03564038922,-1975.93738647738,61.8669295839051));
#1536=CARTESIAN_POINT('',(867.03564038922,-1975.93738647738,65.8669295839051));
#1537=CARTESIAN_POINT('',(865.038095892508,-1972.47755139152,65.8669295839051));
#1538=CARTESIAN_POINT('',(865.038095892508,-1972.47755139152,61.8669295839051));
#1539=CARTESIAN_POINT('',(867.03564038922,-1975.93738647738,65.8669295839051));
#1540=CARTESIAN_POINT('',(866.913535621989,-1976.00002458059,65.8669295839051));
#1541=CARTESIAN_POINT('',(866.640145712445,-1976.11189797915,65.8669295839051));
#1542=CARTESIAN_POINT('',(866.191393605778,-1976.20527005376,65.8669295839051));
#1543=CARTESIAN_POINT('',(865.566378419898,-1976.15669288182,65.8669295839051));
#1544=CARTESIAN_POINT('',(864.857329015365,-1975.80702841114,65.8669295839051));
#1545=CARTESIAN_POINT('',(864.322550562234,-1975.19723045681,65.8669295839051));
#1546=CARTESIAN_POINT('',(864.061839269176,-1974.42919975384,65.8669295839051));
#1547=CARTESIAN_POINT('',(864.113545565927,-1973.6403141117,65.8669295839051));
#1548=CARTESIAN_POINT('',(864.38398298594,-1973.07474761459,65.8669295839051));
#1549=CARTESIAN_POINT('',(864.689220090457,-1972.73280348548,65.8669295839051));
#1550=CARTESIAN_POINT('',(864.922798704598,-1972.55197782751,65.8669295839051));
#1551=CARTESIAN_POINT('',(865.038095892508,-1972.47755139152,65.8669295839051));
#1552=CARTESIAN_POINT('',(867.03564038922,-1975.93738647738,61.8669295839051));
#1553=CARTESIAN_POINT('',(866.913535621989,-1976.00002458059,61.8669295839051));
#1554=CARTESIAN_POINT('',(866.640145712444,-1976.11189797915,61.8669295839051));
#1555=CARTESIAN_POINT('',(866.191393605777,-1976.20527005376,61.8669295839051));
#1556=CARTESIAN_POINT('',(865.566378419898,-1976.15669288182,61.8669295839051));
#1557=CARTESIAN_POINT('',(864.857329015364,-1975.80702841114,61.8669295839051));
#1558=CARTESIAN_POINT('',(864.322550562234,-1975.19723045681,61.8669295839051));
#1559=CARTESIAN_POINT('',(864.061839269176,-1974.42919975384,61.8669295839051));
#1560=CARTESIAN_POINT('',(864.113545565926,-1973.6403141117,61.8669295839051));
#1561=CARTESIAN_POINT('',(864.383982985939,-1973.07474761459,61.8669295839051));
#1562=CARTESIAN_POINT('',(864.689220090456,-1972.73280348548,61.8669295839051));
#1563=CARTESIAN_POINT('',(864.922798704598,-1972.55197782751,61.8669295839051));
#1564=CARTESIAN_POINT('',(865.038095892508,-1972.47755139152,61.8669295839051));
#1565=CARTESIAN_POINT('',(865.038095892508,-1972.47755139152,65.8669295839051));
#1566=CARTESIAN_POINT('',(864.366672408469,-1971.23306941928,65.8669295839051));
#1567=CARTESIAN_POINT('',(861.2657453467,-1965.11715204337,65.8669295839051));
#1568=CARTESIAN_POINT('',(857.066634035114,-1953.4703323619,65.8669295839051));
#1569=CARTESIAN_POINT('',(854.815604259989,-1935.50584478347,65.8669295839051));
#1570=CARTESIAN_POINT('',(859.485120379191,-1912.03060198829,65.8669295839051));
#1571=CARTESIAN_POINT('',(874.863838166504,-1889.01472432539,65.8669295839051));
#1572=CARTESIAN_POINT('',(893.096170041952,-1876.64584551707,65.8669295839051));
#1573=CARTESIAN_POINT('',(908.518828985555,-1871.73895429976,65.8669295839051));
#1574=CARTESIAN_POINT('',(918.969099574287,-1870.483554212,65.8669295839051));
#1575=CARTESIAN_POINT('',(924.00828223638,-1870.3381844733,65.8669295839051));
#1576=CARTESIAN_POINT('',(867.03564038922,-1975.93738647738,61.8669295839051));
#1577=CARTESIAN_POINT('',(868.729407014099,-1978.68493014566,61.8669295839051));
#1578=CARTESIAN_POINT('',(873.708085896817,-1985.7990594869,61.8669295839051));
#1579=CARTESIAN_POINT('',(883.60027826725,-1996.07447311438,61.8669295839051));
#1580=CARTESIAN_POINT('',(900.693660205304,-2006.55096313208,61.8669295839051));
#1581=CARTESIAN_POINT('',(926.005820295133,-2011.58586481903,61.8669295839051));
#1582=CARTESIAN_POINT('',(951.317980384958,-2006.55096313207,61.8669295839051));
#1583=CARTESIAN_POINT('',(968.411362323012,-1996.07447311438,61.8669295839051));
#1584=CARTESIAN_POINT('',(978.303554693446,-1985.7990594869,61.8669295839051));
#1585=CARTESIAN_POINT('',(983.282233576164,-1978.68493014566,61.8669295839051));
#1586=CARTESIAN_POINT('',(984.976000201043,-1975.93738647738,61.8669295839051));
#1587=CARTESIAN_POINT('',(865.038095892508,-1972.47755139152,61.8669295839051));
#1588=CARTESIAN_POINT('',(865.417538612152,-1973.18084764987,61.8669295839051));
#1589=CARTESIAN_POINT('',(865.807122494113,-1973.87867267082,61.8669295839051));
#1590=CARTESIAN_POINT('',(866.206742252552,-1974.57083152921,61.8669295839051));
#1591=CARTESIAN_POINT('',(866.616286987164,-1975.25713232214,61.8669295839051));
#1592=CARTESIAN_POINT('',(867.03564038922,-1975.93738647738,61.8669295839051));
#1593=CARTESIAN_POINT('',(986.973544697755,-1972.47755139152,61.8669295839051));
#1594=CARTESIAN_POINT('',(986.973544697755,-1972.47755139152,65.8669295839051));
#1595=CARTESIAN_POINT('',(984.976000201042,-1975.93738647738,65.8669295839051));
#1596=CARTESIAN_POINT('',(984.976000201043,-1975.93738647738,61.8669295839051));
#1597=CARTESIAN_POINT('',(986.973544697755,-1972.47755139152,65.8669295839051));
#1598=CARTESIAN_POINT('',(987.088841885665,-1972.55197782751,65.8669295839051));
#1599=CARTESIAN_POINT('',(987.322420499807,-1972.73280348548,65.8669295839051));
#1600=CARTESIAN_POINT('',(987.627657604323,-1973.07474761459,65.8669295839051));
#1601=CARTESIAN_POINT('',(987.898095024339,-1973.6403141117,65.8669295839051));
#1602=CARTESIAN_POINT('',(987.94980132109,-1974.42919975384,65.8669295839051));
#1603=CARTESIAN_POINT('',(987.689090028028,-1975.19723045681,65.8669295839051));
#1604=CARTESIAN_POINT('',(987.154311574898,-1975.80702841114,65.8669295839051));
#1605=CARTESIAN_POINT('',(986.445262170365,-1976.15669288182,65.8669295839051));
#1606=CARTESIAN_POINT('',(985.820246984485,-1976.20527005376,65.8669295839051));
#1607=CARTESIAN_POINT('',(985.371494877818,-1976.11189797915,65.8669295839051));
#1608=CARTESIAN_POINT('',(985.098104968273,-1976.00002458059,65.8669295839051));
#1609=CARTESIAN_POINT('',(984.976000201042,-1975.93738647738,65.8669295839051));
#1610=CARTESIAN_POINT('',(986.973544697755,-1972.47755139152,61.8669295839051));
#1611=CARTESIAN_POINT('',(987.088841885665,-1972.55197782751,61.8669295839051));
#1612=CARTESIAN_POINT('',(987.322420499807,-1972.73280348548,61.8669295839051));
#1613=CARTESIAN_POINT('',(987.627657604323,-1973.07474761459,61.8669295839051));
#1614=CARTESIAN_POINT('',(987.898095024339,-1973.6403141117,61.8669295839051));
#1615=CARTESIAN_POINT('',(987.94980132109,-1974.42919975384,61.8669295839051));
#1616=CARTESIAN_POINT('',(987.689090028028,-1975.19723045681,61.8669295839051));
#1617=CARTESIAN_POINT('',(987.154311574898,-1975.80702841114,61.8669295839051));
#1618=CARTESIAN_POINT('',(986.445262170366,-1976.15669288182,61.8669295839051));
#1619=CARTESIAN_POINT('',(985.820246984485,-1976.20527005376,61.8669295839051));
#1620=CARTESIAN_POINT('',(985.371494877818,-1976.11189797915,61.8669295839051));
#1621=CARTESIAN_POINT('',(985.098104968273,-1976.00002458059,61.8669295839051));
#1622=CARTESIAN_POINT('',(984.976000201043,-1975.93738647738,61.8669295839051));
#1623=CARTESIAN_POINT('',(984.976000201042,-1975.93738647738,65.8669295839051));
#1624=CARTESIAN_POINT('',(983.282233576164,-1978.68493014566,65.8669295839051));
#1625=CARTESIAN_POINT('',(978.303554693445,-1985.7990594869,65.8669295839051));
#1626=CARTESIAN_POINT('',(968.411362323012,-1996.07447311438,65.8669295839051));
#1627=CARTESIAN_POINT('',(951.317980384957,-2006.55096313207,65.8669295839051));
#1628=CARTESIAN_POINT('',(926.005820295131,-2011.58586481903,65.8669295839051));
#1629=CARTESIAN_POINT('',(900.693660205304,-2006.55096313208,65.8669295839051));
#1630=CARTESIAN_POINT('',(883.60027826725,-1996.07447311438,65.8669295839051));
#1631=CARTESIAN_POINT('',(873.708085896817,-1985.7990594869,65.8669295839051));
#1632=CARTESIAN_POINT('',(868.729407014099,-1978.68493014566,65.8669295839051));
#1633=CARTESIAN_POINT('',(867.03564038922,-1975.93738647738,65.8669295839051));
#1634=CARTESIAN_POINT('',(986.973544697755,-1972.47755139152,61.8669295839051));
#1635=CARTESIAN_POINT('',(987.644968181794,-1971.23306941928,61.8669295839051));
#1636=CARTESIAN_POINT('',(990.745895243562,-1965.11715204337,61.8669295839051));
#1637=CARTESIAN_POINT('',(993.086906999611,-1958.62403010119,61.8669295839051));
#1638=CARTESIAN_POINT('',(994.607819237595,-1951.88011311215,61.8669295839051));
#1639=CARTESIAN_POINT('',(995.280820295131,-1945.02521974489,61.8669295839051));
#1640=CARTESIAN_POINT('',(995.280820295131,-1939.58437807203,61.8669295839051));
#1641=CARTESIAN_POINT('',(984.976000201043,-1975.93738647738,61.8669295839051));
#1642=CARTESIAN_POINT('',(985.395353603099,-1975.25713232214,61.8669295839051));
#1643=CARTESIAN_POINT('',(985.80489833771,-1974.57083152921,61.8669295839051));
#1644=CARTESIAN_POINT('',(986.20451809615,-1973.87867267082,61.8669295839051));
#1645=CARTESIAN_POINT('',(986.59410197811,-1973.18084764987,61.8669295839051));
#1646=CARTESIAN_POINT('',(986.973544697755,-1972.47755139152,61.8669295839051));
#1647=CARTESIAN_POINT('',(874.730820295131,-1939.58437807203,63.8669295839051));
#1648=CARTESIAN_POINT('',(874.730820295131,-1939.58437807203,65.8669295839051));
#1649=CARTESIAN_POINT('',(874.730820295131,-1939.58437807203,63.8669295839051));
#1650=CARTESIAN_POINT('',(874.730820295131,-1943.61150414458,63.8669295839051));
#1651=CARTESIAN_POINT('',(875.521572295749,-1951.66575628967,63.8669295839051));
#1652=CARTESIAN_POINT('',(879.079956298532,-1963.43664868795,63.8669295839051));
#1653=CARTESIAN_POINT('',(888.32193968101,-1977.26825696953,63.8669295839051));
#1654=CARTESIAN_POINT('',(905.611454753834,-1988.8207383216,63.8669295839051));
#1655=CARTESIAN_POINT('',(926.005815690034,-1992.87743289869,63.8669295839051));
#1656=CARTESIAN_POINT('',(946.400195851059,-1988.82073369856,63.8669295839051));
#1657=CARTESIAN_POINT('',(963.689687053692,-1977.26826783598,63.8669295839051));
#1658=CARTESIAN_POINT('',(972.931701805864,-1963.43663321809,63.8669295839051));
#1659=CARTESIAN_POINT('',(976.490071478901,-1951.66574580602,63.8669295839051));
#1660=CARTESIAN_POINT('',(977.280820295131,-1943.61150065003,63.8669295839051));
#1661=CARTESIAN_POINT('',(977.280820295131,-1939.58437807203,63.8669295839051));
#1662=CARTESIAN_POINT('',(874.730820295131,-1939.58437807203,65.8669295839051));
#1663=CARTESIAN_POINT('',(874.730820295131,-1935.55725199948,65.8669295839051));
#1664=CARTESIAN_POINT('',(875.52157229575,-1927.50299985439,65.8669295839051));
#1665=CARTESIAN_POINT('',(879.079956298532,-1915.73210745611,65.8669295839051));
#1666=CARTESIAN_POINT('',(888.321939681014,-1901.90049917453,65.8669295839051));
#1667=CARTESIAN_POINT('',(905.611454753833,-1890.34801782245,65.8669295839051));
#1668=CARTESIAN_POINT('',(926.00581569004,-1886.29132324537,65.8669295839051));
#1669=CARTESIAN_POINT('',(946.40019585105,-1890.34802244549,65.8669295839051));
#1670=CARTESIAN_POINT('',(963.689687053698,-1901.90048830809,65.8669295839051));
#1671=CARTESIAN_POINT('',(972.931701805864,-1915.73212292597,65.8669295839051));
#1672=CARTESIAN_POINT('',(976.4900714789,-1927.50301033804,65.8669295839051));
#1673=CARTESIAN_POINT('',(977.280820295131,-1935.55725549403,65.8669295839051));
#1674=CARTESIAN_POINT('',(977.280820295131,-1939.58437807203,65.8669295839051));
#1675=CARTESIAN_POINT('',(876.730820295131,-1939.58437807203,63.8669295839051));
#1676=CARTESIAN_POINT('',(876.730820295131,-1939.58437807203,65.8669295839051));
#1677=CARTESIAN_POINT('',(876.730820295131,-1939.58437807203,63.8669295839051));
#1678=CARTESIAN_POINT('',(876.730820295131,-1943.45442464466,63.8669295839051));
#1679=CARTESIAN_POINT('',(877.4907287494,-1951.19451778992,63.8669295839051));
#1680=CARTESIAN_POINT('',(880.910316793609,-1962.50628226499,63.8669295839051));
#1681=CARTESIAN_POINT('',(889.791812636889,-1975.79838344154,63.8669295839051));
#1682=CARTESIAN_POINT('',(906.406945209819,-1986.90025624083,63.8669295839051));
#1683=CARTESIAN_POINT('',(926.005814691921,-1990.79871821502,63.8669295839051));
#1684=CARTESIAN_POINT('',(945.604707329188,-1986.9002509693,63.8669295839051));
#1685=CARTESIAN_POINT('',(962.219812123383,-1975.79839554709,63.8669295839051));
#1686=CARTESIAN_POINT('',(971.101343270481,-1962.50626528407,63.8669295839051));
#1687=CARTESIAN_POINT('',(974.520915381559,-1951.19450626893,63.8669295839051));
#1688=CARTESIAN_POINT('',(975.280820295131,-1943.45442080433,63.8669295839051));
#1689=CARTESIAN_POINT('',(975.280820295131,-1939.58437807203,63.8669295839051));
#1690=CARTESIAN_POINT('',(876.730820295131,-1939.58437807203,65.8669295839051));
#1691=CARTESIAN_POINT('',(876.730820295131,-1943.45442464466,65.8669295839051));
#1692=CARTESIAN_POINT('',(877.4907287494,-1951.19451778992,65.8669295839051));
#1693=CARTESIAN_POINT('',(880.910316793609,-1962.50628226499,65.8669295839051));
#1694=CARTESIAN_POINT('',(889.791812636889,-1975.79838344154,65.8669295839051));
#1695=CARTESIAN_POINT('',(906.406945209819,-1986.90025624083,65.8669295839051));
#1696=CARTESIAN_POINT('',(926.005814691921,-1990.79871821502,65.8669295839051));
#1697=CARTESIAN_POINT('',(945.604707329188,-1986.9002509693,65.8669295839051));
#1698=CARTESIAN_POINT('',(962.219812123383,-1975.79839554709,65.8669295839051));
#1699=CARTESIAN_POINT('',(971.101343270481,-1962.50626528407,65.8669295839051));
#1700=CARTESIAN_POINT('',(974.520915381559,-1951.19450626893,65.8669295839051));
#1701=CARTESIAN_POINT('',(975.280820295131,-1943.45442080433,65.8669295839051));
#1702=CARTESIAN_POINT('',(975.280820295131,-1939.58437807203,65.8669295839051));
#1703=CARTESIAN_POINT('',(870.730820295131,-1939.58437807203,63.8669295839051));
#1704=CARTESIAN_POINT('',(870.730820295131,-1939.58437807203,65.8669295839051));
#1705=CARTESIAN_POINT('',(870.730820295131,-1939.58437807203,63.8669295839051));
#1706=CARTESIAN_POINT('',(870.730820295131,-1943.92566315422,63.8669295839051));
#1707=CARTESIAN_POINT('',(871.583259398792,-1952.6082333186,63.8669295839051));
#1708=CARTESIAN_POINT('',(875.419235365266,-1965.29738156824,63.8669295839051));
#1709=CARTESIAN_POINT('',(885.382193558825,-1980.20800391952,63.8669295839051));
#1710=CARTESIAN_POINT('',(904.02047415716,-1992.66170257043,63.8669295839051));
#1711=CARTESIAN_POINT('',(926.005817309928,-1997.0348622444,63.8669295839051));
#1712=CARTESIAN_POINT('',(947.991173217986,-1992.66169913084,63.8669295839051));
#1713=CARTESIAN_POINT('',(966.629436771459,-1980.20801236061,63.8669295839051));
#1714=CARTESIAN_POINT('',(976.592418851568,-1965.29736924463,63.8669295839051));
#1715=CARTESIAN_POINT('',(980.428383669029,-1952.60822498326,63.8669295839051));
#1716=CARTESIAN_POINT('',(981.280820295131,-1943.92566037577,63.8669295839051));
#1717=CARTESIAN_POINT('',(981.280820295131,-1939.58437807203,63.8669295839051));
#1718=CARTESIAN_POINT('',(870.730820295131,-1939.58437807203,65.8669295839051));
#1719=CARTESIAN_POINT('',(870.730820295131,-1935.24309298984,65.8669295839051));
#1720=CARTESIAN_POINT('',(871.583259398792,-1926.56052282546,65.8669295839051));
#1721=CARTESIAN_POINT('',(875.419235365268,-1913.87137457582,65.8669295839051));
#1722=CARTESIAN_POINT('',(885.382193558829,-1898.96075222454,65.8669295839051));
#1723=CARTESIAN_POINT('',(904.020474157159,-1886.50705357362,65.8669295839051));
#1724=CARTESIAN_POINT('',(926.005817309934,-1882.13389389966,65.8669295839051));
#1725=CARTESIAN_POINT('',(947.991173217979,-1886.50705701321,65.8669295839051));
#1726=CARTESIAN_POINT('',(966.629436771466,-1898.96074378345,65.8669295839051));
#1727=CARTESIAN_POINT('',(976.592418851568,-1913.87138689942,65.8669295839051));
#1728=CARTESIAN_POINT('',(980.428383669028,-1926.56053116079,65.8669295839051));
#1729=CARTESIAN_POINT('',(981.280820295131,-1935.24309576828,65.8669295839051));
#1730=CARTESIAN_POINT('',(981.280820295131,-1939.58437807203,65.8669295839051));
#1731=CARTESIAN_POINT('',(872.730820295131,-1939.58437807203,63.8669295839051));
#1732=CARTESIAN_POINT('',(872.730820295131,-1939.58437807203,65.8669295839051));
#1733=CARTESIAN_POINT('',(872.730820295131,-1939.58437807203,63.8669295839051));
#1734=CARTESIAN_POINT('',(872.730820295131,-1943.76858364797,63.8669295839051));
#1735=CARTESIAN_POINT('',(873.55241584574,-1952.13699479984,63.8669295839051));
#1736=CARTESIAN_POINT('',(877.249595823479,-1964.3670151231,63.8669295839051));
#1737=CARTESIAN_POINT('',(886.852066651308,-1978.73813046009,63.8669295839051));
#1738=CARTESIAN_POINT('',(904.815964408039,-1990.74122043309,63.8669295839051));
#1739=CARTESIAN_POINT('',(926.005816557207,-1994.95614757477,63.8669295839051));
#1740=CARTESIAN_POINT('',(947.195684485087,-1990.74121641849,63.8669295839051));
#1741=CARTESIAN_POINT('',(965.159561933915,-1978.73814010746,63.8669295839051));
#1742=CARTESIAN_POINT('',(974.762060333482,-1964.36700120544,63.8669295839051));
#1743=CARTESIAN_POINT('',(978.459227574831,-1952.13698537775,63.8669295839051));
#1744=CARTESIAN_POINT('',(979.280820295131,-1943.76858050727,63.8669295839051));
#1745=CARTESIAN_POINT('',(979.280820295131,-1939.58437807203,63.8669295839051));
#1746=CARTESIAN_POINT('',(872.730820295131,-1939.58437807203,65.8669295839051));
#1747=CARTESIAN_POINT('',(872.730820295131,-1943.76858364797,65.8669295839051));
#1748=CARTESIAN_POINT('',(873.55241584574,-1952.13699479984,65.8669295839051));
#1749=CARTESIAN_POINT('',(877.249595823479,-1964.3670151231,65.8669295839051));
#1750=CARTESIAN_POINT('',(886.852066651308,-1978.73813046009,65.8669295839051));
#1751=CARTESIAN_POINT('',(904.815964408039,-1990.74122043309,65.8669295839051));
#1752=CARTESIAN_POINT('',(926.005816557207,-1994.95614757477,65.8669295839051));
#1753=CARTESIAN_POINT('',(947.195684485087,-1990.74121641849,65.8669295839051));
#1754=CARTESIAN_POINT('',(965.159561933915,-1978.73814010746,65.8669295839051));
#1755=CARTESIAN_POINT('',(974.762060333482,-1964.36700120544,65.8669295839051));
#1756=CARTESIAN_POINT('',(978.459227574831,-1952.13698537775,65.8669295839051));
#1757=CARTESIAN_POINT('',(979.280820295131,-1943.76858050727,65.8669295839051));
#1758=CARTESIAN_POINT('',(979.280820295131,-1939.58437807203,65.8669295839051));
#1759=CARTESIAN_POINT('',(866.730820295131,-1939.58437807203,63.8669295839051));
#1760=CARTESIAN_POINT('',(866.730820295131,-1939.58437807203,65.8669295839051));
#1761=CARTESIAN_POINT('',(866.730820295131,-1939.58437807203,63.8669295839051));
#1762=CARTESIAN_POINT('',(866.730820295131,-1944.23982217337,63.8669295839051));
#1763=CARTESIAN_POINT('',(867.644946512253,-1953.55071037606,63.8669295839051));
#1764=CARTESIAN_POINT('',(871.758514489302,-1967.15811448162,63.8669295839051));
#1765=CARTESIAN_POINT('',(882.44244722053,-1983.14775076481,63.8669295839051));
#1766=CARTESIAN_POINT('',(902.429493891487,-1996.50266690728,63.8669295839051));
#1767=CARTESIAN_POINT('',(926.005818524721,-2001.19229156809,63.8669295839051));
#1768=CARTESIAN_POINT('',(949.582150938086,-1996.50266453788,63.8669295839051));
#1769=CARTESIAN_POINT('',(969.56918634143,-1983.1477568102,63.8669295839051));
#1770=CARTESIAN_POINT('',(980.25313585419,-1967.15810547248,63.8669295839051));
#1771=CARTESIAN_POINT('',(984.366695851324,-1953.55070429195,63.8669295839051));
#1772=CARTESIAN_POINT('',(985.280820295131,-1944.23982014534,63.8669295839051));
#1773=CARTESIAN_POINT('',(985.280820295131,-1939.58437807203,63.8669295839051));
#1774=CARTESIAN_POINT('',(866.730820295131,-1939.58437807203,65.8669295839051));
#1775=CARTESIAN_POINT('',(866.730820295131,-1934.92893397068,65.8669295839051));
#1776=CARTESIAN_POINT('',(867.644946512253,-1925.618045768,65.8669295839051));
#1777=CARTESIAN_POINT('',(871.758514489304,-1912.01064166244,65.8669295839051));
#1778=CARTESIAN_POINT('',(882.442447220532,-1896.02100537925,65.8669295839051));
#1779=CARTESIAN_POINT('',(902.429493891487,-1882.66608923677,65.8669295839051));
#1780=CARTESIAN_POINT('',(926.005818524725,-1877.97646457596,65.8669295839051));
#1781=CARTESIAN_POINT('',(949.582150938081,-1882.66609160617,65.8669295839051));
#1782=CARTESIAN_POINT('',(969.569186341434,-1896.02099933386,65.8669295839051));
#1783=CARTESIAN_POINT('',(980.253135854191,-1912.01065067157,65.8669295839051));
#1784=CARTESIAN_POINT('',(984.366695851324,-1925.61805185211,65.8669295839051));
#1785=CARTESIAN_POINT('',(985.280820295131,-1934.92893599872,65.8669295839051));
#1786=CARTESIAN_POINT('',(985.280820295131,-1939.58437807203,65.8669295839051));
#1787=CARTESIAN_POINT('',(868.730820295131,-1939.58437807203,63.8669295839051));
#1788=CARTESIAN_POINT('',(868.730820295131,-1939.58437807203,65.8669295839051));
#1789=CARTESIAN_POINT('',(868.730820295131,-1939.58437807203,63.8669295839051));
#1790=CARTESIAN_POINT('',(868.730820295131,-1944.08274266283,63.8669295839051));
#1791=CARTESIAN_POINT('',(869.614102954428,-1953.07947184442,63.8669295839051));
#1792=CARTESIAN_POINT('',(873.588874921268,-1966.22774802157,63.8669295839051));
#1793=CARTESIAN_POINT('',(883.912320412696,-1981.67787735299,63.8669295839051));
#1794=CARTESIAN_POINT('',(903.224983988511,-1994.58218472962,63.8669295839051));
#1795=CARTESIAN_POINT('',(926.005817961928,-1999.11357690856,63.8669295839051));
#1796=CARTESIAN_POINT('',(948.786662038729,-1994.58218183695,63.8669295839051));
#1797=CARTESIAN_POINT('',(968.099311572331,-1981.67788459493,63.8669295839051));
#1798=CARTESIAN_POINT('',(978.422777358798,-1966.22773733415,63.8669295839051));
#1799=CARTESIAN_POINT('',(982.397539761252,-1953.07946462164,63.8669295839051));
#1800=CARTESIAN_POINT('',(983.280820295131,-1944.08274025523,63.8669295839051));
#1801=CARTESIAN_POINT('',(983.280820295131,-1939.58437807203,63.8669295839051));
#1802=CARTESIAN_POINT('',(868.730820295131,-1939.58437807203,65.8669295839051));
#1803=CARTESIAN_POINT('',(868.730820295131,-1944.08274266283,65.8669295839051));
#1804=CARTESIAN_POINT('',(869.614102954428,-1953.07947184442,65.8669295839051));
#1805=CARTESIAN_POINT('',(873.588874921268,-1966.22774802157,65.8669295839051));
#1806=CARTESIAN_POINT('',(883.912320412696,-1981.67787735299,65.8669295839051));
#1807=CARTESIAN_POINT('',(903.224983988511,-1994.58218472962,65.8669295839051));
#1808=CARTESIAN_POINT('',(926.005817961928,-1999.11357690856,65.8669295839051));
#1809=CARTESIAN_POINT('',(948.786662038729,-1994.58218183695,65.8669295839051));
#1810=CARTESIAN_POINT('',(968.099311572331,-1981.67788459493,65.8669295839051));
#1811=CARTESIAN_POINT('',(978.422777358798,-1966.22773733415,65.8669295839051));
#1812=CARTESIAN_POINT('',(982.397539761252,-1953.07946462164,65.8669295839051));
#1813=CARTESIAN_POINT('',(983.280820295131,-1944.08274025523,65.8669295839051));
#1814=CARTESIAN_POINT('',(983.280820295131,-1939.58437807203,65.8669295839051));
#1815=CARTESIAN_POINT('',(862.730820295131,-1939.58437807203,63.8669295839051));
#1816=CARTESIAN_POINT('',(862.730820295131,-1939.58437807203,65.8669295839051));
#1817=CARTESIAN_POINT('',(862.730820295131,-1939.58437807203,63.8669295839051));
#1818=CARTESIAN_POINT('',(862.73082029513,-1944.55398119896,63.8669295839051));
#1819=CARTESIAN_POINT('',(863.706633633195,-1954.49318745282,63.8669295839051));
#1820=CARTESIAN_POINT('',(868.097793654489,-1969.01884741711,63.8669295839051));
#1821=CARTESIAN_POINT('',(879.50270072259,-1986.08749753724,63.8669295839051));
#1822=CARTESIAN_POINT('',(900.838513877984,-2000.34363130721,63.8669295839051));
#1823=CARTESIAN_POINT('',(926.005819420127,-2005.34972087614,63.8669295839051));
#1824=CARTESIAN_POINT('',(951.173128942721,-2000.34362992729,63.8669295839051));
#1825=CARTESIAN_POINT('',(972.508935799714,-1986.08750118385,63.8669295839051));
#1826=CARTESIAN_POINT('',(983.913852806789,-1969.01884188969,63.8669295839051));
#1827=CARTESIAN_POINT('',(988.305008024523,-1954.49318372468,63.8669295839051));
#1828=CARTESIAN_POINT('',(989.280820295131,-1944.55397995625,63.8669295839051));
#1829=CARTESIAN_POINT('',(989.280820295131,-1939.58437807203,63.8669295839051));
#1830=CARTESIAN_POINT('',(862.730820295131,-1939.58437807203,65.8669295839051));
#1831=CARTESIAN_POINT('',(862.730820295131,-1934.6147749451,65.8669295839051));
#1832=CARTESIAN_POINT('',(863.706633633197,-1924.67556869124,65.8669295839051));
#1833=CARTESIAN_POINT('',(868.097793654492,-1910.14990872694,65.8669295839051));
#1834=CARTESIAN_POINT('',(879.50270072259,-1893.08125860681,65.8669295839051));
#1835=CARTESIAN_POINT('',(900.838513877986,-1878.82512483684,65.8669295839051));
#1836=CARTESIAN_POINT('',(926.005819420131,-1873.81903526792,65.8669295839051));
#1837=CARTESIAN_POINT('',(951.173128942716,-1878.82512621677,65.8669295839051));
#1838=CARTESIAN_POINT('',(972.508935799717,-1893.08125496021,65.8669295839051));
#1839=CARTESIAN_POINT('',(983.913852806789,-1910.14991425436,65.8669295839051));
#1840=CARTESIAN_POINT('',(988.305008024524,-1924.67557241938,65.8669295839051));
#1841=CARTESIAN_POINT('',(989.280820295131,-1934.61477618781,65.8669295839051));
#1842=CARTESIAN_POINT('',(989.280820295131,-1939.58437807203,65.8669295839051));
#1843=CARTESIAN_POINT('',(864.730820295131,-1939.58437807203,63.8669295839051));
#1844=CARTESIAN_POINT('',(864.730820295131,-1939.58437807203,65.8669295839051));
#1845=CARTESIAN_POINT('',(864.730820295131,-1939.58437807203,63.8669295839051));
#1846=CARTESIAN_POINT('',(864.73082029513,-1944.39690168551,63.8669295839051));
#1847=CARTESIAN_POINT('',(865.675790071934,-1954.02194891248,63.8669295839051));
#1848=CARTESIAN_POINT('',(869.928154067552,-1968.08848094714,63.8669295839051));
#1849=CARTESIAN_POINT('',(880.972573988703,-1984.61762415856,63.8669295839051));
#1850=CARTESIAN_POINT('',(901.634003857165,-1998.42314910061,63.8669295839051));
#1851=CARTESIAN_POINT('',(926.00581900803,-2003.27100622374,63.8669295839051));
#1852=CARTESIAN_POINT('',(950.377639908285,-1998.42314723445,63.8669295839051));
#1853=CARTESIAN_POINT('',(971.039061082782,-1984.61762900645,63.8669295839051));
#1854=CARTESIAN_POINT('',(982.083494337024,-1968.08847365815,63.8669295839051));
#1855=CARTESIAN_POINT('',(986.335851939112,-1954.02194399327,63.8669295839051));
#1856=CARTESIAN_POINT('',(987.280820295131,-1944.39690004578,63.8669295839051));
#1857=CARTESIAN_POINT('',(987.280820295131,-1939.58437807203,63.8669295839051));
#1858=CARTESIAN_POINT('',(864.730820295131,-1939.58437807203,65.8669295839051));
#1859=CARTESIAN_POINT('',(864.730820295131,-1944.39690168551,65.8669295839051));
#1860=CARTESIAN_POINT('',(865.675790071934,-1954.02194891248,65.8669295839051));
#1861=CARTESIAN_POINT('',(869.928154067552,-1968.08848094714,65.8669295839051));
#1862=CARTESIAN_POINT('',(880.972573988703,-1984.61762415856,65.8669295839051));
#1863=CARTESIAN_POINT('',(901.634003857165,-1998.42314910061,65.8669295839051));
#1864=CARTESIAN_POINT('',(926.00581900803,-2003.27100622374,65.8669295839051));
#1865=CARTESIAN_POINT('',(950.377639908285,-1998.42314723445,65.8669295839051));
#1866=CARTESIAN_POINT('',(971.039061082782,-1984.61762900645,65.8669295839051));
#1867=CARTESIAN_POINT('',(982.083494337024,-1968.08847365815,65.8669295839051));
#1868=CARTESIAN_POINT('',(986.335851939112,-1954.02194399327,65.8669295839051));
#1869=CARTESIAN_POINT('',(987.280820295131,-1944.39690004578,65.8669295839051));
#1870=CARTESIAN_POINT('',(987.280820295131,-1939.58437807203,65.8669295839051));
#1871=CARTESIAN_POINT('',(858.730820295131,-1939.58437807203,63.8669295839051));
#1872=CARTESIAN_POINT('',(858.730820295131,-1939.58437807203,65.8669295839051));
#1873=CARTESIAN_POINT('',(858.730820295131,-1939.58437807203,63.8669295839051));
#1874=CARTESIAN_POINT('',(858.73082029513,-1944.86814022883,63.8669295839051));
#1875=CARTESIAN_POINT('',(859.768320759557,-1955.43566454244,63.8669295839051));
#1876=CARTESIAN_POINT('',(864.43707284948,-1970.87958036715,63.8669295839051));
#1877=CARTESIAN_POINT('',(876.562954105046,-1989.02724425916,63.8669295839051));
#1878=CARTESIAN_POINT('',(899.247534060227,-2004.18459575249,63.8669295839051));
#1879=CARTESIAN_POINT('',(926.005820057998,-2009.50715017333,63.8669295839051));
#1880=CARTESIAN_POINT('',(952.764107182536,-2004.1845953037,63.8669295839051));
#1881=CARTESIAN_POINT('',(975.448685170923,-1989.0272454834,63.8669295839051));
#1882=CARTESIAN_POINT('',(987.574569705826,-1970.87957848488,63.8669295839051));
#1883=CARTESIAN_POINT('',(992.243320187985,-1955.43566327421,63.8669295839051));
#1884=CARTESIAN_POINT('',(993.280820295131,-1944.86813980609,63.8669295839051));
#1885=CARTESIAN_POINT('',(993.280820295131,-1939.58437807203,63.8669295839051));
#1886=CARTESIAN_POINT('',(858.730820295131,-1939.58437807203,65.8669295839051));
#1887=CARTESIAN_POINT('',(858.730820295131,-1934.30061591522,65.8669295839051));
#1888=CARTESIAN_POINT('',(859.768320759559,-1923.73309160161,65.8669295839051));
#1889=CARTESIAN_POINT('',(864.437072849482,-1908.28917577691,65.8669295839051));
#1890=CARTESIAN_POINT('',(876.562954105045,-1890.1415118849,65.8669295839051));
#1891=CARTESIAN_POINT('',(899.24753406023,-1874.98416039156,65.8669295839051));
#1892=CARTESIAN_POINT('',(926.005820058002,-1869.66160597073,65.8669295839051));
#1893=CARTESIAN_POINT('',(952.764107182533,-1874.98416084035,65.8669295839051));
#1894=CARTESIAN_POINT('',(975.448685170924,-1890.14151066066,65.8669295839051));
#1895=CARTESIAN_POINT('',(987.574569705827,-1908.28917765917,65.8669295839051));
#1896=CARTESIAN_POINT('',(992.243320187985,-1923.73309286985,65.8669295839051));
#1897=CARTESIAN_POINT('',(993.280820295131,-1934.30061633797,65.8669295839051));
#1898=CARTESIAN_POINT('',(993.280820295131,-1939.58437807203,65.8669295839051));
#1899=CARTESIAN_POINT('',(860.730820295131,-1939.58437807203,63.8669295839051));
#1900=CARTESIAN_POINT('',(860.730820295131,-1939.58437807203,65.8669295839051));
#1901=CARTESIAN_POINT('',(860.730820295131,-1939.58437807203,63.8669295839051));
#1902=CARTESIAN_POINT('',(860.73082029513,-1944.71106071347,63.8669295839051));
#1903=CARTESIAN_POINT('',(861.737477195803,-1954.96442599634,63.8669295839051));
#1904=CARTESIAN_POINT('',(866.267433248829,-1969.94921389069,63.8669295839051));
#1905=CARTESIAN_POINT('',(878.032827426745,-1987.5573709034,63.8669295839051));
#1906=CARTESIAN_POINT('',(900.043023947509,-2002.26411352508,63.8669295839051));
#1907=CARTESIAN_POINT('',(926.005819768087,-2007.42843552584,63.8669295839051));
#1908=CARTESIAN_POINT('',(951.968618035755,-2002.26411261691,63.8669295839051));
#1909=CARTESIAN_POINT('',(973.97881049499,-1987.55737334271,63.8669295839051));
#1910=CARTESIAN_POINT('',(985.744211263131,-1969.94921016572,63.8669295839051));
#1911=CARTESIAN_POINT('',(990.274164107495,-1954.96442348529,63.8669295839051));
#1912=CARTESIAN_POINT('',(991.280820295131,-1944.71105987645,63.8669295839051));
#1913=CARTESIAN_POINT('',(991.280820295131,-1939.58437807203,63.8669295839051));
#1914=CARTESIAN_POINT('',(860.730820295131,-1939.58437807203,65.8669295839051));
#1915=CARTESIAN_POINT('',(860.73082029513,-1944.71106071347,65.8669295839051));
#1916=CARTESIAN_POINT('',(861.737477195803,-1954.96442599634,65.8669295839051));
#1917=CARTESIAN_POINT('',(866.267433248829,-1969.94921389069,65.8669295839051));
#1918=CARTESIAN_POINT('',(878.032827426745,-1987.5573709034,65.8669295839051));
#1919=CARTESIAN_POINT('',(900.043023947509,-2002.26411352508,65.8669295839051));
#1920=CARTESIAN_POINT('',(926.005819768087,-2007.42843552584,65.8669295839051));
#1921=CARTESIAN_POINT('',(951.968618035755,-2002.26411261691,65.8669295839051));
#1922=CARTESIAN_POINT('',(973.97881049499,-1987.55737334271,65.8669295839051));
#1923=CARTESIAN_POINT('',(985.744211263131,-1969.94921016572,65.8669295839051));
#1924=CARTESIAN_POINT('',(990.274164107495,-1954.96442348529,65.8669295839051));
#1925=CARTESIAN_POINT('',(991.280820295131,-1944.71105987645,65.8669295839051));
#1926=CARTESIAN_POINT('',(991.280820295131,-1939.58437807203,65.8669295839051));
#1927=CARTESIAN_POINT('',(920.005820295131,-1939.58437807203,54.8669295839051));
#1928=CARTESIAN_POINT('',(920.005820295131,-1939.58437807203,61.8669295839051));
#1929=CARTESIAN_POINT('',(920.005820295131,-1939.58437807203,54.8669295839051));
#1930=CARTESIAN_POINT('',(920.005820295131,-1940.05561661461,54.8669295839051));
#1931=CARTESIAN_POINT('',(920.098350994155,-1940.99809369977,54.8669295839051));
#1932=CARTESIAN_POINT('',(920.514739139768,-1942.37547749669,54.8669295839051));
#1933=CARTESIAN_POINT('',(921.596200126154,-1943.99399824101,54.8669295839051));
#1934=CARTESIAN_POINT('',(923.619351056553,-1945.34582447399,54.8669295839051));
#1935=CARTESIAN_POINT('',(926.005820295131,-1945.82052271991,54.8669295839051));
#1936=CARTESIAN_POINT('',(928.392289533709,-1945.34582447399,54.8669295839051));
#1937=CARTESIAN_POINT('',(930.415440464108,-1943.99399824101,54.8669295839051));
#1938=CARTESIAN_POINT('',(931.496901450494,-1942.37547749669,54.8669295839051));
#1939=CARTESIAN_POINT('',(931.913289596106,-1940.99809369977,54.8669295839051));
#1940=CARTESIAN_POINT('',(932.005820295131,-1940.05561661461,54.8669295839051));
#1941=CARTESIAN_POINT('',(932.005820295131,-1939.58437807203,54.8669295839051));
#1942=CARTESIAN_POINT('',(920.005820295131,-1939.58437807203,61.8669295839051));
#1943=CARTESIAN_POINT('',(920.005820295131,-1940.05561661461,61.8669295839051));
#1944=CARTESIAN_POINT('',(920.098350994155,-1940.99809369977,61.8669295839051));
#1945=CARTESIAN_POINT('',(920.514739139768,-1942.37547749669,61.8669295839051));
#1946=CARTESIAN_POINT('',(921.596200126154,-1943.99399824101,61.8669295839051));
#1947=CARTESIAN_POINT('',(923.619351056553,-1945.34582447399,61.8669295839051));
#1948=CARTESIAN_POINT('',(926.005820295131,-1945.82052271991,61.8669295839051));
#1949=CARTESIAN_POINT('',(928.392289533709,-1945.34582447399,61.8669295839051));
#1950=CARTESIAN_POINT('',(930.415440464108,-1943.99399824101,61.8669295839051));
#1951=CARTESIAN_POINT('',(931.496901450494,-1942.37547749669,61.8669295839051));
#1952=CARTESIAN_POINT('',(931.913289596106,-1940.99809369977,61.8669295839051));
#1953=CARTESIAN_POINT('',(932.005820295131,-1940.05561661461,61.8669295839051));
#1954=CARTESIAN_POINT('',(932.005820295131,-1939.58437807203,61.8669295839051));
#1955=CARTESIAN_POINT('',(923.005820295131,-1939.58437807203,54.8669295839051));
#1956=CARTESIAN_POINT('',(923.005820295131,-1939.58437807203,61.8669295839051));
#1957=CARTESIAN_POINT('',(923.005820295131,-1939.58437807203,54.8669295839051));
#1958=CARTESIAN_POINT('',(923.00582029513,-1939.81999734332,54.8669295839051));
#1959=CARTESIAN_POINT('',(923.052085644642,-1940.2912358859,54.8669295839051));
#1960=CARTESIAN_POINT('',(923.260279717449,-1940.97992778436,54.8669295839051));
#1961=CARTESIAN_POINT('',(923.801010210643,-1941.78918815652,54.8669295839051));
#1962=CARTESIAN_POINT('',(924.812585675841,-1942.46510127301,54.8669295839051));
#1963=CARTESIAN_POINT('',(926.005820295131,-1942.70245039597,54.8669295839051));
#1964=CARTESIAN_POINT('',(927.19905491442,-1942.46510127301,54.8669295839051));
#1965=CARTESIAN_POINT('',(928.210630379619,-1941.78918815652,54.8669295839051));
#1966=CARTESIAN_POINT('',(928.751360872813,-1940.97992778436,54.8669295839051));
#1967=CARTESIAN_POINT('',(928.959554945618,-1940.2912358859,54.8669295839051));
#1968=CARTESIAN_POINT('',(929.005820295131,-1939.81999734332,54.8669295839051));
#1969=CARTESIAN_POINT('',(929.005820295131,-1939.58437807203,54.8669295839051));
#1970=CARTESIAN_POINT('',(923.005820295131,-1939.58437807203,61.8669295839051));
#1971=CARTESIAN_POINT('',(923.005820295131,-1939.34875880074,61.8669295839051));
#1972=CARTESIAN_POINT('',(923.052085644644,-1938.87752025816,61.8669295839051));
#1973=CARTESIAN_POINT('',(923.260279717451,-1938.1888283597,61.8669295839051));
#1974=CARTESIAN_POINT('',(923.801010210643,-1937.37956798754,61.8669295839051));
#1975=CARTESIAN_POINT('',(924.812585675844,-1936.70365487105,61.8669295839051));
#1976=CARTESIAN_POINT('',(926.005820295133,-1936.46630574809,61.8669295839051));
#1977=CARTESIAN_POINT('',(927.199054914417,-1936.70365487105,61.8669295839051));
#1978=CARTESIAN_POINT('',(928.210630379618,-1937.37956798754,61.8669295839051));
#1979=CARTESIAN_POINT('',(928.751360872814,-1938.1888283597,61.8669295839051));
#1980=CARTESIAN_POINT('',(928.959554945619,-1938.87752025816,61.8669295839051));
#1981=CARTESIAN_POINT('',(929.005820295131,-1939.34875880074,61.8669295839051));
#1982=CARTESIAN_POINT('',(929.005820295131,-1939.58437807203,61.8669295839051));
#1983=CARTESIAN_POINT('',(885.005820295131,-1939.58437807203,54.8669295839051));
#1984=CARTESIAN_POINT('',(885.005820295131,-1939.58437807203,57.2002629172384));
#1985=CARTESIAN_POINT('',(885.005820295131,-1939.58437807203,59.5335962505717));
#1986=CARTESIAN_POINT('',(885.005820295131,-1939.58437807203,61.8669295839051));
#1987=CARTESIAN_POINT('',(885.005820295131,-1939.58437807203,54.8669295839051));
#1988=CARTESIAN_POINT('',(885.005820295131,-1942.80450811299,54.8669295839051));
#1989=CARTESIAN_POINT('',(885.638113405135,-1949.2447681949,54.8669295839051));
#1990=CARTESIAN_POINT('',(888.483432400156,-1958.65689080718,54.8669295839051));
#1991=CARTESIAN_POINT('',(895.873415807118,-1969.71678256004,54.8669295839051));
#1992=CARTESIAN_POINT('',(909.698280498188,-1978.95426181874,54.8669295839051));
#1993=CARTESIAN_POINT('',(926.005820295131,-1982.19803316589,54.8669295839051));
#1994=CARTESIAN_POINT('',(942.313360092072,-1978.95426181874,54.8669295839051));
#1995=CARTESIAN_POINT('',(956.138224783144,-1969.71678256004,54.8669295839051));
#1996=CARTESIAN_POINT('',(963.528208190106,-1958.65689080718,54.8669295839051));
#1997=CARTESIAN_POINT('',(966.373527185126,-1949.2447681949,54.8669295839051));
#1998=CARTESIAN_POINT('',(967.005820295131,-1942.80450811299,54.8669295839051));
#1999=CARTESIAN_POINT('',(967.005820295131,-1939.58437807203,54.8669295839051));
#2000=CARTESIAN_POINT('',(885.005820295131,-1939.58437807203,61.8669295839051));
#2001=CARTESIAN_POINT('',(885.005820295131,-1936.36424803107,61.8669295839051));
#2002=CARTESIAN_POINT('',(885.638113405136,-1929.92398794916,61.8669295839051));
#2003=CARTESIAN_POINT('',(888.483432400158,-1920.51186533687,61.8669295839051));
#2004=CARTESIAN_POINT('',(895.873415807117,-1909.45197358401,61.8669295839051));
#2005=CARTESIAN_POINT('',(909.69828049819,-1900.21449432531,61.8669295839051));
#2006=CARTESIAN_POINT('',(926.005820295133,-1896.97072297817,61.8669295839051));
#2007=CARTESIAN_POINT('',(942.313360092069,-1900.21449432532,61.8669295839051));
#2008=CARTESIAN_POINT('',(953.37325184493,-1907.60447773227,61.8669295839051));
#2009=CARTESIAN_POINT('',(959.603847215007,-1915.21128873206,61.8669295839051));
#2010=CARTESIAN_POINT('',(962.652590711359,-1920.91934510819,61.8669295839051));
#2011=CARTESIAN_POINT('',(963.884881128094,-1923.89435734506,61.8669295839051));
#2012=CARTESIAN_POINT('',(887.005820295131,-1939.58437807203,61.8669295839051));
#2013=CARTESIAN_POINT('',(887.005820295131,-1939.58437807203,54.8669295839051));
#2014=CARTESIAN_POINT('',(887.005820295131,-1939.58437807203,61.8669295839051));
#2015=CARTESIAN_POINT('',(887.005820295131,-1936.52132754713,61.8669295839051));
#2016=CARTESIAN_POINT('',(887.607269840403,-1930.39522649733,61.8669295839051));
#2017=CARTESIAN_POINT('',(890.313792794125,-1921.44223181561,61.8669295839051));
#2018=CARTESIAN_POINT('',(897.343289151353,-1910.9218469312,61.8669295839051));
#2019=CARTESIAN_POINT('',(910.493770347023,-1902.13497656079,61.8669295839051));
#2020=CARTESIAN_POINT('',(926.005820058,-1899.04943762387,61.8669295839051));
#2021=CARTESIAN_POINT('',(941.517870895741,-1902.13497700958,61.8669295839051));
#2022=CARTESIAN_POINT('',(954.668350124616,-1910.92184570697,61.8669295839051));
#2023=CARTESIAN_POINT('',(961.697849761183,-1921.44223369787,61.8669295839051));
#2024=CARTESIAN_POINT('',(964.40437110714,-1930.39522776556,61.8669295839051));
#2025=CARTESIAN_POINT('',(965.005820295131,-1936.52132796987,61.8669295839051));
#2026=CARTESIAN_POINT('',(965.005820295131,-1939.58437807203,61.8669295839051));
#2027=CARTESIAN_POINT('',(887.005820295131,-1939.58437807203,54.8669295839051));
#2028=CARTESIAN_POINT('',(887.005820295131,-1936.52132754713,54.8669295839051));
#2029=CARTESIAN_POINT('',(887.607269840403,-1930.39522649733,54.8669295839051));
#2030=CARTESIAN_POINT('',(890.313792794125,-1921.44223181561,54.8669295839051));
#2031=CARTESIAN_POINT('',(897.343289151353,-1910.9218469312,54.8669295839051));
#2032=CARTESIAN_POINT('',(910.493770347023,-1902.13497656079,54.8669295839051));
#2033=CARTESIAN_POINT('',(926.005820058,-1899.04943762387,54.8669295839051));
#2034=CARTESIAN_POINT('',(941.517870895741,-1902.13497700958,54.8669295839051));
#2035=CARTESIAN_POINT('',(954.668350124616,-1910.92184570697,54.8669295839051));
#2036=CARTESIAN_POINT('',(961.697849761183,-1921.44223369787,54.8669295839051));
#2037=CARTESIAN_POINT('',(964.40437110714,-1930.39522776556,54.8669295839051));
#2038=CARTESIAN_POINT('',(965.005820295131,-1936.52132796987,54.8669295839051));
#2039=CARTESIAN_POINT('',(965.005820295131,-1939.58437807203,54.8669295839051));
#2040=CARTESIAN_POINT('',(862.004065680411,-1966.09477284912,61.8669295839051));
#2041=CARTESIAN_POINT('',(888.126759462168,-1955.274398799,61.8669295839051));
#2042=CARTESIAN_POINT('',(888.126759462168,-1955.274398799,61.8669295839051));
#2043=CARTESIAN_POINT('',(886.894469045432,-1952.29938656213,61.8669295839051));
#2044=CARTESIAN_POINT('',(885.954259960138,-1949.20339027647,61.8669295839051));
#2045=CARTESIAN_POINT('',(885.321966850133,-1946.02463815394,61.8669295839051));
#2046=CARTESIAN_POINT('',(885.005820295131,-1942.80450811299,61.8669295839051));
#2047=CARTESIAN_POINT('',(885.005820295131,-1939.58437807203,61.8669295839051));
#2048=CARTESIAN_POINT('',(862.004065680411,-1966.09477284912,61.8669295839051));
#2049=CARTESIAN_POINT('',(862.545199836366,-1967.40118626749,61.8669295839051));
#2050=CARTESIAN_POINT('',(863.119668563603,-1968.69379205434,61.8669295839051));
#2051=CARTESIAN_POINT('',(863.727002185902,-1969.97145631097,61.8669295839051));
#2052=CARTESIAN_POINT('',(864.366672408469,-1971.23306941928,61.8669295839051));
#2053=CARTESIAN_POINT('',(865.038095892508,-1972.47755139152,61.8669295839051));
#2054=CARTESIAN_POINT('',(0.,0.,0.));
ENDSEC;
END-ISO-10303-21;
