ISO-10303-21;
HEADER;
/* Generated by software containing ST-Developer
 * from STEP Tools, Inc. (www.steptools.com) 
 */
/* OPTION: using custom schema-name function */

FILE_DESCRIPTION(
/* description */ (''),
/* implementation_level */ '2;1');

FILE_NAME(
/* name */ '\X2\68AF578B76D2\X0\01',
/* time_stamp */ '2025-12-23T14:16:42+08:00',
/* author */ (''),
/* organization */ (''),
/* preprocessor_version */ 'ST-DEVELOPER v19.2',
/* originating_system */ 'Rhino 8.5',
/* authorisation */ '');

FILE_SCHEMA (('AUTOMOTIVE_DESIGN'));
ENDSEC;

DATA;
#10=SHAPE_REPRESENTATION_RELATIONSHIP('','',#878,#22);
#11=COLOUR_RGB('',0.,0.,0.);
#12=FILL_AREA_STYLE_COLOUR('',#11);
#13=FILL_AREA_STYLE('',(#12));
#14=SURFACE_STYLE_FILL_AREA(#13);
#15=SURFACE_SIDE_STYLE('',(#14));
#16=SURFACE_STYLE_USAGE(.BOTH.,#15);
#17=MECHANICAL_DESIGN_GEOMETRIC_PRESENTATION_REPRESENTATION('',(#19),#877);
#18=PRESENTATION_STYLE_ASSIGNMENT((#16));
#19=STYLED_ITEM('',(#18),#21);
#20=PRESENTATION_LAYER_ASSIGNMENT('\X2\5B9E4F53\X0\4','',(#21));
#21=MANIFOLD_SOLID_BREP('brep_1',#23);
#22=ADVANCED_BREP_SHAPE_REPRESENTATION('brep_rep_0',(#21,#937),#877);
#23=CLOSED_SHELL('',(#37,#38,#39,#40,#41,#42,#43,#44,#45,#46,#47,#48,#49,
#50,#51,#52,#53,#54,#55,#56,#57,#58,#59,#60,#61,#62,#63,#64,#65,#66,#67,
#68,#69,#70,#71,#72,#73,#74,#75,#76,#77,#78,#79,#80,#81,#82,#83,#84,#85));
#24=FACE_BOUND('',#141,.T.);
#25=FACE_BOUND('',#143,.T.);
#26=FACE_BOUND('',#144,.T.);
#27=FACE_BOUND('',#145,.T.);
#28=FACE_BOUND('',#146,.T.);
#29=FACE_BOUND('',#147,.T.);
#30=FACE_BOUND('',#153,.T.);
#31=FACE_BOUND('',#154,.T.);
#32=FACE_BOUND('',#155,.T.);
#33=FACE_BOUND('',#156,.T.);
#34=FACE_BOUND('',#157,.T.);
#35=FACE_BOUND('',#164,.T.);
#36=FACE_BOUND('',#171,.T.);
#37=ADVANCED_FACE('',(#86),#826,.T.);
#38=ADVANCED_FACE('',(#87),#827,.T.);
#39=ADVANCED_FACE('',(#88),#828,.T.);
#40=ADVANCED_FACE('',(#89),#829,.T.);
#41=ADVANCED_FACE('',(#90),#830,.T.);
#42=ADVANCED_FACE('',(#91,#24),#831,.T.);
#43=ADVANCED_FACE('',(#92,#25,#26,#27,#28,#29),#832,.T.);
#44=ADVANCED_FACE('',(#93),#833,.T.);
#45=ADVANCED_FACE('',(#94),#834,.T.);
#46=ADVANCED_FACE('',(#95),#835,.T.);
#47=ADVANCED_FACE('',(#96),#836,.T.);
#48=ADVANCED_FACE('',(#97,#30,#31,#32,#33,#34),#837,.T.);
#49=ADVANCED_FACE('',(#98),#838,.T.);
#50=ADVANCED_FACE('',(#99),#839,.T.);
#51=ADVANCED_FACE('',(#100),#840,.T.);
#52=ADVANCED_FACE('',(#101),#841,.T.);
#53=ADVANCED_FACE('',(#102),#842,.T.);
#54=ADVANCED_FACE('',(#103,#35),#843,.T.);
#55=ADVANCED_FACE('',(#104),#844,.T.);
#56=ADVANCED_FACE('',(#105),#845,.T.);
#57=ADVANCED_FACE('',(#106),#846,.T.);
#58=ADVANCED_FACE('',(#107),#847,.T.);
#59=ADVANCED_FACE('',(#108),#848,.T.);
#60=ADVANCED_FACE('',(#109,#36),#849,.T.);
#61=ADVANCED_FACE('',(#110),#850,.T.);
#62=ADVANCED_FACE('',(#111),#851,.T.);
#63=ADVANCED_FACE('',(#112),#852,.T.);
#64=ADVANCED_FACE('',(#113),#853,.T.);
#65=ADVANCED_FACE('',(#114),#854,.T.);
#66=ADVANCED_FACE('',(#115),#855,.T.);
#67=ADVANCED_FACE('',(#116),#813,.T.);
#68=ADVANCED_FACE('',(#117),#814,.T.);
#69=ADVANCED_FACE('',(#118),#856,.T.);
#70=ADVANCED_FACE('',(#119),#857,.T.);
#71=ADVANCED_FACE('',(#120),#858,.T.);
#72=ADVANCED_FACE('',(#121),#859,.T.);
#73=ADVANCED_FACE('',(#122),#815,.F.);
#74=ADVANCED_FACE('',(#123),#816,.F.);
#75=ADVANCED_FACE('',(#124),#817,.F.);
#76=ADVANCED_FACE('',(#125),#818,.F.);
#77=ADVANCED_FACE('',(#126),#819,.T.);
#78=ADVANCED_FACE('',(#127),#820,.T.);
#79=ADVANCED_FACE('',(#128),#821,.T.);
#80=ADVANCED_FACE('',(#129),#811,.T.);
#81=ADVANCED_FACE('',(#130),#812,.T.);
#82=ADVANCED_FACE('',(#131),#822,.F.);
#83=ADVANCED_FACE('',(#132),#823,.F.);
#84=ADVANCED_FACE('',(#133),#824,.F.);
#85=ADVANCED_FACE('',(#134),#825,.F.);
#86=FACE_OUTER_BOUND('',#135,.T.);
#87=FACE_OUTER_BOUND('',#136,.T.);
#88=FACE_OUTER_BOUND('',#137,.T.);
#89=FACE_OUTER_BOUND('',#138,.T.);
#90=FACE_OUTER_BOUND('',#139,.T.);
#91=FACE_OUTER_BOUND('',#140,.T.);
#92=FACE_OUTER_BOUND('',#142,.T.);
#93=FACE_OUTER_BOUND('',#148,.T.);
#94=FACE_OUTER_BOUND('',#149,.T.);
#95=FACE_OUTER_BOUND('',#150,.T.);
#96=FACE_OUTER_BOUND('',#151,.T.);
#97=FACE_OUTER_BOUND('',#152,.T.);
#98=FACE_OUTER_BOUND('',#158,.T.);
#99=FACE_OUTER_BOUND('',#159,.T.);
#100=FACE_OUTER_BOUND('',#160,.T.);
#101=FACE_OUTER_BOUND('',#161,.T.);
#102=FACE_OUTER_BOUND('',#162,.T.);
#103=FACE_OUTER_BOUND('',#163,.T.);
#104=FACE_OUTER_BOUND('',#165,.T.);
#105=FACE_OUTER_BOUND('',#166,.T.);
#106=FACE_OUTER_BOUND('',#167,.T.);
#107=FACE_OUTER_BOUND('',#168,.T.);
#108=FACE_OUTER_BOUND('',#169,.T.);
#109=FACE_OUTER_BOUND('',#170,.T.);
#110=FACE_OUTER_BOUND('',#172,.T.);
#111=FACE_OUTER_BOUND('',#173,.T.);
#112=FACE_OUTER_BOUND('',#174,.T.);
#113=FACE_OUTER_BOUND('',#175,.T.);
#114=FACE_OUTER_BOUND('',#176,.T.);
#115=FACE_OUTER_BOUND('',#177,.T.);
#116=FACE_OUTER_BOUND('',#178,.T.);
#117=FACE_OUTER_BOUND('',#179,.T.);
#118=FACE_OUTER_BOUND('',#180,.T.);
#119=FACE_OUTER_BOUND('',#181,.T.);
#120=FACE_OUTER_BOUND('',#182,.T.);
#121=FACE_OUTER_BOUND('',#183,.T.);
#122=FACE_OUTER_BOUND('',#184,.T.);
#123=FACE_OUTER_BOUND('',#185,.T.);
#124=FACE_OUTER_BOUND('',#186,.T.);
#125=FACE_OUTER_BOUND('',#187,.T.);
#126=FACE_OUTER_BOUND('',#188,.T.);
#127=FACE_OUTER_BOUND('',#189,.T.);
#128=FACE_OUTER_BOUND('',#190,.T.);
#129=FACE_OUTER_BOUND('',#191,.T.);
#130=FACE_OUTER_BOUND('',#192,.T.);
#131=FACE_OUTER_BOUND('',#193,.T.);
#132=FACE_OUTER_BOUND('',#194,.T.);
#133=FACE_OUTER_BOUND('',#195,.T.);
#134=FACE_OUTER_BOUND('',#196,.T.);
#135=EDGE_LOOP('',(#197,#198,#199,#200));
#136=EDGE_LOOP('',(#201,#202,#203,#204));
#137=EDGE_LOOP('',(#205,#206,#207,#208));
#138=EDGE_LOOP('',(#209,#210,#211,#212));
#139=EDGE_LOOP('',(#213,#214,#215,#216));
#140=EDGE_LOOP('',(#217,#218,#219,#220));
#141=EDGE_LOOP('',(#221,#222,#223,#224));
#142=EDGE_LOOP('',(#225,#226,#227,#228,#229,#230));
#143=EDGE_LOOP('',(#231,#232,#233,#234));
#144=EDGE_LOOP('',(#235,#236));
#145=EDGE_LOOP('',(#237,#238));
#146=EDGE_LOOP('',(#239,#240));
#147=EDGE_LOOP('',(#241,#242));
#148=EDGE_LOOP('',(#243,#244,#245,#246,#247,#248));
#149=EDGE_LOOP('',(#249,#250,#251,#252));
#150=EDGE_LOOP('',(#253,#254,#255,#256,#257,#258));
#151=EDGE_LOOP('',(#259,#260,#261,#262));
#152=EDGE_LOOP('',(#263,#264,#265,#266));
#153=EDGE_LOOP('',(#267,#268,#269,#270));
#154=EDGE_LOOP('',(#271,#272));
#155=EDGE_LOOP('',(#273,#274));
#156=EDGE_LOOP('',(#275,#276));
#157=EDGE_LOOP('',(#277,#278));
#158=EDGE_LOOP('',(#279,#280,#281,#282));
#159=EDGE_LOOP('',(#283,#284,#285,#286));
#160=EDGE_LOOP('',(#287,#288,#289,#290));
#161=EDGE_LOOP('',(#291,#292,#293,#294));
#162=EDGE_LOOP('',(#295,#296,#297,#298));
#163=EDGE_LOOP('',(#299,#300,#301,#302));
#164=EDGE_LOOP('',(#303,#304,#305,#306));
#165=EDGE_LOOP('',(#307,#308,#309,#310));
#166=EDGE_LOOP('',(#311,#312,#313,#314));
#167=EDGE_LOOP('',(#315,#316,#317,#318));
#168=EDGE_LOOP('',(#319,#320,#321,#322));
#169=EDGE_LOOP('',(#323,#324,#325,#326,#327,#328,#329,#330,#331,#332));
#170=EDGE_LOOP('',(#333,#334,#335,#336,#337,#338,#339,#340,#341,#342));
#171=EDGE_LOOP('',(#343,#344,#345,#346));
#172=EDGE_LOOP('',(#347,#348,#349,#350));
#173=EDGE_LOOP('',(#351,#352,#353,#354));
#174=EDGE_LOOP('',(#355,#356,#357,#358));
#175=EDGE_LOOP('',(#359,#360,#361,#362));
#176=EDGE_LOOP('',(#363,#364,#365,#366,#367,#368,#369,#370,#371));
#177=EDGE_LOOP('',(#372,#373,#374,#375,#376,#377,#378,#379,#380));
#178=EDGE_LOOP('',(#381,#382,#383,#384));
#179=EDGE_LOOP('',(#385,#386,#387,#388));
#180=EDGE_LOOP('',(#389,#390,#391,#392));
#181=EDGE_LOOP('',(#393,#394,#395,#396));
#182=EDGE_LOOP('',(#397,#398,#399,#400));
#183=EDGE_LOOP('',(#401,#402,#403,#404));
#184=EDGE_LOOP('',(#405,#406,#407,#408));
#185=EDGE_LOOP('',(#409,#410,#411,#412));
#186=EDGE_LOOP('',(#413,#414,#415,#416));
#187=EDGE_LOOP('',(#417,#418,#419,#420));
#188=EDGE_LOOP('',(#421,#422,#423,#424));
#189=EDGE_LOOP('',(#425,#426,#427,#428));
#190=EDGE_LOOP('',(#429,#430,#431,#432));
#191=EDGE_LOOP('',(#433,#434,#435,#436));
#192=EDGE_LOOP('',(#437,#438,#439,#440));
#193=EDGE_LOOP('',(#441,#442,#443,#444));
#194=EDGE_LOOP('',(#445,#446,#447,#448));
#195=EDGE_LOOP('',(#449,#450,#451,#452));
#196=EDGE_LOOP('',(#453,#454,#455,#456));
#197=ORIENTED_EDGE('',*,*,#472,.T.);
#198=ORIENTED_EDGE('',*,*,#459,.T.);
#199=ORIENTED_EDGE('',*,*,#457,.F.);
#200=ORIENTED_EDGE('',*,*,#458,.T.);
#201=ORIENTED_EDGE('',*,*,#464,.T.);
#202=ORIENTED_EDGE('',*,*,#468,.T.);
#203=ORIENTED_EDGE('',*,*,#463,.T.);
#204=ORIENTED_EDGE('',*,*,#469,.F.);
#205=ORIENTED_EDGE('',*,*,#465,.T.);
#206=ORIENTED_EDGE('',*,*,#469,.T.);
#207=ORIENTED_EDGE('',*,*,#462,.T.);
#208=ORIENTED_EDGE('',*,*,#470,.F.);
#209=ORIENTED_EDGE('',*,*,#466,.T.);
#210=ORIENTED_EDGE('',*,*,#470,.T.);
#211=ORIENTED_EDGE('',*,*,#461,.T.);
#212=ORIENTED_EDGE('',*,*,#471,.F.);
#213=ORIENTED_EDGE('',*,*,#467,.T.);
#214=ORIENTED_EDGE('',*,*,#471,.T.);
#215=ORIENTED_EDGE('',*,*,#460,.T.);
#216=ORIENTED_EDGE('',*,*,#472,.F.);
#217=ORIENTED_EDGE('',*,*,#477,.T.);
#218=ORIENTED_EDGE('',*,*,#482,.F.);
#219=ORIENTED_EDGE('',*,*,#479,.T.);
#220=ORIENTED_EDGE('',*,*,#568,.F.);
#221=ORIENTED_EDGE('',*,*,#521,.T.);
#222=ORIENTED_EDGE('',*,*,#522,.T.);
#223=ORIENTED_EDGE('',*,*,#523,.T.);
#224=ORIENTED_EDGE('',*,*,#524,.T.);
#225=ORIENTED_EDGE('',*,*,#476,.T.);
#226=ORIENTED_EDGE('',*,*,#468,.F.);
#227=ORIENTED_EDGE('',*,*,#480,.T.);
#228=ORIENTED_EDGE('',*,*,#536,.T.);
#229=ORIENTED_EDGE('',*,*,#482,.T.);
#230=ORIENTED_EDGE('',*,*,#538,.T.);
#231=ORIENTED_EDGE('',*,*,#540,.T.);
#232=ORIENTED_EDGE('',*,*,#543,.T.);
#233=ORIENTED_EDGE('',*,*,#542,.T.);
#234=ORIENTED_EDGE('',*,*,#541,.T.);
#235=ORIENTED_EDGE('',*,*,#552,.T.);
#236=ORIENTED_EDGE('',*,*,#576,.T.);
#237=ORIENTED_EDGE('',*,*,#555,.T.);
#238=ORIENTED_EDGE('',*,*,#579,.T.);
#239=ORIENTED_EDGE('',*,*,#558,.T.);
#240=ORIENTED_EDGE('',*,*,#582,.T.);
#241=ORIENTED_EDGE('',*,*,#561,.T.);
#242=ORIENTED_EDGE('',*,*,#585,.T.);
#243=ORIENTED_EDGE('',*,*,#483,.F.);
#244=ORIENTED_EDGE('',*,*,#485,.T.);
#245=ORIENTED_EDGE('',*,*,#508,.F.);
#246=ORIENTED_EDGE('',*,*,#484,.F.);
#247=ORIENTED_EDGE('',*,*,#502,.F.);
#248=ORIENTED_EDGE('',*,*,#503,.F.);
#249=ORIENTED_EDGE('',*,*,#487,.F.);
#250=ORIENTED_EDGE('',*,*,#486,.F.);
#251=ORIENTED_EDGE('',*,*,#484,.T.);
#252=ORIENTED_EDGE('',*,*,#491,.F.);
#253=ORIENTED_EDGE('',*,*,#489,.F.);
#254=ORIENTED_EDGE('',*,*,#504,.F.);
#255=ORIENTED_EDGE('',*,*,#505,.F.);
#256=ORIENTED_EDGE('',*,*,#488,.F.);
#257=ORIENTED_EDGE('',*,*,#487,.T.);
#258=ORIENTED_EDGE('',*,*,#492,.F.);
#259=ORIENTED_EDGE('',*,*,#485,.F.);
#260=ORIENTED_EDGE('',*,*,#490,.F.);
#261=ORIENTED_EDGE('',*,*,#489,.T.);
#262=ORIENTED_EDGE('',*,*,#493,.F.);
#263=ORIENTED_EDGE('',*,*,#496,.F.);
#264=ORIENTED_EDGE('',*,*,#494,.T.);
#265=ORIENTED_EDGE('',*,*,#497,.F.);
#266=ORIENTED_EDGE('',*,*,#499,.F.);
#267=ORIENTED_EDGE('',*,*,#544,.F.);
#268=ORIENTED_EDGE('',*,*,#545,.F.);
#269=ORIENTED_EDGE('',*,*,#546,.F.);
#270=ORIENTED_EDGE('',*,*,#547,.F.);
#271=ORIENTED_EDGE('',*,*,#577,.F.);
#272=ORIENTED_EDGE('',*,*,#553,.F.);
#273=ORIENTED_EDGE('',*,*,#580,.F.);
#274=ORIENTED_EDGE('',*,*,#556,.F.);
#275=ORIENTED_EDGE('',*,*,#583,.F.);
#276=ORIENTED_EDGE('',*,*,#559,.F.);
#277=ORIENTED_EDGE('',*,*,#586,.F.);
#278=ORIENTED_EDGE('',*,*,#562,.F.);
#279=ORIENTED_EDGE('',*,*,#500,.T.);
#280=ORIENTED_EDGE('',*,*,#506,.T.);
#281=ORIENTED_EDGE('',*,*,#497,.T.);
#282=ORIENTED_EDGE('',*,*,#495,.T.);
#283=ORIENTED_EDGE('',*,*,#501,.T.);
#284=ORIENTED_EDGE('',*,*,#507,.T.);
#285=ORIENTED_EDGE('',*,*,#496,.T.);
#286=ORIENTED_EDGE('',*,*,#498,.T.);
#287=ORIENTED_EDGE('',*,*,#504,.T.);
#288=ORIENTED_EDGE('',*,*,#490,.T.);
#289=ORIENTED_EDGE('',*,*,#483,.T.);
#290=ORIENTED_EDGE('',*,*,#500,.F.);
#291=ORIENTED_EDGE('',*,*,#502,.T.);
#292=ORIENTED_EDGE('',*,*,#486,.T.);
#293=ORIENTED_EDGE('',*,*,#488,.T.);
#294=ORIENTED_EDGE('',*,*,#501,.F.);
#295=ORIENTED_EDGE('',*,*,#505,.T.);
#296=ORIENTED_EDGE('',*,*,#495,.F.);
#297=ORIENTED_EDGE('',*,*,#494,.F.);
#298=ORIENTED_EDGE('',*,*,#507,.F.);
#299=ORIENTED_EDGE('',*,*,#503,.T.);
#300=ORIENTED_EDGE('',*,*,#498,.F.);
#301=ORIENTED_EDGE('',*,*,#499,.T.);
#302=ORIENTED_EDGE('',*,*,#506,.F.);
#303=ORIENTED_EDGE('',*,*,#527,.F.);
#304=ORIENTED_EDGE('',*,*,#526,.F.);
#305=ORIENTED_EDGE('',*,*,#525,.F.);
#306=ORIENTED_EDGE('',*,*,#528,.F.);
#307=ORIENTED_EDGE('',*,*,#515,.T.);
#308=ORIENTED_EDGE('',*,*,#519,.T.);
#309=ORIENTED_EDGE('',*,*,#509,.T.);
#310=ORIENTED_EDGE('',*,*,#510,.T.);
#311=ORIENTED_EDGE('',*,*,#512,.T.);
#312=ORIENTED_EDGE('',*,*,#520,.T.);
#313=ORIENTED_EDGE('',*,*,#509,.F.);
#314=ORIENTED_EDGE('',*,*,#511,.T.);
#315=ORIENTED_EDGE('',*,*,#516,.T.);
#316=ORIENTED_EDGE('',*,*,#510,.F.);
#317=ORIENTED_EDGE('',*,*,#520,.F.);
#318=ORIENTED_EDGE('',*,*,#513,.T.);
#319=ORIENTED_EDGE('',*,*,#514,.T.);
#320=ORIENTED_EDGE('',*,*,#511,.F.);
#321=ORIENTED_EDGE('',*,*,#519,.F.);
#322=ORIENTED_EDGE('',*,*,#517,.T.);
#323=ORIENTED_EDGE('',*,*,#518,.F.);
#324=ORIENTED_EDGE('',*,*,#513,.F.);
#325=ORIENTED_EDGE('',*,*,#512,.F.);
#326=ORIENTED_EDGE('',*,*,#514,.F.);
#327=ORIENTED_EDGE('',*,*,#473,.F.);
#328=ORIENTED_EDGE('',*,*,#539,.T.);
#329=ORIENTED_EDGE('',*,*,#475,.T.);
#330=ORIENTED_EDGE('',*,*,#457,.T.);
#331=ORIENTED_EDGE('',*,*,#533,.T.);
#332=ORIENTED_EDGE('',*,*,#478,.T.);
#333=ORIENTED_EDGE('',*,*,#569,.T.);
#334=ORIENTED_EDGE('',*,*,#571,.F.);
#335=ORIENTED_EDGE('',*,*,#564,.T.);
#336=ORIENTED_EDGE('',*,*,#473,.T.);
#337=ORIENTED_EDGE('',*,*,#517,.F.);
#338=ORIENTED_EDGE('',*,*,#515,.F.);
#339=ORIENTED_EDGE('',*,*,#516,.F.);
#340=ORIENTED_EDGE('',*,*,#518,.T.);
#341=ORIENTED_EDGE('',*,*,#474,.T.);
#342=ORIENTED_EDGE('',*,*,#573,.F.);
#343=ORIENTED_EDGE('',*,*,#508,.T.);
#344=ORIENTED_EDGE('',*,*,#493,.T.);
#345=ORIENTED_EDGE('',*,*,#492,.T.);
#346=ORIENTED_EDGE('',*,*,#491,.T.);
#347=ORIENTED_EDGE('',*,*,#530,.T.);
#348=ORIENTED_EDGE('',*,*,#525,.T.);
#349=ORIENTED_EDGE('',*,*,#529,.F.);
#350=ORIENTED_EDGE('',*,*,#521,.F.);
#351=ORIENTED_EDGE('',*,*,#529,.T.);
#352=ORIENTED_EDGE('',*,*,#526,.T.);
#353=ORIENTED_EDGE('',*,*,#531,.F.);
#354=ORIENTED_EDGE('',*,*,#522,.F.);
#355=ORIENTED_EDGE('',*,*,#527,.T.);
#356=ORIENTED_EDGE('',*,*,#532,.F.);
#357=ORIENTED_EDGE('',*,*,#523,.F.);
#358=ORIENTED_EDGE('',*,*,#531,.T.);
#359=ORIENTED_EDGE('',*,*,#532,.T.);
#360=ORIENTED_EDGE('',*,*,#528,.T.);
#361=ORIENTED_EDGE('',*,*,#530,.F.);
#362=ORIENTED_EDGE('',*,*,#524,.F.);
#363=ORIENTED_EDGE('',*,*,#534,.F.);
#364=ORIENTED_EDGE('',*,*,#480,.F.);
#365=ORIENTED_EDGE('',*,*,#464,.F.);
#366=ORIENTED_EDGE('',*,*,#465,.F.);
#367=ORIENTED_EDGE('',*,*,#466,.F.);
#368=ORIENTED_EDGE('',*,*,#467,.F.);
#369=ORIENTED_EDGE('',*,*,#458,.F.);
#370=ORIENTED_EDGE('',*,*,#475,.F.);
#371=ORIENTED_EDGE('',*,*,#535,.F.);
#372=ORIENTED_EDGE('',*,*,#533,.F.);
#373=ORIENTED_EDGE('',*,*,#459,.F.);
#374=ORIENTED_EDGE('',*,*,#460,.F.);
#375=ORIENTED_EDGE('',*,*,#461,.F.);
#376=ORIENTED_EDGE('',*,*,#462,.F.);
#377=ORIENTED_EDGE('',*,*,#463,.F.);
#378=ORIENTED_EDGE('',*,*,#476,.F.);
#379=ORIENTED_EDGE('',*,*,#537,.F.);
#380=ORIENTED_EDGE('',*,*,#481,.F.);
#381=ORIENTED_EDGE('',*,*,#565,.T.);
#382=ORIENTED_EDGE('',*,*,#479,.F.);
#383=ORIENTED_EDGE('',*,*,#536,.F.);
#384=ORIENTED_EDGE('',*,*,#534,.T.);
#385=ORIENTED_EDGE('',*,*,#566,.T.);
#386=ORIENTED_EDGE('',*,*,#537,.T.);
#387=ORIENTED_EDGE('',*,*,#538,.F.);
#388=ORIENTED_EDGE('',*,*,#477,.F.);
#389=ORIENTED_EDGE('',*,*,#548,.F.);
#390=ORIENTED_EDGE('',*,*,#544,.T.);
#391=ORIENTED_EDGE('',*,*,#549,.T.);
#392=ORIENTED_EDGE('',*,*,#540,.F.);
#393=ORIENTED_EDGE('',*,*,#550,.F.);
#394=ORIENTED_EDGE('',*,*,#545,.T.);
#395=ORIENTED_EDGE('',*,*,#548,.T.);
#396=ORIENTED_EDGE('',*,*,#541,.F.);
#397=ORIENTED_EDGE('',*,*,#546,.T.);
#398=ORIENTED_EDGE('',*,*,#550,.T.);
#399=ORIENTED_EDGE('',*,*,#542,.F.);
#400=ORIENTED_EDGE('',*,*,#551,.F.);
#401=ORIENTED_EDGE('',*,*,#549,.F.);
#402=ORIENTED_EDGE('',*,*,#547,.T.);
#403=ORIENTED_EDGE('',*,*,#551,.T.);
#404=ORIENTED_EDGE('',*,*,#543,.F.);
#405=ORIENTED_EDGE('',*,*,#577,.T.);
#406=ORIENTED_EDGE('',*,*,#554,.T.);
#407=ORIENTED_EDGE('',*,*,#576,.F.);
#408=ORIENTED_EDGE('',*,*,#575,.F.);
#409=ORIENTED_EDGE('',*,*,#580,.T.);
#410=ORIENTED_EDGE('',*,*,#557,.T.);
#411=ORIENTED_EDGE('',*,*,#579,.F.);
#412=ORIENTED_EDGE('',*,*,#578,.F.);
#413=ORIENTED_EDGE('',*,*,#583,.T.);
#414=ORIENTED_EDGE('',*,*,#560,.T.);
#415=ORIENTED_EDGE('',*,*,#582,.F.);
#416=ORIENTED_EDGE('',*,*,#581,.F.);
#417=ORIENTED_EDGE('',*,*,#586,.T.);
#418=ORIENTED_EDGE('',*,*,#563,.T.);
#419=ORIENTED_EDGE('',*,*,#585,.F.);
#420=ORIENTED_EDGE('',*,*,#584,.F.);
#421=ORIENTED_EDGE('',*,*,#478,.F.);
#422=ORIENTED_EDGE('',*,*,#481,.T.);
#423=ORIENTED_EDGE('',*,*,#567,.F.);
#424=ORIENTED_EDGE('',*,*,#474,.F.);
#425=ORIENTED_EDGE('',*,*,#572,.T.);
#426=ORIENTED_EDGE('',*,*,#535,.T.);
#427=ORIENTED_EDGE('',*,*,#539,.F.);
#428=ORIENTED_EDGE('',*,*,#564,.F.);
#429=ORIENTED_EDGE('',*,*,#568,.T.);
#430=ORIENTED_EDGE('',*,*,#570,.T.);
#431=ORIENTED_EDGE('',*,*,#569,.F.);
#432=ORIENTED_EDGE('',*,*,#574,.T.);
#433=ORIENTED_EDGE('',*,*,#572,.F.);
#434=ORIENTED_EDGE('',*,*,#571,.T.);
#435=ORIENTED_EDGE('',*,*,#570,.F.);
#436=ORIENTED_EDGE('',*,*,#565,.F.);
#437=ORIENTED_EDGE('',*,*,#574,.F.);
#438=ORIENTED_EDGE('',*,*,#573,.T.);
#439=ORIENTED_EDGE('',*,*,#567,.T.);
#440=ORIENTED_EDGE('',*,*,#566,.F.);
#441=ORIENTED_EDGE('',*,*,#575,.T.);
#442=ORIENTED_EDGE('',*,*,#552,.F.);
#443=ORIENTED_EDGE('',*,*,#554,.F.);
#444=ORIENTED_EDGE('',*,*,#553,.T.);
#445=ORIENTED_EDGE('',*,*,#578,.T.);
#446=ORIENTED_EDGE('',*,*,#555,.F.);
#447=ORIENTED_EDGE('',*,*,#557,.F.);
#448=ORIENTED_EDGE('',*,*,#556,.T.);
#449=ORIENTED_EDGE('',*,*,#581,.T.);
#450=ORIENTED_EDGE('',*,*,#558,.F.);
#451=ORIENTED_EDGE('',*,*,#560,.F.);
#452=ORIENTED_EDGE('',*,*,#559,.T.);
#453=ORIENTED_EDGE('',*,*,#584,.T.);
#454=ORIENTED_EDGE('',*,*,#561,.F.);
#455=ORIENTED_EDGE('',*,*,#563,.F.);
#456=ORIENTED_EDGE('',*,*,#562,.T.);
#457=EDGE_CURVE('',#727,#728,#609,.T.);
#458=EDGE_CURVE('',#727,#738,#610,.T.);
#459=EDGE_CURVE('',#729,#728,#611,.T.);
#460=EDGE_CURVE('',#730,#729,#612,.T.);
#461=EDGE_CURVE('',#731,#730,#613,.T.);
#462=EDGE_CURVE('',#732,#731,#614,.T.);
#463=EDGE_CURVE('',#733,#732,#615,.T.);
#464=EDGE_CURVE('',#735,#734,#616,.T.);
#465=EDGE_CURVE('',#736,#735,#617,.T.);
#466=EDGE_CURVE('',#737,#736,#618,.T.);
#467=EDGE_CURVE('',#738,#737,#619,.T.);
#468=EDGE_CURVE('',#734,#733,#620,.T.);
#469=EDGE_CURVE('',#735,#732,#621,.T.);
#470=EDGE_CURVE('',#736,#731,#622,.T.);
#471=EDGE_CURVE('',#737,#730,#623,.T.);
#472=EDGE_CURVE('',#738,#729,#624,.T.);
#473=EDGE_CURVE('',#791,#760,#625,.T.);
#474=EDGE_CURVE('',#793,#799,#626,.T.);
#475=EDGE_CURVE('',#792,#727,#627,.T.);
#476=EDGE_CURVE('',#773,#733,#628,.T.);
#477=EDGE_CURVE('',#795,#774,#629,.T.);
#478=EDGE_CURVE('',#794,#793,#630,.T.);
#479=EDGE_CURVE('',#772,#796,#631,.T.);
#480=EDGE_CURVE('',#734,#771,#632,.T.);
#481=EDGE_CURVE('',#794,#802,#633,.T.);
#482=EDGE_CURVE('',#772,#774,#634,.T.);
#483=EDGE_CURVE('',#739,#751,#635,.T.);
#484=EDGE_CURVE('',#740,#743,#636,.T.);
#485=EDGE_CURVE('',#739,#744,#637,.T.);
#486=EDGE_CURVE('',#740,#741,#638,.T.);
#487=EDGE_CURVE('',#741,#745,#639,.T.);
#488=EDGE_CURVE('',#741,#753,#640,.T.);
#489=EDGE_CURVE('',#742,#746,#641,.T.);
#490=EDGE_CURVE('',#742,#739,#642,.T.);
#491=EDGE_CURVE('',#745,#743,#643,.T.);
#492=EDGE_CURVE('',#746,#745,#644,.T.);
#493=EDGE_CURVE('',#744,#746,#645,.T.);
#494=EDGE_CURVE('',#747,#748,#646,.T.);
#495=EDGE_CURVE('',#748,#754,#647,.T.);
#496=EDGE_CURVE('',#747,#750,#648,.T.);
#497=EDGE_CURVE('',#749,#748,#649,.T.);
#498=EDGE_CURVE('',#750,#752,#650,.T.);
#499=EDGE_CURVE('',#750,#749,#651,.T.);
#500=EDGE_CURVE('',#754,#751,#652,.T.);
#501=EDGE_CURVE('',#752,#753,#653,.T.);
#502=EDGE_CURVE('',#752,#740,#654,.T.);
#503=EDGE_CURVE('',#751,#752,#655,.T.);
#504=EDGE_CURVE('',#754,#742,#656,.T.);
#505=EDGE_CURVE('',#753,#754,#657,.T.);
#506=EDGE_CURVE('',#751,#749,#658,.T.);
#507=EDGE_CURVE('',#753,#747,#659,.T.);
#508=EDGE_CURVE('',#743,#744,#660,.T.);
#509=EDGE_CURVE('',#755,#756,#661,.T.);
#510=EDGE_CURVE('',#756,#761,#662,.T.);
#511=EDGE_CURVE('',#755,#757,#663,.T.);
#512=EDGE_CURVE('',#757,#758,#664,.T.);
#513=EDGE_CURVE('',#758,#759,#665,.T.);
#514=EDGE_CURVE('',#760,#757,#666,.T.);
#515=EDGE_CURVE('',#761,#762,#667,.T.);
#516=EDGE_CURVE('',#759,#761,#668,.T.);
#517=EDGE_CURVE('',#762,#760,#669,.T.);
#518=EDGE_CURVE('',#759,#793,#670,.T.);
#519=EDGE_CURVE('',#762,#755,#671,.T.);
#520=EDGE_CURVE('',#758,#756,#672,.T.);
#521=EDGE_CURVE('',#763,#764,#673,.T.);
#522=EDGE_CURVE('',#764,#765,#674,.T.);
#523=EDGE_CURVE('',#765,#766,#675,.T.);
#524=EDGE_CURVE('',#766,#763,#676,.T.);
#525=EDGE_CURVE('',#767,#768,#677,.T.);
#526=EDGE_CURVE('',#768,#769,#678,.T.);
#527=EDGE_CURVE('',#769,#770,#679,.T.);
#528=EDGE_CURVE('',#770,#767,#680,.T.);
#529=EDGE_CURVE('',#764,#768,#681,.T.);
#530=EDGE_CURVE('',#763,#767,#682,.T.);
#531=EDGE_CURVE('',#765,#769,#683,.T.);
#532=EDGE_CURVE('',#766,#770,#684,.T.);
#533=EDGE_CURVE('',#728,#794,#685,.T.);
#534=EDGE_CURVE('',#771,#801,#686,.T.);
#535=EDGE_CURVE('',#801,#792,#687,.T.);
#536=EDGE_CURVE('',#771,#772,#589,.T.);
#537=EDGE_CURVE('',#802,#773,#688,.T.);
#538=EDGE_CURVE('',#774,#773,#590,.T.);
#539=EDGE_CURVE('',#791,#792,#689,.T.);
#540=EDGE_CURVE('',#775,#776,#690,.T.);
#541=EDGE_CURVE('',#777,#775,#691,.T.);
#542=EDGE_CURVE('',#778,#777,#692,.T.);
#543=EDGE_CURVE('',#776,#778,#693,.T.);
#544=EDGE_CURVE('',#779,#780,#694,.T.);
#545=EDGE_CURVE('',#781,#779,#695,.T.);
#546=EDGE_CURVE('',#782,#781,#696,.T.);
#547=EDGE_CURVE('',#780,#782,#697,.T.);
#548=EDGE_CURVE('',#779,#775,#698,.T.);
#549=EDGE_CURVE('',#780,#776,#699,.T.);
#550=EDGE_CURVE('',#781,#777,#700,.T.);
#551=EDGE_CURVE('',#782,#778,#701,.T.);
#552=EDGE_CURVE('',#783,#804,#702,.T.);
#553=EDGE_CURVE('',#784,#803,#703,.T.);
#554=EDGE_CURVE('',#784,#783,#704,.T.);
#555=EDGE_CURVE('',#785,#806,#705,.T.);
#556=EDGE_CURVE('',#786,#805,#706,.T.);
#557=EDGE_CURVE('',#786,#785,#707,.T.);
#558=EDGE_CURVE('',#787,#808,#708,.T.);
#559=EDGE_CURVE('',#788,#807,#709,.T.);
#560=EDGE_CURVE('',#788,#787,#710,.T.);
#561=EDGE_CURVE('',#789,#810,#711,.T.);
#562=EDGE_CURVE('',#790,#809,#712,.T.);
#563=EDGE_CURVE('',#790,#789,#713,.T.);
#564=EDGE_CURVE('',#800,#791,#714,.T.);
#565=EDGE_CURVE('',#801,#796,#591,.T.);
#566=EDGE_CURVE('',#795,#802,#592,.T.);
#567=EDGE_CURVE('',#799,#802,#593,.T.);
#568=EDGE_CURVE('',#795,#796,#587,.T.);
#569=EDGE_CURVE('',#797,#798,#588,.T.);
#570=EDGE_CURVE('',#796,#798,#594,.T.);
#571=EDGE_CURVE('',#800,#798,#595,.T.);
#572=EDGE_CURVE('',#800,#801,#596,.T.);
#573=EDGE_CURVE('',#797,#799,#597,.T.);
#574=EDGE_CURVE('',#797,#795,#598,.T.);
#575=EDGE_CURVE('',#803,#804,#715,.T.);
#576=EDGE_CURVE('',#804,#783,#716,.T.);
#577=EDGE_CURVE('',#803,#784,#717,.T.);
#578=EDGE_CURVE('',#805,#806,#718,.T.);
#579=EDGE_CURVE('',#806,#785,#719,.T.);
#580=EDGE_CURVE('',#805,#786,#720,.T.);
#581=EDGE_CURVE('',#807,#808,#721,.T.);
#582=EDGE_CURVE('',#808,#787,#722,.T.);
#583=EDGE_CURVE('',#807,#788,#723,.T.);
#584=EDGE_CURVE('',#809,#810,#724,.T.);
#585=EDGE_CURVE('',#810,#789,#725,.T.);
#586=EDGE_CURVE('',#809,#790,#726,.T.);
#587=(
BOUNDED_CURVE()
B_SPLINE_CURVE(1,(#1532,#1533),.UNSPECIFIED.,.F.,.F.)
B_SPLINE_CURVE_WITH_KNOTS((2,2),(3.5527136788005E-13,242.42),
 .UNSPECIFIED.)
CURVE()
GEOMETRIC_REPRESENTATION_ITEM()
RATIONAL_B_SPLINE_CURVE((1.,1.))
REPRESENTATION_ITEM('')
);
#588=(
BOUNDED_CURVE()
B_SPLINE_CURVE(1,(#1534,#1535),.UNSPECIFIED.,.F.,.F.)
B_SPLINE_CURVE_WITH_KNOTS((2,2),(6.25277607468888E-13,242.420000000001),
 .UNSPECIFIED.)
CURVE()
GEOMETRIC_REPRESENTATION_ITEM()
RATIONAL_B_SPLINE_CURVE((1.,1.))
REPRESENTATION_ITEM('')
);
#589=TRIMMED_CURVE($,#599,(#1366),(#1367),.T.,.CARTESIAN.);
#590=TRIMMED_CURVE($,#600,(#1371),(#1372),.T.,.CARTESIAN.);
#591=TRIMMED_CURVE($,#601,(#1524),(#1525),.T.,.CARTESIAN.);
#592=TRIMMED_CURVE($,#602,(#1527),(#1528),.T.,.CARTESIAN.);
#593=TRIMMED_CURVE($,#603,(#1530),(#1531),.T.,.CARTESIAN.);
#594=TRIMMED_CURVE($,#604,(#1537),(#1538),.T.,.CARTESIAN.);
#595=TRIMMED_CURVE($,#605,(#1540),(#1541),.T.,.CARTESIAN.);
#596=TRIMMED_CURVE($,#606,(#1543),(#1544),.T.,.CARTESIAN.);
#597=TRIMMED_CURVE($,#607,(#1546),(#1547),.T.,.CARTESIAN.);
#598=TRIMMED_CURVE($,#608,(#1549),(#1550),.T.,.CARTESIAN.);
#599=CIRCLE('',#927,10.0000000000005);
#600=CIRCLE('',#928,10.0000000000003);
#601=CIRCLE('',#929,10.0000000000009);
#602=CIRCLE('',#930,9.99999999999864);
#603=CIRCLE('',#931,4.90000000000006);
#604=CIRCLE('',#932,4.900000000001);
#605=CIRCLE('',#933,5.09999999999627);
#606=CIRCLE('',#934,4.90000000000055);
#607=CIRCLE('',#935,5.09999999999843);
#608=CIRCLE('',#936,4.90000000000006);
#609=B_SPLINE_CURVE_WITH_KNOTS('',3,(#1159,#1160,#1161,#1162),
 .UNSPECIFIED.,.F.,.F.,(4,4),(0.,262.42),.UNSPECIFIED.);
#610=B_SPLINE_CURVE_WITH_KNOTS('',1,(#1163,#1164),.UNSPECIFIED.,.F.,.F.,
(2,2),(-41.9899410503133,-30.9949705251566),.UNSPECIFIED.);
#611=B_SPLINE_CURVE_WITH_KNOTS('',1,(#1165,#1166),.UNSPECIFIED.,.F.,.F.,
(2,2),(30.9949705251566,41.9899410503133),.UNSPECIFIED.);
#612=B_SPLINE_CURVE_WITH_KNOTS('',1,(#1167,#1168),.UNSPECIFIED.,.F.,.F.,
(2,2),(26.9949705251566,30.9949705251566),.UNSPECIFIED.);
#613=B_SPLINE_CURVE_WITH_KNOTS('',1,(#1169,#1170),.UNSPECIFIED.,.F.,.F.,
(2,2),(23.9949705251567,26.9949705251566),.UNSPECIFIED.);
#614=B_SPLINE_CURVE_WITH_KNOTS('',1,(#1171,#1172),.UNSPECIFIED.,.F.,.F.,
(2,2),(16.9949705251567,23.9949705251567),.UNSPECIFIED.);
#615=B_SPLINE_CURVE_WITH_KNOTS('',1,(#1173,#1174),.UNSPECIFIED.,.F.,.F.,
(2,2),(3.,16.9949705251567),.UNSPECIFIED.);
#616=B_SPLINE_CURVE_WITH_KNOTS('',1,(#1175,#1176),.UNSPECIFIED.,.F.,.F.,
(2,2),(-16.9949705251567,-3.),.UNSPECIFIED.);
#617=B_SPLINE_CURVE_WITH_KNOTS('',1,(#1177,#1178),.UNSPECIFIED.,.F.,.F.,
(2,2),(-23.9949705251567,-16.9949705251567),.UNSPECIFIED.);
#618=B_SPLINE_CURVE_WITH_KNOTS('',1,(#1179,#1180),.UNSPECIFIED.,.F.,.F.,
(2,2),(-26.9949705251566,-23.9949705251567),.UNSPECIFIED.);
#619=B_SPLINE_CURVE_WITH_KNOTS('',1,(#1181,#1182),.UNSPECIFIED.,.F.,.F.,
(2,2),(-30.9949705251566,-26.9949705251566),.UNSPECIFIED.);
#620=B_SPLINE_CURVE_WITH_KNOTS('',3,(#1183,#1184,#1185,#1186),
 .UNSPECIFIED.,.F.,.F.,(4,4),(0.,262.42),.UNSPECIFIED.);
#621=B_SPLINE_CURVE_WITH_KNOTS('',3,(#1187,#1188,#1189,#1190),
 .UNSPECIFIED.,.F.,.F.,(4,4),(0.,262.42),.UNSPECIFIED.);
#622=B_SPLINE_CURVE_WITH_KNOTS('',3,(#1191,#1192,#1193,#1194),
 .UNSPECIFIED.,.F.,.F.,(4,4),(0.,262.42),.UNSPECIFIED.);
#623=B_SPLINE_CURVE_WITH_KNOTS('',3,(#1195,#1196,#1197,#1198),
 .UNSPECIFIED.,.F.,.F.,(4,4),(0.,262.42),.UNSPECIFIED.);
#624=B_SPLINE_CURVE_WITH_KNOTS('',3,(#1199,#1200,#1201,#1202),
 .UNSPECIFIED.,.F.,.F.,(4,4),(0.,262.42),.UNSPECIFIED.);
#625=B_SPLINE_CURVE_WITH_KNOTS('',3,(#1203,#1204,#1205,#1206),
 .UNSPECIFIED.,.F.,.F.,(4,4),(4.89999999999958,209.420000000001),
 .UNSPECIFIED.);
#626=B_SPLINE_CURVE_WITH_KNOTS('',1,(#1207,#1208),.UNSPECIFIED.,.F.,.F.,
(2,2),(0.,82.5880326282602),.UNSPECIFIED.);
#627=B_SPLINE_CURVE_WITH_KNOTS('',1,(#1209,#1210),.UNSPECIFIED.,.F.,.F.,
(2,2),(-373.493639955852,-300.167934368984),.UNSPECIFIED.);
#628=B_SPLINE_CURVE_WITH_KNOTS('',1,(#1211,#1212),.UNSPECIFIED.,.F.,.F.,
(2,2),(173.58803262826,297.167934368984),.UNSPECIFIED.);
#629=B_SPLINE_CURVE_WITH_KNOTS('',1,(#1213,#1214),.UNSPECIFIED.,.F.,.F.,
(2,2),(4.90000000000001,71.),.UNSPECIFIED.);
#630=B_SPLINE_CURVE_WITH_KNOTS('',3,(#1215,#1216,#1217,#1218,#1219,#1220,
#1221,#1222,#1223,#1224,#1225,#1226,#1227,#1228,#1229,#1230,#1231,#1232,
#1233,#1234),.UNSPECIFIED.,.F.,.F.,(4,1,1,1,1,1,1,1,1,1,1,1,1,1,1,1,1,4),
(-8.29998014261546,-7.82157760012736,-7.32883095478954,-6.82399641945102,
-6.30971402217648,-5.78892871159184,-5.26478015695289,-4.7404685439249,
-4.2191084823416,-3.70358659942421,-3.19643939515796,-2.6997658326292,-2.21518402510531,
-1.74383422342615,-1.28642273489628,-0.843295260270413,-0.414524868626434,
0.),.UNSPECIFIED.);
#631=B_SPLINE_CURVE_WITH_KNOTS('',1,(#1235,#1236),.UNSPECIFIED.,.F.,.F.,
(2,2),(0.,66.0999999999999),.UNSPECIFIED.);
#632=B_SPLINE_CURVE_WITH_KNOTS('',1,(#1237,#1238),.UNSPECIFIED.,.F.,.F.,
(2,2),(-297.167934368984,-173.58803262826),.UNSPECIFIED.);
#633=B_SPLINE_CURVE_WITH_KNOTS('',1,(#1239,#1240),.UNSPECIFIED.,.F.,.F.,
(2,2),(-2.82901631902927,82.5880326282602),.UNSPECIFIED.);
#634=B_SPLINE_CURVE_WITH_KNOTS('',3,(#1241,#1242,#1243,#1244),
 .UNSPECIFIED.,.F.,.F.,(4,4),(10.000000000001,252.42),.UNSPECIFIED.);
#635=B_SPLINE_CURVE_WITH_KNOTS('',1,(#1245,#1246),.UNSPECIFIED.,.F.,.F.,
(2,2),(-659.789567948417,-651.289567948417),.UNSPECIFIED.);
#636=B_SPLINE_CURVE_WITH_KNOTS('',1,(#1247,#1248),.UNSPECIFIED.,.F.,.F.,
(2,2),(0.,2.00000000000001),.UNSPECIFIED.);
#637=B_SPLINE_CURVE_WITH_KNOTS('',1,(#1249,#1250),.UNSPECIFIED.,.F.,.F.,
(2,2),(0.,2.),.UNSPECIFIED.);
#638=B_SPLINE_CURVE_WITH_KNOTS('',1,(#1251,#1252),.UNSPECIFIED.,.F.,.F.,
(2,2),(-417.369567948417,-329.894783974209),.UNSPECIFIED.);
#639=B_SPLINE_CURVE_WITH_KNOTS('',1,(#1253,#1254),.UNSPECIFIED.,.F.,.F.,
(2,2),(0.,2.00000000000001),.UNSPECIFIED.);
#640=B_SPLINE_CURVE_WITH_KNOTS('',1,(#1255,#1256),.UNSPECIFIED.,.F.,.F.,
(2,2),(-329.894783974209,-321.394783974209),.UNSPECIFIED.);
#641=B_SPLINE_CURVE_WITH_KNOTS('',1,(#1257,#1258),.UNSPECIFIED.,.F.,.F.,
(2,2),(0.,2.00000000000001),.UNSPECIFIED.);
#642=B_SPLINE_CURVE_WITH_KNOTS('',1,(#1259,#1260),.UNSPECIFIED.,.F.,.F.,
(2,2),(-87.4747839742086,0.),.UNSPECIFIED.);
#643=B_SPLINE_CURVE_WITH_KNOTS('',1,(#1261,#1262),.UNSPECIFIED.,.F.,.F.,
(2,2),(329.894783974209,417.369567948417),.UNSPECIFIED.);
#644=B_SPLINE_CURVE_WITH_KNOTS('',1,(#1263,#1264),.UNSPECIFIED.,.F.,.F.,
(2,2),(87.4747839742086,329.894783974209),.UNSPECIFIED.);
#645=B_SPLINE_CURVE_WITH_KNOTS('',1,(#1265,#1266),.UNSPECIFIED.,.F.,.F.,
(2,2),(0.,87.4747839742086),.UNSPECIFIED.);
#646=B_SPLINE_CURVE_WITH_KNOTS('',3,(#1267,#1268,#1269,#1270),
 .UNSPECIFIED.,.F.,.F.,(4,4),(0.,225.42),.UNSPECIFIED.);
#647=B_SPLINE_CURVE_WITH_KNOTS('',1,(#1271,#1272),.UNSPECIFIED.,.F.,.F.,
(2,2),(-358.895063174499,-283.839528179847),.UNSPECIFIED.);
#648=B_SPLINE_CURVE_WITH_KNOTS('',1,(#1273,#1274),.UNSPECIFIED.,.F.,.F.,
(2,2),(0.,122.115800125586),.UNSPECIFIED.);
#649=B_SPLINE_CURVE_WITH_KNOTS('',1,(#1275,#1276),.UNSPECIFIED.,.F.,.F.,
(2,2),(-122.115800125586,0.),.UNSPECIFIED.);
#650=B_SPLINE_CURVE_WITH_KNOTS('',1,(#1277,#1278),.UNSPECIFIED.,.F.,.F.,
(2,2),(122.115800125586,187.115800125586),.UNSPECIFIED.);
#651=B_SPLINE_CURVE_WITH_KNOTS('',3,(#1279,#1280,#1281,#1282),
 .UNSPECIFIED.,.F.,.F.,(4,4),(0.,225.42),.UNSPECIFIED.);
#652=B_SPLINE_CURVE_WITH_KNOTS('',1,(#1283,#1284),.UNSPECIFIED.,.F.,.F.,
(2,2),(-84.5880326282604,0.),.UNSPECIFIED.);
#653=B_SPLINE_CURVE_WITH_KNOTS('',1,(#1285,#1286),.UNSPECIFIED.,.F.,.F.,
(2,2),(-122.115800125586,-37.5277674973256),.UNSPECIFIED.);
#654=B_SPLINE_CURVE_WITH_KNOTS('',1,(#1287,#1288),.UNSPECIFIED.,.F.,.F.,
(2,2),(-425.869567948417,-417.369567948417),.UNSPECIFIED.);
#655=B_SPLINE_CURVE_WITH_KNOTS('',1,(#1289,#1290),.UNSPECIFIED.,.F.,.F.,
(2,2),(-651.289567948417,-425.869567948417),.UNSPECIFIED.);
#656=B_SPLINE_CURVE_WITH_KNOTS('',1,(#1291,#1292),.UNSPECIFIED.,.F.,.F.,
(2,2),(-95.9747839742086,-87.4747839742086),.UNSPECIFIED.);
#657=B_SPLINE_CURVE_WITH_KNOTS('',1,(#1293,#1294),.UNSPECIFIED.,.F.,.F.,
(2,2),(-321.394783974209,-95.9747839742086),.UNSPECIFIED.);
#658=B_SPLINE_CURVE_WITH_KNOTS('',1,(#1295,#1296),.UNSPECIFIED.,.F.,.F.,
(2,2),(-187.115800125586,-122.115800125586),.UNSPECIFIED.);
#659=B_SPLINE_CURVE_WITH_KNOTS('',1,(#1297,#1298),.UNSPECIFIED.,.F.,.F.,
(2,2),(283.839528179847,358.895063174499),.UNSPECIFIED.);
#660=B_SPLINE_CURVE_WITH_KNOTS('',1,(#1299,#1300,#1301,#1302),
 .UNSPECIFIED.,.F.,.F.,(2,1,1,2),(417.369567948417,425.869567948417,651.289567948417,
659.789567948417),.UNSPECIFIED.);
#661=B_SPLINE_CURVE_WITH_KNOTS('',3,(#1303,#1304,#1305,#1306),
 .UNSPECIFIED.,.F.,.F.,(4,4),(209.42,242.420000000001),.UNSPECIFIED.);
#662=B_SPLINE_CURVE_WITH_KNOTS('',1,(#1307,#1308),.UNSPECIFIED.,.F.,.F.,
(2,2),(320.377415190407,371.753694889634),.UNSPECIFIED.);
#663=B_SPLINE_CURVE_WITH_KNOTS('',1,(#1309,#1310),.UNSPECIFIED.,.F.,.F.,
(2,2),(-1.,-0.500000000000058),.UNSPECIFIED.);
#664=B_SPLINE_CURVE_WITH_KNOTS('',3,(#1311,#1312,#1313,#1314),
 .UNSPECIFIED.,.F.,.F.,(4,4),(209.42,242.420000000001),.UNSPECIFIED.);
#665=B_SPLINE_CURVE_WITH_KNOTS('',1,(#1315,#1316),.UNSPECIFIED.,.F.,.F.,
(2,2),(320.377415190407,370.618580160448),.UNSPECIFIED.);
#666=B_SPLINE_CURVE_WITH_KNOTS('',1,(#1317,#1318),.UNSPECIFIED.,.F.,.F.,
(2,2),(-370.618580160448,-320.377415190407),.UNSPECIFIED.);
#667=B_SPLINE_CURVE_WITH_KNOTS('',3,(#1319,#1320,#1321,#1322),
 .UNSPECIFIED.,.F.,.F.,(4,4),(-242.420000000001,-209.420000000001),
 .UNSPECIFIED.);
#668=B_SPLINE_CURVE_WITH_KNOTS('',1,(#1323,#1324),.UNSPECIFIED.,.F.,.F.,
(2,2),(0.,2.6558112382723),.UNSPECIFIED.);
#669=B_SPLINE_CURVE_WITH_KNOTS('',1,(#1325,#1326),.UNSPECIFIED.,.F.,.F.,
(2,2),(-2.65581123827228,0.),.UNSPECIFIED.);
#670=B_SPLINE_CURVE_WITH_KNOTS('',3,(#1327,#1328,#1329,#1330),
 .UNSPECIFIED.,.F.,.F.,(4,4),(242.420000000001,257.52),.UNSPECIFIED.);
#671=B_SPLINE_CURVE_WITH_KNOTS('',1,(#1331,#1332),.UNSPECIFIED.,.F.,.F.,
(2,2),(-371.753694889634,-320.377415190407),.UNSPECIFIED.);
#672=B_SPLINE_CURVE_WITH_KNOTS('',1,(#1333,#1334),.UNSPECIFIED.,.F.,.F.,
(2,2),(0.500000000000022,1.),.UNSPECIFIED.);
#673=B_SPLINE_CURVE_WITH_KNOTS('',1,(#1335,#1336),.UNSPECIFIED.,.F.,.F.,
(2,2),(0.,14.5),.UNSPECIFIED.);
#674=B_SPLINE_CURVE_WITH_KNOTS('',1,(#1337,#1338),.UNSPECIFIED.,.F.,.F.,
(2,2),(14.5,23.8),.UNSPECIFIED.);
#675=B_SPLINE_CURVE_WITH_KNOTS('',1,(#1339,#1340),.UNSPECIFIED.,.F.,.F.,
(2,2),(23.8,38.3),.UNSPECIFIED.);
#676=B_SPLINE_CURVE_WITH_KNOTS('',1,(#1341,#1342),.UNSPECIFIED.,.F.,.F.,
(2,2),(38.3,47.6),.UNSPECIFIED.);
#677=B_SPLINE_CURVE_WITH_KNOTS('',1,(#1343,#1344),.UNSPECIFIED.,.F.,.F.,
(2,2),(0.,14.5),.UNSPECIFIED.);
#678=B_SPLINE_CURVE_WITH_KNOTS('',1,(#1345,#1346),.UNSPECIFIED.,.F.,.F.,
(2,2),(14.5,23.8),.UNSPECIFIED.);
#679=B_SPLINE_CURVE_WITH_KNOTS('',1,(#1347,#1348),.UNSPECIFIED.,.F.,.F.,
(2,2),(23.8,38.3),.UNSPECIFIED.);
#680=B_SPLINE_CURVE_WITH_KNOTS('',1,(#1349,#1350),.UNSPECIFIED.,.F.,.F.,
(2,2),(38.3,47.6),.UNSPECIFIED.);
#681=B_SPLINE_CURVE_WITH_KNOTS('',1,(#1351,#1352),.UNSPECIFIED.,.F.,.F.,
(2,2),(57.7811131680269,62.7811131680269),.UNSPECIFIED.);
#682=B_SPLINE_CURVE_WITH_KNOTS('',1,(#1353,#1354),.UNSPECIFIED.,.F.,.F.,
(2,2),(57.7811131680271,62.7811131680269),.UNSPECIFIED.);
#683=B_SPLINE_CURVE_WITH_KNOTS('',1,(#1355,#1356),.UNSPECIFIED.,.F.,.F.,
(2,2),(57.7811131680269,62.7811131680269),.UNSPECIFIED.);
#684=B_SPLINE_CURVE_WITH_KNOTS('',1,(#1357,#1358),.UNSPECIFIED.,.F.,.F.,
(2,2),(57.7811131680271,62.7811131680269),.UNSPECIFIED.);
#685=B_SPLINE_CURVE_WITH_KNOTS('',1,(#1359,#1360),.UNSPECIFIED.,.F.,.F.,
(2,2),(300.167934368984,373.493639955852),.UNSPECIFIED.);
#686=B_SPLINE_CURVE_WITH_KNOTS('',1,(#1361,#1362),.UNSPECIFIED.,.F.,.F.,
(2,2),(0.,66.1000000000001),.UNSPECIFIED.);
#687=B_SPLINE_CURVE_WITH_KNOTS('',1,(#1363,#1364),.UNSPECIFIED.,.F.,.F.,
(2,2),(2.14181568620355E-13,85.4170489472893),.UNSPECIFIED.);
#688=B_SPLINE_CURVE_WITH_KNOTS('',1,(#1368,#1369),.UNSPECIFIED.,.F.,.F.,
(2,2),(4.90000000000002,71.),.UNSPECIFIED.);
#689=B_SPLINE_CURVE_WITH_KNOTS('',3,(#1373,#1374,#1375,#1376,#1377,#1378,
#1379,#1380,#1381,#1382,#1383,#1384,#1385,#1386,#1387,#1388,#1389,#1390,
#1391,#1392),.UNSPECIFIED.,.F.,.F.,(4,1,1,1,1,1,1,1,1,1,1,1,1,1,1,1,1,4),
(0.,0.414524868625976,0.843295260269458,1.28642273489622,1.74383422342569,
2.21518402510537,2.69976583262884,3.19643939515839,3.70358659942409,4.21910848234174,
4.74046854392495,5.2647801569529,5.78892871159144,6.30971402217611,6.82399641945126,
7.32883095478926,7.82157760012744,8.29998014261529),.UNSPECIFIED.);
#690=B_SPLINE_CURVE_WITH_KNOTS('',1,(#1393,#1394),.UNSPECIFIED.,.F.,.F.,
(2,2),(15.,30.),.UNSPECIFIED.);
#691=B_SPLINE_CURVE_WITH_KNOTS('',3,(#1395,#1396,#1397,#1398),
 .UNSPECIFIED.,.F.,.F.,(4,4),(-239.022329189337,-224.022329189337),
 .UNSPECIFIED.);
#692=B_SPLINE_CURVE_WITH_KNOTS('',1,(#1399,#1400),.UNSPECIFIED.,.F.,.F.,
(2,2),(-15.,0.),.UNSPECIFIED.);
#693=B_SPLINE_CURVE_WITH_KNOTS('',3,(#1401,#1402,#1403,#1404),
 .UNSPECIFIED.,.F.,.F.,(4,4),(224.022329189337,239.022329189337),
 .UNSPECIFIED.);
#694=B_SPLINE_CURVE_WITH_KNOTS('',1,(#1405,#1406),.UNSPECIFIED.,.F.,.F.,
(2,2),(-96.0860850476646,-81.0860850476647),.UNSPECIFIED.);
#695=B_SPLINE_CURVE_WITH_KNOTS('',3,(#1407,#1408,#1409,#1410),
 .UNSPECIFIED.,.F.,.F.,(4,4),(-220.522329189337,-205.522329189337),
 .UNSPECIFIED.);
#696=B_SPLINE_CURVE_WITH_KNOTS('',1,(#1411,#1412),.UNSPECIFIED.,.F.,.F.,
(2,2),(-15.,0.),.UNSPECIFIED.);
#697=B_SPLINE_CURVE_WITH_KNOTS('',3,(#1413,#1414,#1415,#1416),
 .UNSPECIFIED.,.F.,.F.,(4,4),(205.522329189337,220.522329189337),
 .UNSPECIFIED.);
#698=B_SPLINE_CURVE_WITH_KNOTS('',1,(#1417,#1418),.UNSPECIFIED.,.F.,.F.,
(2,2),(217.919415258073,221.919415258073),.UNSPECIFIED.);
#699=B_SPLINE_CURVE_WITH_KNOTS('',1,(#1419,#1420),.UNSPECIFIED.,.F.,.F.,
(2,2),(217.919415258073,221.919415258073),.UNSPECIFIED.);
#700=B_SPLINE_CURVE_WITH_KNOTS('',1,(#1421,#1422),.UNSPECIFIED.,.F.,.F.,
(2,2),(217.919415258073,221.919415258073),.UNSPECIFIED.);
#701=B_SPLINE_CURVE_WITH_KNOTS('',1,(#1423,#1424),.UNSPECIFIED.,.F.,.F.,
(2,2),(217.919415258073,221.919415258073),.UNSPECIFIED.);
#702=B_SPLINE_CURVE_WITH_KNOTS('',3,(#1425,#1426,#1427,#1428,#1429,#1430,
#1431,#1432,#1433,#1434,#1435),.UNSPECIFIED.,.F.,.F.,(4,1,1,1,1,1,1,1,4),
(0.,1.13882545241993,2.27765090484792,3.41647635727253,4.55530180969791,
5.69412726212317,6.83295271454987,7.97177816697589,9.11060361940779),
 .UNSPECIFIED.);
#703=B_SPLINE_CURVE_WITH_KNOTS('',3,(#1436,#1437,#1438,#1439,#1440,#1441,
#1442,#1443,#1444,#1445,#1446),.UNSPECIFIED.,.F.,.F.,(4,1,1,1,1,1,1,1,4),
(0.,1.13882545241993,2.27765090484792,3.41647635727253,4.55530180969791,
5.69412726212317,6.83295271454987,7.97177816697589,9.11060361940779),
 .UNSPECIFIED.);
#704=B_SPLINE_CURVE_WITH_KNOTS('',1,(#1447,#1448),.UNSPECIFIED.,.F.,.F.,
(2,2),(217.919415258073,221.919415258073),.UNSPECIFIED.);
#705=B_SPLINE_CURVE_WITH_KNOTS('',3,(#1449,#1450,#1451,#1452,#1453,#1454,
#1455,#1456,#1457,#1458,#1459),.UNSPECIFIED.,.F.,.F.,(4,1,1,1,1,1,1,1,4),
(0.,1.13882545242006,2.27765090484631,3.41647635727139,4.55530180969864,
5.69412726212508,6.83295271455086,7.97177816697705,9.11060361941095),
 .UNSPECIFIED.);
#706=B_SPLINE_CURVE_WITH_KNOTS('',3,(#1460,#1461,#1462,#1463,#1464,#1465,
#1466,#1467,#1468,#1469,#1470),.UNSPECIFIED.,.F.,.F.,(4,1,1,1,1,1,1,1,4),
(0.,1.13882545242006,2.27765090484631,3.41647635727139,4.55530180969864,
5.69412726212508,6.83295271455086,7.97177816697705,9.11060361941095),
 .UNSPECIFIED.);
#707=B_SPLINE_CURVE_WITH_KNOTS('',1,(#1471,#1472),.UNSPECIFIED.,.F.,.F.,
(2,2),(217.919415258073,221.919415258073),.UNSPECIFIED.);
#708=B_SPLINE_CURVE_WITH_KNOTS('',3,(#1473,#1474,#1475,#1476,#1477,#1478,
#1479,#1480,#1481,#1482,#1483),.UNSPECIFIED.,.F.,.F.,(4,1,1,1,1,1,1,1,4),
(-18.2212072388184,-17.0823817863984,-15.943556333971,-14.8047308815455,
-13.6659054291205,-12.5270799766956,-11.3882545242689,-10.2494290718426,
-9.11060361941095),.UNSPECIFIED.);
#709=B_SPLINE_CURVE_WITH_KNOTS('',3,(#1484,#1485,#1486,#1487,#1488,#1489,
#1490,#1491,#1492,#1493,#1494),.UNSPECIFIED.,.F.,.F.,(4,1,1,1,1,1,1,1,4),
(-18.2212072388184,-17.0823817863984,-15.943556333971,-14.8047308815455,
-13.6659054291205,-12.5270799766956,-11.3882545242689,-10.2494290718426,
-9.11060361941095),.UNSPECIFIED.);
#710=B_SPLINE_CURVE_WITH_KNOTS('',1,(#1495,#1496),.UNSPECIFIED.,.F.,.F.,
(2,2),(217.919415258073,221.919415258073),.UNSPECIFIED.);
#711=B_SPLINE_CURVE_WITH_KNOTS('',3,(#1497,#1498,#1499,#1500,#1501,#1502,
#1503,#1504,#1505,#1506,#1507),.UNSPECIFIED.,.F.,.F.,(4,1,1,1,1,1,1,1,4),
(-18.2212072388178,-17.0823817863987,-15.9435563339721,-14.8047308815469,
-13.6659054291203,-12.5270799766939,-11.3882545242681,-10.2494290718419,
-9.11060361940779),.UNSPECIFIED.);
#712=B_SPLINE_CURVE_WITH_KNOTS('',3,(#1508,#1509,#1510,#1511,#1512,#1513,
#1514,#1515,#1516,#1517,#1518),.UNSPECIFIED.,.F.,.F.,(4,1,1,1,1,1,1,1,4),
(-18.2212072388178,-17.0823817863987,-15.9435563339721,-14.8047308815469,
-13.6659054291203,-12.5270799766939,-11.3882545242681,-10.2494290718419,
-9.11060361940779),.UNSPECIFIED.);
#713=B_SPLINE_CURVE_WITH_KNOTS('',1,(#1519,#1520),.UNSPECIFIED.,.F.,.F.,
(2,2),(217.919415258073,221.919415258073),.UNSPECIFIED.);
#714=B_SPLINE_CURVE_WITH_KNOTS('',1,(#1521,#1522),.UNSPECIFIED.,.F.,.F.,
(2,2),(-5.33925799712431E-13,82.5880326282601),.UNSPECIFIED.);
#715=B_SPLINE_CURVE_WITH_KNOTS('',1,(#1551,#1552),.UNSPECIFIED.,.F.,.F.,
(2,2),(217.919415258073,221.919415258073),.UNSPECIFIED.);
#716=B_SPLINE_CURVE_WITH_KNOTS('',3,(#1553,#1554,#1555,#1556,#1557,#1558,
#1559,#1560,#1561,#1562,#1563),.UNSPECIFIED.,.F.,.F.,(4,1,1,1,1,1,1,1,4),
(9.11060361940779,10.2494290718419,11.3882545242681,12.5270799766939,13.6659054291203,
14.8047308815469,15.9435563339721,17.0823817863987,18.2212072388178),
 .UNSPECIFIED.);
#717=B_SPLINE_CURVE_WITH_KNOTS('',3,(#1564,#1565,#1566,#1567,#1568,#1569,
#1570,#1571,#1572,#1573,#1574),.UNSPECIFIED.,.F.,.F.,(4,1,1,1,1,1,1,1,4),
(9.11060361940779,10.2494290718419,11.3882545242681,12.5270799766939,13.6659054291203,
14.8047308815469,15.9435563339721,17.0823817863987,18.2212072388178),
 .UNSPECIFIED.);
#718=B_SPLINE_CURVE_WITH_KNOTS('',1,(#1575,#1576),.UNSPECIFIED.,.F.,.F.,
(2,2),(217.919415258073,221.919415258073),.UNSPECIFIED.);
#719=B_SPLINE_CURVE_WITH_KNOTS('',3,(#1577,#1578,#1579,#1580,#1581,#1582,
#1583,#1584,#1585,#1586,#1587),.UNSPECIFIED.,.F.,.F.,(4,1,1,1,1,1,1,1,4),
(9.11060361941095,10.2494290718426,11.3882545242689,12.5270799766956,13.6659054291205,
14.8047308815455,15.943556333971,17.0823817863984,18.2212072388184),
 .UNSPECIFIED.);
#720=B_SPLINE_CURVE_WITH_KNOTS('',3,(#1588,#1589,#1590,#1591,#1592,#1593,
#1594,#1595,#1596,#1597,#1598),.UNSPECIFIED.,.F.,.F.,(4,1,1,1,1,1,1,1,4),
(9.11060361941095,10.2494290718426,11.3882545242689,12.5270799766956,13.6659054291205,
14.8047308815455,15.943556333971,17.0823817863984,18.2212072388184),
 .UNSPECIFIED.);
#721=B_SPLINE_CURVE_WITH_KNOTS('',1,(#1599,#1600),.UNSPECIFIED.,.F.,.F.,
(2,2),(217.919415258073,221.919415258073),.UNSPECIFIED.);
#722=B_SPLINE_CURVE_WITH_KNOTS('',3,(#1601,#1602,#1603,#1604,#1605,#1606,
#1607,#1608,#1609,#1610,#1611),.UNSPECIFIED.,.F.,.F.,(4,1,1,1,1,1,1,1,4),
(-9.11060361941095,-7.97177816697705,-6.83295271455086,-5.69412726212508,
-4.55530180969864,-3.41647635727139,-2.27765090484631,-1.13882545242006,
0.),.UNSPECIFIED.);
#723=B_SPLINE_CURVE_WITH_KNOTS('',3,(#1612,#1613,#1614,#1615,#1616,#1617,
#1618,#1619,#1620,#1621,#1622),.UNSPECIFIED.,.F.,.F.,(4,1,1,1,1,1,1,1,4),
(-9.11060361941095,-7.97177816697705,-6.83295271455086,-5.69412726212508,
-4.55530180969864,-3.41647635727139,-2.27765090484631,-1.13882545242006,
0.),.UNSPECIFIED.);
#724=B_SPLINE_CURVE_WITH_KNOTS('',1,(#1623,#1624),.UNSPECIFIED.,.F.,.F.,
(2,2),(217.919415258073,221.919415258073),.UNSPECIFIED.);
#725=B_SPLINE_CURVE_WITH_KNOTS('',3,(#1625,#1626,#1627,#1628,#1629,#1630,
#1631,#1632,#1633,#1634,#1635),.UNSPECIFIED.,.F.,.F.,(4,1,1,1,1,1,1,1,4),
(-9.11060361940779,-7.97177816697589,-6.83295271454987,-5.69412726212317,
-4.55530180969791,-3.41647635727253,-2.27765090484792,-1.13882545241993,
0.),.UNSPECIFIED.);
#726=B_SPLINE_CURVE_WITH_KNOTS('',3,(#1636,#1637,#1638,#1639,#1640,#1641,
#1642,#1643,#1644,#1645,#1646),.UNSPECIFIED.,.F.,.F.,(4,1,1,1,1,1,1,1,4),
(-9.11060361940779,-7.97177816697589,-6.83295271454987,-5.69412726212317,
-4.55530180969791,-3.41647635727253,-2.27765090484792,-1.13882545241993,
0.),.UNSPECIFIED.);
#727=VERTEX_POINT('',#1075);
#728=VERTEX_POINT('',#1076);
#729=VERTEX_POINT('',#1077);
#730=VERTEX_POINT('',#1078);
#731=VERTEX_POINT('',#1079);
#732=VERTEX_POINT('',#1080);
#733=VERTEX_POINT('',#1081);
#734=VERTEX_POINT('',#1082);
#735=VERTEX_POINT('',#1083);
#736=VERTEX_POINT('',#1084);
#737=VERTEX_POINT('',#1085);
#738=VERTEX_POINT('',#1086);
#739=VERTEX_POINT('',#1087);
#740=VERTEX_POINT('',#1088);
#741=VERTEX_POINT('',#1089);
#742=VERTEX_POINT('',#1090);
#743=VERTEX_POINT('',#1091);
#744=VERTEX_POINT('',#1092);
#745=VERTEX_POINT('',#1093);
#746=VERTEX_POINT('',#1094);
#747=VERTEX_POINT('',#1095);
#748=VERTEX_POINT('',#1096);
#749=VERTEX_POINT('',#1097);
#750=VERTEX_POINT('',#1098);
#751=VERTEX_POINT('',#1099);
#752=VERTEX_POINT('',#1100);
#753=VERTEX_POINT('',#1101);
#754=VERTEX_POINT('',#1102);
#755=VERTEX_POINT('',#1103);
#756=VERTEX_POINT('',#1104);
#757=VERTEX_POINT('',#1105);
#758=VERTEX_POINT('',#1106);
#759=VERTEX_POINT('',#1107);
#760=VERTEX_POINT('',#1108);
#761=VERTEX_POINT('',#1109);
#762=VERTEX_POINT('',#1110);
#763=VERTEX_POINT('',#1111);
#764=VERTEX_POINT('',#1112);
#765=VERTEX_POINT('',#1113);
#766=VERTEX_POINT('',#1114);
#767=VERTEX_POINT('',#1115);
#768=VERTEX_POINT('',#1116);
#769=VERTEX_POINT('',#1117);
#770=VERTEX_POINT('',#1118);
#771=VERTEX_POINT('',#1119);
#772=VERTEX_POINT('',#1120);
#773=VERTEX_POINT('',#1121);
#774=VERTEX_POINT('',#1122);
#775=VERTEX_POINT('',#1123);
#776=VERTEX_POINT('',#1124);
#777=VERTEX_POINT('',#1125);
#778=VERTEX_POINT('',#1126);
#779=VERTEX_POINT('',#1127);
#780=VERTEX_POINT('',#1128);
#781=VERTEX_POINT('',#1129);
#782=VERTEX_POINT('',#1130);
#783=VERTEX_POINT('',#1131);
#784=VERTEX_POINT('',#1132);
#785=VERTEX_POINT('',#1133);
#786=VERTEX_POINT('',#1134);
#787=VERTEX_POINT('',#1135);
#788=VERTEX_POINT('',#1136);
#789=VERTEX_POINT('',#1137);
#790=VERTEX_POINT('',#1138);
#791=VERTEX_POINT('',#1139);
#792=VERTEX_POINT('',#1140);
#793=VERTEX_POINT('',#1141);
#794=VERTEX_POINT('',#1142);
#795=VERTEX_POINT('',#1143);
#796=VERTEX_POINT('',#1144);
#797=VERTEX_POINT('',#1145);
#798=VERTEX_POINT('',#1146);
#799=VERTEX_POINT('',#1147);
#800=VERTEX_POINT('',#1148);
#801=VERTEX_POINT('',#1149);
#802=VERTEX_POINT('',#1150);
#803=VERTEX_POINT('',#1151);
#804=VERTEX_POINT('',#1152);
#805=VERTEX_POINT('',#1153);
#806=VERTEX_POINT('',#1154);
#807=VERTEX_POINT('',#1155);
#808=VERTEX_POINT('',#1156);
#809=VERTEX_POINT('',#1157);
#810=VERTEX_POINT('',#1158);
#811=(
BOUNDED_SURFACE()
B_SPLINE_SURFACE(2,2,((#1053,#1054,#1055),(#1056,#1057,#1058),(#1059,#1060,
#1061)),.UNSPECIFIED.,.F.,.F.,.F.)
B_SPLINE_SURFACE_WITH_KNOTS((3,3),(3,3),(0.,7.69690200260433),(0.,8.01085887024949),
 .UNSPECIFIED.)
GEOMETRIC_REPRESENTATION_ITEM()
RATIONAL_B_SPLINE_SURFACE(((1.,0.707106781186544,1.),(0.707106781186727,
0.500000000000124,0.707106781186727),(1.,0.707106781186544,1.)))
REPRESENTATION_ITEM('')
SURFACE()
);
#812=(
BOUNDED_SURFACE()
B_SPLINE_SURFACE(2,2,((#1062,#1063,#1064),(#1065,#1066,#1067),(#1068,#1069,
#1070)),.UNSPECIFIED.,.F.,.F.,.F.)
B_SPLINE_SURFACE_WITH_KNOTS((3,3),(3,3),(0.,7.69690200260613),(-1.51036682003255E-14,
8.01085887024939),.UNSPECIFIED.)
GEOMETRIC_REPRESENTATION_ITEM()
RATIONAL_B_SPLINE_SURFACE(((1.,0.707106781186443,1.),(0.707106781186529,
0.499999999999913,0.707106781186529),(1.,0.707106781186443,1.)))
REPRESENTATION_ITEM('')
SURFACE()
);
#813=CYLINDRICAL_SURFACE('',#910,9.99999999999977);
#814=CYLINDRICAL_SURFACE('',#911,9.99999999999977);
#815=CYLINDRICAL_SURFACE('',#916,1.90003000847993);
#816=CYLINDRICAL_SURFACE('',#917,1.90003000847959);
#817=CYLINDRICAL_SURFACE('',#918,1.90003000843555);
#818=CYLINDRICAL_SURFACE('',#919,1.90003000843589);
#819=CYLINDRICAL_SURFACE('',#920,4.90000000000077);
#820=CYLINDRICAL_SURFACE('',#921,4.9000000000008);
#821=CYLINDRICAL_SURFACE('',#922,4.9000000000002);
#822=CYLINDRICAL_SURFACE('',#923,1.90003000843579);
#823=CYLINDRICAL_SURFACE('',#924,1.90003000843556);
#824=CYLINDRICAL_SURFACE('',#925,1.90003000847948);
#825=CYLINDRICAL_SURFACE('',#926,1.90003000848005);
#826=PLANE('',#880);
#827=PLANE('',#881);
#828=PLANE('',#882);
#829=PLANE('',#883);
#830=PLANE('',#884);
#831=PLANE('',#885);
#832=PLANE('',#886);
#833=PLANE('',#887);
#834=PLANE('',#888);
#835=PLANE('',#889);
#836=PLANE('',#890);
#837=PLANE('',#891);
#838=PLANE('',#892);
#839=PLANE('',#893);
#840=PLANE('',#894);
#841=PLANE('',#895);
#842=PLANE('',#896);
#843=PLANE('',#897);
#844=PLANE('',#898);
#845=PLANE('',#899);
#846=PLANE('',#900);
#847=PLANE('',#901);
#848=PLANE('',#902);
#849=PLANE('',#903);
#850=PLANE('',#904);
#851=PLANE('',#905);
#852=PLANE('',#906);
#853=PLANE('',#907);
#854=PLANE('',#908);
#855=PLANE('',#909);
#856=PLANE('',#912);
#857=PLANE('',#913);
#858=PLANE('',#914);
#859=PLANE('',#915);
#860=SHAPE_DEFINITION_REPRESENTATION(#861,#878);
#861=PRODUCT_DEFINITION_SHAPE($,$,#863);
#862=PRODUCT_DEFINITION_CONTEXT('3D Mechanical Parts',#867,'design');
#863=PRODUCT_DEFINITION('A','First version',#864,#862);
#864=PRODUCT_DEFINITION_FORMATION_WITH_SPECIFIED_SOURCE('A',
'First version',#869,.MADE.);
#865=PRODUCT_RELATED_PRODUCT_CATEGORY('tool','tool',(#869));
#866=APPLICATION_PROTOCOL_DEFINITION('Draft International Standard',
'automotive_design',1999,#867);
#867=APPLICATION_CONTEXT(
'data for automotive mechanical design processes');
#868=PRODUCT_CONTEXT('3D Mechanical Parts',#867,'mechanical');
#869=PRODUCT('Document','Document','',(#868));
#870=(
LENGTH_UNIT()
NAMED_UNIT(*)
SI_UNIT(.MILLI.,.METRE.)
);
#871=(
NAMED_UNIT(*)
PLANE_ANGLE_UNIT()
SI_UNIT($,.RADIAN.)
);
#872=DIMENSIONAL_EXPONENTS(0.,0.,0.,0.,0.,0.,0.);
#873=PLANE_ANGLE_MEASURE_WITH_UNIT(PLANE_ANGLE_MEASURE(0.01745329252),#871);
#874=(
CONVERSION_BASED_UNIT('DEGREES',#873)
NAMED_UNIT(#872)
PLANE_ANGLE_UNIT()
);
#875=(
NAMED_UNIT(*)
SI_UNIT($,.STERADIAN.)
SOLID_ANGLE_UNIT()
);
#876=UNCERTAINTY_MEASURE_WITH_UNIT(LENGTH_MEASURE(0.001),#870,
'DISTANCE_ACCURACY_VALUE',
'Maximum model space distance between geometric entities at asserted c
onnectivities');
#877=(
GEOMETRIC_REPRESENTATION_CONTEXT(3)
GLOBAL_UNCERTAINTY_ASSIGNED_CONTEXT((#876))
GLOBAL_UNIT_ASSIGNED_CONTEXT((#875,#874,#870))
REPRESENTATION_CONTEXT('ID1','3D')
);
#878=SHAPE_REPRESENTATION('Document',(#879,#937),#877);
#879=AXIS2_PLACEMENT_3D($,#1009,#938,#939);
#880=AXIS2_PLACEMENT_3D('',#1010,#940,$);
#881=AXIS2_PLACEMENT_3D('',#1011,#941,$);
#882=AXIS2_PLACEMENT_3D('',#1012,#942,$);
#883=AXIS2_PLACEMENT_3D('',#1013,#943,$);
#884=AXIS2_PLACEMENT_3D('',#1014,#944,$);
#885=AXIS2_PLACEMENT_3D('',#1015,#945,$);
#886=AXIS2_PLACEMENT_3D('',#1016,#946,$);
#887=AXIS2_PLACEMENT_3D('',#1017,#947,$);
#888=AXIS2_PLACEMENT_3D('',#1018,#948,$);
#889=AXIS2_PLACEMENT_3D('',#1019,#949,$);
#890=AXIS2_PLACEMENT_3D('',#1020,#950,$);
#891=AXIS2_PLACEMENT_3D('',#1021,#951,$);
#892=AXIS2_PLACEMENT_3D('',#1022,#952,$);
#893=AXIS2_PLACEMENT_3D('',#1023,#953,$);
#894=AXIS2_PLACEMENT_3D('',#1024,#954,$);
#895=AXIS2_PLACEMENT_3D('',#1025,#955,$);
#896=AXIS2_PLACEMENT_3D('',#1026,#956,$);
#897=AXIS2_PLACEMENT_3D('',#1027,#957,$);
#898=AXIS2_PLACEMENT_3D('',#1028,#958,$);
#899=AXIS2_PLACEMENT_3D('',#1029,#959,$);
#900=AXIS2_PLACEMENT_3D('',#1030,#960,$);
#901=AXIS2_PLACEMENT_3D('',#1031,#961,$);
#902=AXIS2_PLACEMENT_3D('',#1032,#962,$);
#903=AXIS2_PLACEMENT_3D('',#1033,#963,$);
#904=AXIS2_PLACEMENT_3D('',#1034,#964,$);
#905=AXIS2_PLACEMENT_3D('',#1035,#965,$);
#906=AXIS2_PLACEMENT_3D('',#1036,#966,$);
#907=AXIS2_PLACEMENT_3D('',#1037,#967,$);
#908=AXIS2_PLACEMENT_3D('',#1038,#968,$);
#909=AXIS2_PLACEMENT_3D('',#1039,#969,$);
#910=AXIS2_PLACEMENT_3D('',#1040,#970,$);
#911=AXIS2_PLACEMENT_3D('',#1041,#971,$);
#912=AXIS2_PLACEMENT_3D('',#1042,#972,$);
#913=AXIS2_PLACEMENT_3D('',#1043,#973,$);
#914=AXIS2_PLACEMENT_3D('',#1044,#974,$);
#915=AXIS2_PLACEMENT_3D('',#1045,#975,$);
#916=AXIS2_PLACEMENT_3D('',#1046,#976,$);
#917=AXIS2_PLACEMENT_3D('',#1047,#977,$);
#918=AXIS2_PLACEMENT_3D('',#1048,#978,$);
#919=AXIS2_PLACEMENT_3D('',#1049,#979,$);
#920=AXIS2_PLACEMENT_3D('',#1050,#980,$);
#921=AXIS2_PLACEMENT_3D('',#1051,#981,$);
#922=AXIS2_PLACEMENT_3D('',#1052,#982,$);
#923=AXIS2_PLACEMENT_3D('',#1071,#983,$);
#924=AXIS2_PLACEMENT_3D('',#1072,#984,$);
#925=AXIS2_PLACEMENT_3D('',#1073,#985,$);
#926=AXIS2_PLACEMENT_3D('',#1074,#986,$);
#927=AXIS2_PLACEMENT_3D($,#1365,#987,#988);
#928=AXIS2_PLACEMENT_3D($,#1370,#989,#990);
#929=AXIS2_PLACEMENT_3D($,#1523,#991,#992);
#930=AXIS2_PLACEMENT_3D($,#1526,#993,#994);
#931=AXIS2_PLACEMENT_3D($,#1529,#995,#996);
#932=AXIS2_PLACEMENT_3D($,#1536,#997,#998);
#933=AXIS2_PLACEMENT_3D($,#1539,#999,#1000);
#934=AXIS2_PLACEMENT_3D($,#1542,#1001,#1002);
#935=AXIS2_PLACEMENT_3D($,#1545,#1003,#1004);
#936=AXIS2_PLACEMENT_3D($,#1548,#1005,#1006);
#937=AXIS2_PLACEMENT_3D($,#1647,#1007,#1008);
#938=DIRECTION('',(0.,0.,1.));
#939=DIRECTION('',(1.,0.,0.));
#940=DIRECTION('',(-0.499999999999999,-1.5663256280377E-15,0.866025403784439));
#941=DIRECTION('',(0.500000000000001,-7.21108648750443E-17,-0.866025403784438));
#942=DIRECTION('',(0.866025403784445,6.32397888663163E-16,0.499999999999988));
#943=DIRECTION('',(-0.500000000000002,-4.08032324864916E-16,0.866025403784438));
#944=DIRECTION('',(-0.866025403784439,-9.61478198333923E-16,-0.5));
#945=DIRECTION('',(-1.,0.,0.));
#946=DIRECTION('',(0.,0.,-1.));
#947=DIRECTION('',(1.,0.,0.));
#948=DIRECTION('',(0.,1.,0.));
#949=DIRECTION('',(-1.,0.,0.));
#950=DIRECTION('',(0.,-1.,0.));
#951=DIRECTION('',(0.,0.,1.));
#952=DIRECTION('',(0.,-1.,0.));
#953=DIRECTION('',(0.,1.,0.));
#954=DIRECTION('',(0.,0.,1.));
#955=DIRECTION('',(0.,0.,1.));
#956=DIRECTION('',(-0.866025403784439,0.,-0.499999999999999));
#957=DIRECTION('',(1.,0.,0.));
#958=DIRECTION('',(0.866025403784441,1.78102500598756E-14,0.499999999999997));
#959=DIRECTION('',(-0.499999999999992,-1.0154555153978E-14,0.866025403784443));
#960=DIRECTION('',(0.,-1.,0.));
#961=DIRECTION('',(0.,1.,0.));
#962=DIRECTION('',(0.866025403784439,2.47209591668301E-15,0.499999999999999));
#963=DIRECTION('',(0.,0.,1.));
#964=DIRECTION('',(0.,0.,1.));
#965=DIRECTION('',(0.,-1.,0.));
#966=DIRECTION('',(0.,0.,-1.));
#967=DIRECTION('',(0.,1.,0.));
#968=DIRECTION('',(0.,-1.,0.));
#969=DIRECTION('',(0.,1.,0.));
#970=DIRECTION('',(-4.76465504492368E-13,-4.80728760906918E-13,1.));
#971=DIRECTION('',(-8.69891940675385E-15,1.59349204915265E-15,-1.));
#972=DIRECTION('',(0.,1.,0.));
#973=DIRECTION('',(1.,0.,0.));
#974=DIRECTION('',(0.,-1.,0.));
#975=DIRECTION('',(-1.,0.,0.));
#976=DIRECTION('',(1.51583961970731E-21,1.49582622599889E-14,-1.));
#977=DIRECTION('',(1.51583782967561E-21,1.49582622599907E-14,-1.));
#978=DIRECTION('',(3.03167934239494E-21,-2.9916560864195E-14,-1.));
#979=DIRECTION('',(0.,0.,-1.));
#980=DIRECTION('',(-1.,-5.60131235695594E-14,-5.60131235695653E-14));
#981=DIRECTION('',(1.,-8.49807186206159E-13,9.42612768019822E-13));
#982=DIRECTION('',(2.51234619859435E-13,1.,2.71821255812289E-14));
#983=DIRECTION('',(0.,0.,-1.));
#984=DIRECTION('',(1.51583967119783E-21,1.49582804321011E-14,-1.));
#985=DIRECTION('',(1.51583782967525E-21,-1.49582622599871E-14,-1.));
#986=DIRECTION('',(1.51583961970659E-21,-1.49582622599818E-14,-1.));
#987=DIRECTION('',(4.71024982326639E-13,4.72446067798143E-13,-1.));
#988=DIRECTION('',(-3.41060513164833E-14,-1.,-4.71800376544685E-13));
#989=DIRECTION('',(-4.85188929015594E-15,2.00971834711558E-15,-1.));
#990=DIRECTION('',(-1.,9.09494701772897E-14,4.26325641456046E-15));
#991=DIRECTION('',(4.38167609904051E-13,4.95011028764846E-13,-1.));
#992=DIRECTION('',(-5.68434188608028E-14,-1.,-4.91695573145945E-13));
#993=DIRECTION('',(-9.70377858031084E-15,4.01943669422958E-15,-1.));
#994=DIRECTION('',(-1.,-1.13686837721632E-13,8.52651282912236E-15));
#995=DIRECTION('',(-1.,-5.8827924837024E-14,-2.21237693010759E-13));
#996=DIRECTION('',(-2.32013954533907E-13,0.,1.));
#997=DIRECTION('',(-1.69688243115731E-13,1.,7.26521733997179E-13));
#998=DIRECTION('',(-1.,-1.8561116362709E-13,2.66816047713942E-13));
#999=DIRECTION('',(2.19322747309653E-13,4.53383883795618E-13,-1.));
#1000=DIRECTION('',(3.12081515314468E-13,-1.,-4.56976504567614E-13));
#1001=DIRECTION('',(1.,1.18821778534407E-13,-4.92175921742473E-14));
#1002=DIRECTION('',(4.64027909067769E-14,0.,1.));
#1003=DIRECTION('',(0.,0.,-1.));
#1004=DIRECTION('',(-1.,-4.45830736163337E-13,0.));
#1005=DIRECTION('',(1.77649703371442E-13,-1.,-2.7045528518501E-13));
#1006=DIRECTION('',(-2.32013954533907E-14,-2.78416745440689E-13,1.));
#1007=DIRECTION('',(0.,0.,1.));
#1008=DIRECTION('',(1.,0.,0.));
#1009=CARTESIAN_POINT('',(0.,0.,0.));
#1010=CARTESIAN_POINT('',(921.907700174519,-2070.79438556081,83.9624910578366));
#1011=CARTESIAN_POINT('',(913.885776385872,-2070.79438556081,75.8669295839049));
#1012=CARTESIAN_POINT('',(926.005776385872,-2070.79438556081,82.8644148464833));
#1013=CARTESIAN_POINT('',(922.505776385872,-2070.79438556081,88.9265926729744));
#1014=CARTESIAN_POINT('',(919.907700174519,-2070.79438556081,87.4265926729744));
#1015=CARTESIAN_POINT('',(780.305874645148,-2070.79438556081,146.866929583905));
#1016=CARTESIAN_POINT('',(780.305874645148,-2070.79438556081,75.8669295839049));
#1017=CARTESIAN_POINT('',(785.305874645148,-1818.37438556081,144.866929583905));
#1018=CARTESIAN_POINT('',(785.305874645148,-2060.79438556081,144.866929583905));
#1019=CARTESIAN_POINT('',(869.893907273409,-2060.79438556081,144.866929583905));
#1020=CARTESIAN_POINT('',(869.893907273409,-1818.37438556081,144.866929583905));
#1021=CARTESIAN_POINT('',(785.305874645148,-2052.29438556081,79.8669295839049));
#1022=CARTESIAN_POINT('',(784.084716643893,-1826.87438556081,79.13999235783));
#1023=CARTESIAN_POINT('',(784.084716643893,-2052.29438556081,153.287589417474));
#1024=CARTESIAN_POINT('',(869.893907273409,-1818.37438556081,144.866929583905));
#1025=CARTESIAN_POINT('',(869.893907273409,-1818.37438556081,144.866929583905));
#1026=CARTESIAN_POINT('',(907.421674770734,-2052.29438556081,79.8669295839049));
#1027=CARTESIAN_POINT('',(785.305874645148,-2052.29438556081,152.560652191399));
#1028=CARTESIAN_POINT('',(900.289177546456,-1861.37438556081,94.816929583905));
#1029=CARTESIAN_POINT('',(904.272894403865,-1861.37438556081,97.1169295839049));
#1030=CARTESIAN_POINT('',(904.272894403865,-1828.37438556081,97.1169295839049));
#1031=CARTESIAN_POINT('',(869.894577983523,-1861.37438556081,156.661920302615));
#1032=CARTESIAN_POINT('',(913.885776385872,-2071.05680556088,75.8669295839049));
#1033=CARTESIAN_POINT('',(872.893907273409,-2070.79438556081,146.866929583905));
#1034=CARTESIAN_POINT('',(722.524761477122,-1946.83438556081,86.5469295839049));
#1035=CARTESIAN_POINT('',(722.524761477122,-1932.33438556081,86.5469295839049));
#1036=CARTESIAN_POINT('',(722.524761477122,-1932.33438556081,95.8469295839049));
#1037=CARTESIAN_POINT('',(722.524761477122,-1946.83438556081,95.8469295839049));
#1038=CARTESIAN_POINT('',(778.848875627741,-2070.79438556081,147.576929583905));
#1039=CARTESIAN_POINT('',(778.848875627741,-1808.37438556081,75.1569295839049));
#1040=CARTESIAN_POINT('',(790.305874645149,-2060.79438556081,111.36692958391));
#1041=CARTESIAN_POINT('',(790.305874645148,-1818.37438556081,111.366929583905));
#1042=CARTESIAN_POINT('',(826.33558972307,-1846.77205637147,297.786344841978));
#1043=CARTESIAN_POINT('',(811.33558972307,-1846.77205637147,297.786344841978));
#1044=CARTESIAN_POINT('',(811.33558972307,-1831.77205637147,297.786344841978));
#1045=CARTESIAN_POINT('',(826.33558972307,-1831.77205637147,297.786344841978));
#1046=CARTESIAN_POINT('',(816.109510161883,-1855.57818103254,183.580298692018));
#1047=CARTESIAN_POINT('',(807.632558709427,-2011.2583628135,183.580298692018));
#1048=CARTESIAN_POINT('',(807.632558709435,-1867.91062834824,183.580298692018));
#1049=CARTESIAN_POINT('',(816.10951016189,-2023.5908101292,183.580298692018));
#1050=CARTESIAN_POINT('',(835.464399118793,-1813.27438556081,141.966929583904));
#1051=CARTESIAN_POINT('',(835.464399118797,-2065.89438556081,141.966929583904));
#1052=CARTESIAN_POINT('',(785.205874645149,-1939.58438556081,141.966929583905));
#1053=CARTESIAN_POINT('',(790.305874645149,-2070.79438556081,141.966929583905));
#1054=CARTESIAN_POINT('',(780.305874645148,-2070.79438556081,141.966929583903));
#1055=CARTESIAN_POINT('',(780.305874645148,-2060.79438556081,141.966929583907));
#1056=CARTESIAN_POINT('',(790.305874645149,-2070.79438556081,146.866929583904));
#1057=CARTESIAN_POINT('',(780.305874645152,-2070.79438556081,146.866929583902));
#1058=CARTESIAN_POINT('',(780.30587464515,-2060.79438556081,146.866929583907));
#1059=CARTESIAN_POINT('',(790.305874645148,-2065.89438556081,146.866929583905));
#1060=CARTESIAN_POINT('',(785.205874645151,-2065.89438556081,146.866929583904));
#1061=CARTESIAN_POINT('',(785.20587464515,-2060.79438556081,146.866929583906));
#1062=CARTESIAN_POINT('',(780.305874645149,-1818.37438556081,141.966929583905));
#1063=CARTESIAN_POINT('',(780.305874645147,-1808.37438556081,141.966929583905));
#1064=CARTESIAN_POINT('',(790.305874645148,-1808.37438556081,141.966929583905));
#1065=CARTESIAN_POINT('',(780.305874645149,-1818.37438556081,146.866929583905));
#1066=CARTESIAN_POINT('',(780.305874645147,-1808.37438556081,146.866929583905));
#1067=CARTESIAN_POINT('',(790.305874645148,-1808.37438556081,146.866929583905));
#1068=CARTESIAN_POINT('',(785.205874645149,-1818.37438556081,146.866929583905));
#1069=CARTESIAN_POINT('',(785.205874645147,-1813.27438556081,146.866929583905));
#1070=CARTESIAN_POINT('',(790.305874645147,-1813.27438556081,146.866929583905));
#1071=CARTESIAN_POINT('',(816.10951016189,-1855.57810816285,183.580298692018));
#1072=CARTESIAN_POINT('',(807.632558709435,-2011.2582899438,183.580298692018));
#1073=CARTESIAN_POINT('',(807.632558709427,-1867.91055547854,183.580298692018));
#1074=CARTESIAN_POINT('',(816.109510161883,-2023.5907372595,183.580298692018));
#1075=CARTESIAN_POINT('',(912.385776385872,-2070.79438556081,78.4650057952583));
#1076=CARTESIAN_POINT('',(912.385776385872,-1808.37438556081,78.4650057952583));
#1077=CARTESIAN_POINT('',(921.907700174519,-1808.37438556081,83.9624910578366));
#1078=CARTESIAN_POINT('',(919.907700174519,-1808.37438556081,87.4265926729744));
#1079=CARTESIAN_POINT('',(922.505776385872,-1808.37438556081,88.9265926729744));
#1080=CARTESIAN_POINT('',(926.005776385872,-1808.37438556081,82.8644148464833));
#1081=CARTESIAN_POINT('',(913.885776385872,-1808.37438556081,75.8669295839049));
#1082=CARTESIAN_POINT('',(913.885776385872,-2070.79438556081,75.8669295839049));
#1083=CARTESIAN_POINT('',(926.005776385872,-2070.79438556081,82.8644148464833));
#1084=CARTESIAN_POINT('',(922.505776385872,-2070.79438556081,88.9265926729744));
#1085=CARTESIAN_POINT('',(919.907700174519,-2070.79438556081,87.4265926729744));
#1086=CARTESIAN_POINT('',(921.907700174519,-2070.79438556081,83.9624910578366));
#1087=CARTESIAN_POINT('',(785.305874645148,-1818.37438556081,144.866929583905));
#1088=CARTESIAN_POINT('',(785.305874645148,-2060.79438556081,144.866929583905));
#1089=CARTESIAN_POINT('',(869.893907273409,-2060.79438556081,144.866929583905));
#1090=CARTESIAN_POINT('',(869.893907273409,-1818.37438556081,144.866929583905));
#1091=CARTESIAN_POINT('',(785.305874645148,-2060.79438556081,146.866929583905));
#1092=CARTESIAN_POINT('',(785.305874645148,-1818.37438556081,146.866929583905));
#1093=CARTESIAN_POINT('',(869.893907273409,-2060.79438556081,146.866929583905));
#1094=CARTESIAN_POINT('',(869.893907273409,-1818.37438556081,146.866929583905));
#1095=CARTESIAN_POINT('',(907.421674770735,-2052.29438556081,79.8669295839049));
#1096=CARTESIAN_POINT('',(907.421674770735,-1826.87438556081,79.8669295839049));
#1097=CARTESIAN_POINT('',(785.305874645148,-1826.87438556081,79.8669295839049));
#1098=CARTESIAN_POINT('',(785.305874645148,-2052.29438556081,79.8669295839049));
#1099=CARTESIAN_POINT('',(785.305874645148,-1826.87438556081,144.866929583905));
#1100=CARTESIAN_POINT('',(785.305874645148,-2052.29438556081,144.866929583905));
#1101=CARTESIAN_POINT('',(869.893907273409,-2052.29438556081,144.866929583905));
#1102=CARTESIAN_POINT('',(869.893907273409,-1826.87438556081,144.866929583905));
#1103=CARTESIAN_POINT('',(900.289177546456,-1861.37438556081,94.816929583905));
#1104=CARTESIAN_POINT('',(900.289177546456,-1828.37438556081,94.816929583905));
#1105=CARTESIAN_POINT('',(902.28103597516,-1861.37438556081,95.9669295839048));
#1106=CARTESIAN_POINT('',(902.28103597516,-1828.37438556081,95.9669295839049));
#1107=CARTESIAN_POINT('',(872.893907273409,-1828.37438556081,146.866929583905));
#1108=CARTESIAN_POINT('',(872.893907273409,-1861.37438556081,146.866929583905));
#1109=CARTESIAN_POINT('',(870.238096035136,-1828.37438556081,146.866929583905));
#1110=CARTESIAN_POINT('',(870.238096035136,-1861.37438556081,146.866929583905));
#1111=CARTESIAN_POINT('',(780.305874645149,-1946.83438556081,86.5469295839049));
#1112=CARTESIAN_POINT('',(780.305874645148,-1932.33438556081,86.5469295839049));
#1113=CARTESIAN_POINT('',(780.305874645148,-1932.33438556081,95.8469295839049));
#1114=CARTESIAN_POINT('',(780.305874645149,-1946.83438556081,95.8469295839049));
#1115=CARTESIAN_POINT('',(785.305874645148,-1946.83438556081,86.5469295839049));
#1116=CARTESIAN_POINT('',(785.305874645148,-1932.33438556081,86.5469295839049));
#1117=CARTESIAN_POINT('',(785.305874645148,-1932.33438556081,95.8469295839049));
#1118=CARTESIAN_POINT('',(785.305874645148,-1946.83438556081,95.8469295839049));
#1119=CARTESIAN_POINT('',(790.305874645149,-2070.79438556081,75.8669295839049));
#1120=CARTESIAN_POINT('',(780.305874645149,-2060.79438556081,75.8669295839049));
#1121=CARTESIAN_POINT('',(790.305874645148,-1808.37438556081,75.8669295839049));
#1122=CARTESIAN_POINT('',(780.305874645149,-1818.37438556081,75.866929583905));
#1123=CARTESIAN_POINT('',(811.33558972307,-1846.77205637147,75.8669295839049));
#1124=CARTESIAN_POINT('',(826.33558972307,-1846.77205637147,75.8669295839049));
#1125=CARTESIAN_POINT('',(811.33558972307,-1831.77205637147,75.8669295839049));
#1126=CARTESIAN_POINT('',(826.33558972307,-1831.77205637147,75.8669295839049));
#1127=CARTESIAN_POINT('',(811.33558972307,-1846.77205637147,79.8669295839049));
#1128=CARTESIAN_POINT('',(826.33558972307,-1846.77205637147,79.8669295839049));
#1129=CARTESIAN_POINT('',(811.33558972307,-1831.77205637147,79.8669295839049));
#1130=CARTESIAN_POINT('',(826.33558972307,-1831.77205637147,79.8669295839049));
#1131=CARTESIAN_POINT('',(818.009540169995,-1855.57814363611,75.8669295839049));
#1132=CARTESIAN_POINT('',(818.009540169995,-1855.57814363611,79.8669295839049));
#1133=CARTESIAN_POINT('',(809.532588717539,-2011.25832541707,75.8669295839049));
#1134=CARTESIAN_POINT('',(809.532588717539,-2011.25832541707,79.8669295839049));
#1135=CARTESIAN_POINT('',(809.532588717539,-1867.91059287497,75.8669295839049));
#1136=CARTESIAN_POINT('',(809.532588717539,-1867.91059287497,79.8669295839049));
#1137=CARTESIAN_POINT('',(818.009540169995,-2023.59077465593,75.8669295839049));
#1138=CARTESIAN_POINT('',(818.009540169995,-2023.59077465593,79.866929583905));
#1139=CARTESIAN_POINT('',(872.893907273409,-2065.89438556081,146.866929583905));
#1140=CARTESIAN_POINT('',(875.722923592438,-2070.79438556081,141.966929583905));
#1141=CARTESIAN_POINT('',(872.893907273409,-1813.27438556081,146.866929583905));
#1142=CARTESIAN_POINT('',(875.722923592438,-1808.37438556081,141.966929583905));
#1143=CARTESIAN_POINT('',(780.305874645149,-1818.37438556081,141.966929583905));
#1144=CARTESIAN_POINT('',(780.305874645148,-2060.79438556081,141.966929583906));
#1145=CARTESIAN_POINT('',(785.205874645149,-1818.37438556081,146.866929583905));
#1146=CARTESIAN_POINT('',(785.205874645149,-2060.79438556081,146.866929583905));
#1147=CARTESIAN_POINT('',(790.305874645148,-1813.27438556081,146.866929583905));
#1148=CARTESIAN_POINT('',(790.305874645148,-2065.89438556081,146.866929583905));
#1149=CARTESIAN_POINT('',(790.305874645148,-2070.79438556081,141.966929583905));
#1150=CARTESIAN_POINT('',(790.305874645148,-1808.37438556081,141.966929583905));
#1151=CARTESIAN_POINT('',(814.209480153778,-1855.57814325102,79.8669295839049));
#1152=CARTESIAN_POINT('',(814.209480153778,-1855.57814325102,75.8669295839049));
#1153=CARTESIAN_POINT('',(805.732528701323,-2011.25832503198,79.8669295839049));
#1154=CARTESIAN_POINT('',(805.732528701323,-2011.25832503198,75.8669295839049));
#1155=CARTESIAN_POINT('',(805.732528701323,-1867.91059326006,79.8669295839049));
#1156=CARTESIAN_POINT('',(805.732528701323,-1867.91059326006,75.8669295839049));
#1157=CARTESIAN_POINT('',(814.209480153778,-2023.59077504102,79.8669295839049));
#1158=CARTESIAN_POINT('',(814.209480153778,-2023.59077504102,75.8669295839049));
#1159=CARTESIAN_POINT('',(912.385776385872,-2070.79438556081,78.4650057952583));
#1160=CARTESIAN_POINT('',(912.385776385872,-1983.32149328105,78.4650057952583));
#1161=CARTESIAN_POINT('',(912.385776385872,-1895.8470154966,78.4650057952583));
#1162=CARTESIAN_POINT('',(912.385776385872,-1808.37438556081,78.4650057952583));
#1163=CARTESIAN_POINT('',(912.385776385872,-2070.79438556081,78.4650057952583));
#1164=CARTESIAN_POINT('',(921.907700174519,-2070.79438556081,83.9624910578366));
#1165=CARTESIAN_POINT('',(921.907700174519,-1808.37438556081,83.9624910578366));
#1166=CARTESIAN_POINT('',(912.385776385872,-1808.37438556081,78.4650057952583));
#1167=CARTESIAN_POINT('',(919.907700174519,-1808.37438556081,87.4265926729744));
#1168=CARTESIAN_POINT('',(921.907700174519,-1808.37438556081,83.9624910578366));
#1169=CARTESIAN_POINT('',(922.505776385872,-1808.37438556081,88.9265926729744));
#1170=CARTESIAN_POINT('',(919.907700174519,-1808.37438556081,87.4265926729744));
#1171=CARTESIAN_POINT('',(926.005776385872,-1808.37438556081,82.8644148464833));
#1172=CARTESIAN_POINT('',(922.505776385872,-1808.37438556081,88.9265926729744));
#1173=CARTESIAN_POINT('',(913.885776385872,-1808.37438556081,75.8669295839049));
#1174=CARTESIAN_POINT('',(926.005776385872,-1808.37438556081,82.8644148464833));
#1175=CARTESIAN_POINT('',(926.005776385872,-2070.79438556081,82.8644148464833));
#1176=CARTESIAN_POINT('',(913.885776385872,-2070.79438556081,75.8669295839049));
#1177=CARTESIAN_POINT('',(922.505776385872,-2070.79438556081,88.9265926729744));
#1178=CARTESIAN_POINT('',(926.005776385872,-2070.79438556081,82.8644148464833));
#1179=CARTESIAN_POINT('',(919.907700174519,-2070.79438556081,87.4265926729744));
#1180=CARTESIAN_POINT('',(922.505776385872,-2070.79438556081,88.9265926729744));
#1181=CARTESIAN_POINT('',(921.907700174519,-2070.79438556081,83.9624910578366));
#1182=CARTESIAN_POINT('',(919.907700174519,-2070.79438556081,87.4265926729744));
#1183=CARTESIAN_POINT('',(913.885776385872,-2070.79438556081,75.8669295839049));
#1184=CARTESIAN_POINT('',(913.885776385872,-1983.32149328105,75.8669295839049));
#1185=CARTESIAN_POINT('',(913.885776385872,-1895.8470154966,75.8669295839049));
#1186=CARTESIAN_POINT('',(913.885776385872,-1808.37438556081,75.8669295839049));
#1187=CARTESIAN_POINT('',(926.005776385872,-2070.79438556081,82.8644148464833));
#1188=CARTESIAN_POINT('',(926.005776385872,-1983.32149328105,82.8644148464833));
#1189=CARTESIAN_POINT('',(926.005776385872,-1895.8470154966,82.8644148464833));
#1190=CARTESIAN_POINT('',(926.005776385872,-1808.37438556081,82.8644148464833));
#1191=CARTESIAN_POINT('',(922.505776385872,-2070.79438556081,88.9265926729744));
#1192=CARTESIAN_POINT('',(922.505776385873,-1983.32149328105,88.9265926729744));
#1193=CARTESIAN_POINT('',(922.505776385872,-1895.8470154966,88.9265926729743));
#1194=CARTESIAN_POINT('',(922.505776385872,-1808.37438556081,88.9265926729744));
#1195=CARTESIAN_POINT('',(919.907700174519,-2070.79438556081,87.4265926729744));
#1196=CARTESIAN_POINT('',(919.907700174519,-1983.32149328105,87.4265926729744));
#1197=CARTESIAN_POINT('',(919.907700174519,-1895.8470154966,87.4265926729743));
#1198=CARTESIAN_POINT('',(919.907700174519,-1808.37438556081,87.4265926729744));
#1199=CARTESIAN_POINT('',(921.907700174519,-2070.79438556081,83.9624910578366));
#1200=CARTESIAN_POINT('',(921.907700174519,-1983.32149328105,83.9624910578366));
#1201=CARTESIAN_POINT('',(921.907700174518,-1895.8470154966,83.9624910578366));
#1202=CARTESIAN_POINT('',(921.907700174519,-1808.37438556081,83.9624910578366));
#1203=CARTESIAN_POINT('',(872.893907273409,-2065.89438556081,146.866929583905));
#1204=CARTESIAN_POINT('',(872.893907273409,-1997.72105222748,146.866929583905));
#1205=CARTESIAN_POINT('',(872.893907273409,-1929.54771889414,146.866929583905));
#1206=CARTESIAN_POINT('',(872.893907273409,-1861.37438556081,146.866929583905));
#1207=CARTESIAN_POINT('',(872.893907273409,-1813.27438556081,146.866929583905));
#1208=CARTESIAN_POINT('',(790.305874645148,-1813.27438556081,146.866929583905));
#1209=CARTESIAN_POINT('',(875.722923592438,-2070.79438556081,141.966929583905));
#1210=CARTESIAN_POINT('',(912.385776385872,-2070.79438556081,78.4650057952583));
#1211=CARTESIAN_POINT('',(790.305874645148,-1808.37438556081,75.8669295839049));
#1212=CARTESIAN_POINT('',(913.885776385872,-1808.37438556081,75.8669295839049));
#1213=CARTESIAN_POINT('',(780.305874645149,-1818.37438556081,141.966929583905));
#1214=CARTESIAN_POINT('',(780.305874645149,-1818.37438556081,75.866929583905));
#1215=CARTESIAN_POINT('',(875.722923592438,-1808.37438556081,141.966929583905));
#1216=CARTESIAN_POINT('',(875.643189835357,-1808.37438556081,142.105032502248));
#1217=CARTESIAN_POINT('',(875.481269811325,-1808.38624272053,142.385486210632));
#1218=CARTESIAN_POINT('',(875.236565377316,-1808.44084746103,142.809326723176));
#1219=CARTESIAN_POINT('',(874.988783279316,-1808.53527003654,143.238497906115));
#1220=CARTESIAN_POINT('',(874.74103890964,-1808.67147029696,143.667603741685));
#1221=CARTESIAN_POINT('',(874.496737013745,-1808.85046207366,144.090747037759));
#1222=CARTESIAN_POINT('',(874.2594791361,-1809.07215676903,144.501689736338));
#1223=CARTESIAN_POINT('',(874.032906890511,-1809.3352632391,144.894124377281));
#1224=CARTESIAN_POINT('',(873.820537427226,-1809.63726084669,145.261959077669));
#1225=CARTESIAN_POINT('',(873.62559272714,-1809.97445551024,145.599613202884));
#1226=CARTESIAN_POINT('',(873.450842077709,-1810.34211908059,145.902290206354));
#1227=CARTESIAN_POINT('',(873.298472113576,-1810.73470252804,146.166202725779));
#1228=CARTESIAN_POINT('',(873.169997032323,-1811.14610321632,146.388728094016));
#1229=CARTESIAN_POINT('',(873.066216503248,-1811.5699641076,146.56848124321));
#1230=CARTESIAN_POINT('',(872.987223109235,-1811.99996546244,146.705301815104));
#1231=CARTESIAN_POINT('',(872.932455258522,-1812.43012242542,146.80016251516));
#1232=CARTESIAN_POINT('',(872.900786733905,-1812.85492254149,146.855014008797));
#1233=CARTESIAN_POINT('',(872.893907273409,-1813.1362106046,146.866929583905));
#1234=CARTESIAN_POINT('',(872.893907273409,-1813.27438556081,146.866929583905));
#1235=CARTESIAN_POINT('',(780.305874645149,-2060.79438556081,75.8669295839049));
#1236=CARTESIAN_POINT('',(780.305874645148,-2060.79438556081,141.966929583906));
#1237=CARTESIAN_POINT('',(913.885776385872,-2070.79438556081,75.8669295839049));
#1238=CARTESIAN_POINT('',(790.305874645149,-2070.79438556081,75.8669295839049));
#1239=CARTESIAN_POINT('',(875.722923592438,-1808.37438556081,141.966929583905));
#1240=CARTESIAN_POINT('',(790.305874645148,-1808.37438556081,141.966929583905));
#1241=CARTESIAN_POINT('',(780.305874645149,-2060.79438556081,75.8669295839049));
#1242=CARTESIAN_POINT('',(780.305874645149,-1979.98771889414,75.8669295839049));
#1243=CARTESIAN_POINT('',(780.305874645148,-1899.18105222748,75.866929583905));
#1244=CARTESIAN_POINT('',(780.305874645149,-1818.37438556081,75.866929583905));
#1245=CARTESIAN_POINT('',(785.305874645148,-1818.37438556081,144.866929583905));
#1246=CARTESIAN_POINT('',(785.305874645148,-1826.87438556081,144.866929583905));
#1247=CARTESIAN_POINT('',(785.305874645148,-2060.79438556081,144.866929583905));
#1248=CARTESIAN_POINT('',(785.305874645148,-2060.79438556081,146.866929583905));
#1249=CARTESIAN_POINT('',(785.305874645148,-1818.37438556081,144.866929583905));
#1250=CARTESIAN_POINT('',(785.305874645148,-1818.37438556081,146.866929583905));
#1251=CARTESIAN_POINT('',(785.305874645148,-2060.79438556081,144.866929583905));
#1252=CARTESIAN_POINT('',(869.893907273409,-2060.79438556081,144.866929583905));
#1253=CARTESIAN_POINT('',(869.893907273409,-2060.79438556081,144.866929583905));
#1254=CARTESIAN_POINT('',(869.893907273409,-2060.79438556081,146.866929583905));
#1255=CARTESIAN_POINT('',(869.893907273409,-2060.79438556081,144.866929583905));
#1256=CARTESIAN_POINT('',(869.893907273409,-2052.29438556081,144.866929583905));
#1257=CARTESIAN_POINT('',(869.893907273409,-1818.37438556081,144.866929583905));
#1258=CARTESIAN_POINT('',(869.893907273409,-1818.37438556081,146.866929583905));
#1259=CARTESIAN_POINT('',(869.893907273409,-1818.37438556081,144.866929583905));
#1260=CARTESIAN_POINT('',(785.305874645148,-1818.37438556081,144.866929583905));
#1261=CARTESIAN_POINT('',(869.893907273409,-2060.79438556081,146.866929583905));
#1262=CARTESIAN_POINT('',(785.305874645148,-2060.79438556081,146.866929583905));
#1263=CARTESIAN_POINT('',(869.893907273409,-1818.37438556081,146.866929583905));
#1264=CARTESIAN_POINT('',(869.893907273409,-2060.79438556081,146.866929583905));
#1265=CARTESIAN_POINT('',(785.305874645148,-1818.37438556081,146.866929583905));
#1266=CARTESIAN_POINT('',(869.893907273409,-1818.37438556081,146.866929583905));
#1267=CARTESIAN_POINT('',(907.421674770735,-2052.29438556081,79.8669295839049));
#1268=CARTESIAN_POINT('',(907.421674770735,-1977.15438556081,79.8669295839049));
#1269=CARTESIAN_POINT('',(907.421674770735,-1902.01438556081,79.8669295839049));
#1270=CARTESIAN_POINT('',(907.421674770735,-1826.87438556081,79.8669295839049));
#1271=CARTESIAN_POINT('',(907.421674770735,-1826.87438556081,79.8669295839049));
#1272=CARTESIAN_POINT('',(869.893907273409,-1826.87438556081,144.866929583905));
#1273=CARTESIAN_POINT('',(907.421674770735,-2052.29438556081,79.8669295839049));
#1274=CARTESIAN_POINT('',(785.305874645148,-2052.29438556081,79.8669295839049));
#1275=CARTESIAN_POINT('',(785.305874645148,-1826.87438556081,79.8669295839049));
#1276=CARTESIAN_POINT('',(907.421674770735,-1826.87438556081,79.8669295839049));
#1277=CARTESIAN_POINT('',(785.305874645148,-2052.29438556081,79.8669295839049));
#1278=CARTESIAN_POINT('',(785.305874645148,-2052.29438556081,144.866929583905));
#1279=CARTESIAN_POINT('',(785.305874645148,-2052.29438556081,79.8669295839049));
#1280=CARTESIAN_POINT('',(785.305874645148,-1977.15438556081,79.8669295839049));
#1281=CARTESIAN_POINT('',(785.305874645148,-1902.01438556081,79.8669295839049));
#1282=CARTESIAN_POINT('',(785.305874645148,-1826.87438556081,79.8669295839049));
#1283=CARTESIAN_POINT('',(869.893907273409,-1826.87438556081,144.866929583905));
#1284=CARTESIAN_POINT('',(785.305874645148,-1826.87438556081,144.866929583905));
#1285=CARTESIAN_POINT('',(785.305874645148,-2052.29438556081,144.866929583905));
#1286=CARTESIAN_POINT('',(869.893907273409,-2052.29438556081,144.866929583905));
#1287=CARTESIAN_POINT('',(785.305874645148,-2052.29438556081,144.866929583905));
#1288=CARTESIAN_POINT('',(785.305874645148,-2060.79438556081,144.866929583905));
#1289=CARTESIAN_POINT('',(785.305874645148,-1826.87438556081,144.866929583905));
#1290=CARTESIAN_POINT('',(785.305874645148,-2052.29438556081,144.866929583905));
#1291=CARTESIAN_POINT('',(869.893907273409,-1826.87438556081,144.866929583905));
#1292=CARTESIAN_POINT('',(869.893907273409,-1818.37438556081,144.866929583905));
#1293=CARTESIAN_POINT('',(869.893907273409,-2052.29438556081,144.866929583905));
#1294=CARTESIAN_POINT('',(869.893907273409,-1826.87438556081,144.866929583905));
#1295=CARTESIAN_POINT('',(785.305874645148,-1826.87438556081,144.866929583905));
#1296=CARTESIAN_POINT('',(785.305874645148,-1826.87438556081,79.8669295839049));
#1297=CARTESIAN_POINT('',(869.893907273409,-2052.29438556081,144.866929583905));
#1298=CARTESIAN_POINT('',(907.421674770735,-2052.29438556081,79.8669295839049));
#1299=CARTESIAN_POINT('',(785.305874645148,-2060.79438556081,146.866929583905));
#1300=CARTESIAN_POINT('',(785.305874645148,-2052.29438556081,146.866929583905));
#1301=CARTESIAN_POINT('',(785.305874645148,-1826.87438556081,146.866929583905));
#1302=CARTESIAN_POINT('',(785.305874645148,-1818.37438556081,146.866929583905));
#1303=CARTESIAN_POINT('',(900.289177546456,-1861.37438556081,94.816929583905));
#1304=CARTESIAN_POINT('',(900.289177546456,-1850.37438556081,94.8169295839049));
#1305=CARTESIAN_POINT('',(900.289177546456,-1839.37438556081,94.816929583905));
#1306=CARTESIAN_POINT('',(900.289177546456,-1828.37438556081,94.816929583905));
#1307=CARTESIAN_POINT('',(900.289177546456,-1828.37438556081,94.816929583905));
#1308=CARTESIAN_POINT('',(870.238096035136,-1828.37438556081,146.866929583905));
#1309=CARTESIAN_POINT('',(900.289177546456,-1861.37438556081,94.816929583905));
#1310=CARTESIAN_POINT('',(902.28103597516,-1861.37438556081,95.9669295839048));
#1311=CARTESIAN_POINT('',(902.28103597516,-1861.37438556081,95.9669295839048));
#1312=CARTESIAN_POINT('',(902.28103597516,-1850.37438556081,95.9669295839048));
#1313=CARTESIAN_POINT('',(902.28103597516,-1839.37438556081,95.9669295839048));
#1314=CARTESIAN_POINT('',(902.28103597516,-1828.37438556081,95.9669295839049));
#1315=CARTESIAN_POINT('',(902.28103597516,-1828.37438556081,95.9669295839049));
#1316=CARTESIAN_POINT('',(872.893907273409,-1828.37438556081,146.866929583905));
#1317=CARTESIAN_POINT('',(872.893907273409,-1861.37438556081,146.866929583905));
#1318=CARTESIAN_POINT('',(902.28103597516,-1861.37438556081,95.9669295839048));
#1319=CARTESIAN_POINT('',(870.238096035136,-1828.37438556081,146.866929583905));
#1320=CARTESIAN_POINT('',(870.238096035136,-1839.37438556081,146.866929583905));
#1321=CARTESIAN_POINT('',(870.238096035136,-1850.37438556081,146.866929583905));
#1322=CARTESIAN_POINT('',(870.238096035136,-1861.37438556081,146.866929583905));
#1323=CARTESIAN_POINT('',(872.893907273409,-1828.37438556081,146.866929583905));
#1324=CARTESIAN_POINT('',(870.238096035136,-1828.37438556081,146.866929583905));
#1325=CARTESIAN_POINT('',(870.238096035136,-1861.37438556081,146.866929583905));
#1326=CARTESIAN_POINT('',(872.893907273409,-1861.37438556081,146.866929583905));
#1327=CARTESIAN_POINT('',(872.893907273409,-1828.37438556081,146.866929583905));
#1328=CARTESIAN_POINT('',(872.893907273409,-1823.34105222748,146.866929583905));
#1329=CARTESIAN_POINT('',(872.893907273409,-1818.30771889414,146.866929583905));
#1330=CARTESIAN_POINT('',(872.893907273409,-1813.27438556081,146.866929583905));
#1331=CARTESIAN_POINT('',(870.238096035136,-1861.37438556081,146.866929583905));
#1332=CARTESIAN_POINT('',(900.289177546456,-1861.37438556081,94.816929583905));
#1333=CARTESIAN_POINT('',(902.28103597516,-1828.37438556081,95.9669295839049));
#1334=CARTESIAN_POINT('',(900.289177546456,-1828.37438556081,94.816929583905));
#1335=CARTESIAN_POINT('',(780.305874645149,-1946.83438556081,86.5469295839049));
#1336=CARTESIAN_POINT('',(780.305874645148,-1932.33438556081,86.5469295839049));
#1337=CARTESIAN_POINT('',(780.305874645148,-1932.33438556081,86.5469295839049));
#1338=CARTESIAN_POINT('',(780.305874645148,-1932.33438556081,95.8469295839049));
#1339=CARTESIAN_POINT('',(780.305874645148,-1932.33438556081,95.8469295839049));
#1340=CARTESIAN_POINT('',(780.305874645149,-1946.83438556081,95.8469295839049));
#1341=CARTESIAN_POINT('',(780.305874645149,-1946.83438556081,95.8469295839049));
#1342=CARTESIAN_POINT('',(780.305874645149,-1946.83438556081,86.5469295839049));
#1343=CARTESIAN_POINT('',(785.305874645148,-1946.83438556081,86.5469295839049));
#1344=CARTESIAN_POINT('',(785.305874645148,-1932.33438556081,86.5469295839049));
#1345=CARTESIAN_POINT('',(785.305874645148,-1932.33438556081,86.5469295839049));
#1346=CARTESIAN_POINT('',(785.305874645148,-1932.33438556081,95.8469295839049));
#1347=CARTESIAN_POINT('',(785.305874645148,-1932.33438556081,95.8469295839049));
#1348=CARTESIAN_POINT('',(785.305874645148,-1946.83438556081,95.8469295839049));
#1349=CARTESIAN_POINT('',(785.305874645148,-1946.83438556081,95.8469295839049));
#1350=CARTESIAN_POINT('',(785.305874645148,-1946.83438556081,86.5469295839049));
#1351=CARTESIAN_POINT('',(780.305874645148,-1932.33438556081,86.5469295839049));
#1352=CARTESIAN_POINT('',(785.305874645148,-1932.33438556081,86.5469295839049));
#1353=CARTESIAN_POINT('',(780.305874645149,-1946.83438556081,86.5469295839049));
#1354=CARTESIAN_POINT('',(785.305874645148,-1946.83438556081,86.5469295839049));
#1355=CARTESIAN_POINT('',(780.305874645148,-1932.33438556081,95.8469295839049));
#1356=CARTESIAN_POINT('',(785.305874645148,-1932.33438556081,95.8469295839049));
#1357=CARTESIAN_POINT('',(780.305874645149,-1946.83438556081,95.8469295839049));
#1358=CARTESIAN_POINT('',(785.305874645148,-1946.83438556081,95.8469295839049));
#1359=CARTESIAN_POINT('',(912.385776385872,-1808.37438556081,78.4650057952583));
#1360=CARTESIAN_POINT('',(875.722923592438,-1808.37438556081,141.966929583905));
#1361=CARTESIAN_POINT('',(790.305874645149,-2070.79438556081,75.8669295839049));
#1362=CARTESIAN_POINT('',(790.305874645148,-2070.79438556081,141.966929583905));
#1363=CARTESIAN_POINT('',(790.305874645148,-2070.79438556081,141.966929583905));
#1364=CARTESIAN_POINT('',(875.722923592438,-2070.79438556081,141.966929583905));
#1365=CARTESIAN_POINT('',(790.305874645149,-2060.79438556081,75.8669295839097));
#1366=CARTESIAN_POINT('',(790.305874645149,-2070.79438556081,75.8669295839049));
#1367=CARTESIAN_POINT('',(780.305874645149,-2060.79438556081,75.8669295839049));
#1368=CARTESIAN_POINT('',(790.305874645148,-1808.37438556081,141.966929583905));
#1369=CARTESIAN_POINT('',(790.305874645148,-1808.37438556081,75.8669295839049));
#1370=CARTESIAN_POINT('',(790.305874645149,-1818.37438556081,75.8669295839049));
#1371=CARTESIAN_POINT('',(780.305874645149,-1818.37438556081,75.866929583905));
#1372=CARTESIAN_POINT('',(790.305874645148,-1808.37438556081,75.8669295839049));
#1373=CARTESIAN_POINT('',(872.893907273409,-2065.89438556081,146.866929583905));
#1374=CARTESIAN_POINT('',(872.893907273409,-2066.03256051702,146.866929583905));
#1375=CARTESIAN_POINT('',(872.900786733905,-2066.31384858013,146.855014008798));
#1376=CARTESIAN_POINT('',(872.932455258521,-2066.7386486962,146.800162515159));
#1377=CARTESIAN_POINT('',(872.987223109234,-2067.16880565918,146.705301815104));
#1378=CARTESIAN_POINT('',(873.066216503248,-2067.59880701402,146.56848124321));
#1379=CARTESIAN_POINT('',(873.169997032323,-2068.0226679053,146.388728094016));
#1380=CARTESIAN_POINT('',(873.298472113575,-2068.43406859357,146.166202725779));
#1381=CARTESIAN_POINT('',(873.450842077709,-2068.82665204103,145.902290206355));
#1382=CARTESIAN_POINT('',(873.62559272714,-2069.19431561138,145.599613202884));
#1383=CARTESIAN_POINT('',(873.820537427226,-2069.53151027493,145.261959077669));
#1384=CARTESIAN_POINT('',(874.032906890512,-2069.83350788252,144.894124377281));
#1385=CARTESIAN_POINT('',(874.2594791361,-2070.09661435259,144.501689736338));
#1386=CARTESIAN_POINT('',(874.496737013745,-2070.31830904796,144.090747037759));
#1387=CARTESIAN_POINT('',(874.74103890964,-2070.49730082466,143.667603741684));
#1388=CARTESIAN_POINT('',(874.988783279317,-2070.63350108508,143.238497906116));
#1389=CARTESIAN_POINT('',(875.236565377316,-2070.72792366059,142.809326723175));
#1390=CARTESIAN_POINT('',(875.481269811326,-2070.78252840109,142.385486210633));
#1391=CARTESIAN_POINT('',(875.643189835357,-2070.79438556081,142.105032502248));
#1392=CARTESIAN_POINT('',(875.722923592438,-2070.79438556081,141.966929583905));
#1393=CARTESIAN_POINT('',(811.33558972307,-1846.77205637147,75.8669295839049));
#1394=CARTESIAN_POINT('',(826.33558972307,-1846.77205637147,75.8669295839049));
#1395=CARTESIAN_POINT('',(811.33558972307,-1831.77205637147,75.8669295839049));
#1396=CARTESIAN_POINT('',(811.33558972307,-1836.77205637147,75.8669295839049));
#1397=CARTESIAN_POINT('',(811.33558972307,-1841.77205637147,75.8669295839049));
#1398=CARTESIAN_POINT('',(811.33558972307,-1846.77205637147,75.8669295839049));
#1399=CARTESIAN_POINT('',(826.33558972307,-1831.77205637147,75.8669295839049));
#1400=CARTESIAN_POINT('',(811.33558972307,-1831.77205637147,75.8669295839049));
#1401=CARTESIAN_POINT('',(826.33558972307,-1846.77205637147,75.8669295839049));
#1402=CARTESIAN_POINT('',(826.33558972307,-1841.77205637147,75.8669295839049));
#1403=CARTESIAN_POINT('',(826.33558972307,-1836.77205637147,75.8669295839049));
#1404=CARTESIAN_POINT('',(826.33558972307,-1831.77205637147,75.8669295839049));
#1405=CARTESIAN_POINT('',(811.33558972307,-1846.77205637147,79.8669295839049));
#1406=CARTESIAN_POINT('',(826.33558972307,-1846.77205637147,79.8669295839049));
#1407=CARTESIAN_POINT('',(811.33558972307,-1831.77205637147,79.8669295839049));
#1408=CARTESIAN_POINT('',(811.33558972307,-1836.77205637147,79.8669295839049));
#1409=CARTESIAN_POINT('',(811.33558972307,-1841.77205637147,79.8669295839049));
#1410=CARTESIAN_POINT('',(811.33558972307,-1846.77205637147,79.8669295839049));
#1411=CARTESIAN_POINT('',(826.33558972307,-1831.77205637147,79.8669295839049));
#1412=CARTESIAN_POINT('',(811.33558972307,-1831.77205637147,79.8669295839049));
#1413=CARTESIAN_POINT('',(826.33558972307,-1846.77205637147,79.8669295839049));
#1414=CARTESIAN_POINT('',(826.33558972307,-1841.77205637147,79.8669295839049));
#1415=CARTESIAN_POINT('',(826.33558972307,-1836.77205637147,79.8669295839049));
#1416=CARTESIAN_POINT('',(826.33558972307,-1831.77205637147,79.8669295839049));
#1417=CARTESIAN_POINT('',(811.33558972307,-1846.77205637147,79.8669295839049));
#1418=CARTESIAN_POINT('',(811.33558972307,-1846.77205637147,75.8669295839049));
#1419=CARTESIAN_POINT('',(826.33558972307,-1846.77205637147,79.8669295839049));
#1420=CARTESIAN_POINT('',(826.33558972307,-1846.77205637147,75.8669295839049));
#1421=CARTESIAN_POINT('',(811.33558972307,-1831.77205637147,79.8669295839049));
#1422=CARTESIAN_POINT('',(811.33558972307,-1831.77205637147,75.8669295839049));
#1423=CARTESIAN_POINT('',(826.33558972307,-1831.77205637147,79.8669295839049));
#1424=CARTESIAN_POINT('',(826.33558972307,-1831.77205637147,75.8669295839049));
#1425=CARTESIAN_POINT('',(818.009540169995,-1855.57814363611,75.8669295839049));
#1426=CARTESIAN_POINT('',(818.009683342071,-1855.32944849079,75.8669295839049));
#1427=CARTESIAN_POINT('',(817.910622986458,-1854.83209979548,75.8669295839049));
#1428=CARTESIAN_POINT('',(817.488090808984,-1854.19961179482,75.8669295839049));
#1429=CARTESIAN_POINT('',(816.855579722917,-1853.77701470776,75.8669295839049));
#1430=CARTESIAN_POINT('',(816.109550051275,-1853.62860997487,75.8669295839049));
#1431=CARTESIAN_POINT('',(815.363476773574,-1853.77701432089,75.8669295839049));
#1432=CARTESIAN_POINT('',(814.731027856471,-1854.19961272875,75.8669295839049));
#1433=CARTESIAN_POINT('',(814.308382783274,-1854.83209790304,75.8669295839049));
#1434=CARTESIAN_POINT('',(814.209477266396,-1855.32946155958,75.8669295839049));
#1435=CARTESIAN_POINT('',(814.209480153778,-1855.57814325102,75.8669295839049));
#1436=CARTESIAN_POINT('',(818.009540169995,-1855.57814363611,79.8669295839049));
#1437=CARTESIAN_POINT('',(818.009683342071,-1855.32944849079,79.8669295839049));
#1438=CARTESIAN_POINT('',(817.910622986458,-1854.83209979548,79.8669295839049));
#1439=CARTESIAN_POINT('',(817.488090808984,-1854.19961179482,79.8669295839049));
#1440=CARTESIAN_POINT('',(816.855579722917,-1853.77701470776,79.8669295839049));
#1441=CARTESIAN_POINT('',(816.109550051275,-1853.62860997487,79.8669295839049));
#1442=CARTESIAN_POINT('',(815.363476773574,-1853.77701432089,79.8669295839049));
#1443=CARTESIAN_POINT('',(814.731027856471,-1854.19961272875,79.8669295839049));
#1444=CARTESIAN_POINT('',(814.308382783274,-1854.83209790304,79.8669295839049));
#1445=CARTESIAN_POINT('',(814.209477266396,-1855.32946155958,79.8669295839049));
#1446=CARTESIAN_POINT('',(814.209480153778,-1855.57814325102,79.8669295839049));
#1447=CARTESIAN_POINT('',(818.009540169995,-1855.57814363611,79.8669295839049));
#1448=CARTESIAN_POINT('',(818.009540169995,-1855.57814363611,75.8669295839049));
#1449=CARTESIAN_POINT('',(809.532588717539,-2011.25832541707,75.8669295839049));
#1450=CARTESIAN_POINT('',(809.532731889619,-2011.00963027174,75.8669295839049));
#1451=CARTESIAN_POINT('',(809.433671533999,-2010.51228157644,75.8669295839049));
#1452=CARTESIAN_POINT('',(809.011139356527,-2009.87979357578,75.8669295839049));
#1453=CARTESIAN_POINT('',(808.37862827046,-2009.45719648872,75.8669295839049));
#1454=CARTESIAN_POINT('',(807.632598598816,-2009.30879175583,75.8669295839049));
#1455=CARTESIAN_POINT('',(806.886525321115,-2009.45719610185,75.8669295839049));
#1456=CARTESIAN_POINT('',(806.254076404011,-2009.87979450971,75.8669295839049));
#1457=CARTESIAN_POINT('',(805.831431330813,-2010.512279684,75.8669295839049));
#1458=CARTESIAN_POINT('',(805.73252581394,-2011.00964334054,75.8669295839049));
#1459=CARTESIAN_POINT('',(805.732528701323,-2011.25832503198,75.8669295839049));
#1460=CARTESIAN_POINT('',(809.532588717539,-2011.25832541707,79.8669295839049));
#1461=CARTESIAN_POINT('',(809.532731889619,-2011.00963027174,79.8669295839049));
#1462=CARTESIAN_POINT('',(809.433671533999,-2010.51228157644,79.8669295839049));
#1463=CARTESIAN_POINT('',(809.011139356527,-2009.87979357578,79.8669295839049));
#1464=CARTESIAN_POINT('',(808.37862827046,-2009.45719648872,79.8669295839049));
#1465=CARTESIAN_POINT('',(807.632598598816,-2009.30879175583,79.8669295839049));
#1466=CARTESIAN_POINT('',(806.886525321115,-2009.45719610185,79.8669295839049));
#1467=CARTESIAN_POINT('',(806.254076404011,-2009.87979450971,79.8669295839049));
#1468=CARTESIAN_POINT('',(805.831431330813,-2010.512279684,79.8669295839049));
#1469=CARTESIAN_POINT('',(805.73252581394,-2011.00964334054,79.8669295839049));
#1470=CARTESIAN_POINT('',(805.732528701323,-2011.25832503198,79.8669295839049));
#1471=CARTESIAN_POINT('',(809.532588717539,-2011.25832541707,79.8669295839049));
#1472=CARTESIAN_POINT('',(809.532588717539,-2011.25832541707,75.8669295839049));
#1473=CARTESIAN_POINT('',(809.532588717539,-1867.91059287497,75.8669295839049));
#1474=CARTESIAN_POINT('',(809.532731469216,-1867.66189686758,75.8669295839049));
#1475=CARTESIAN_POINT('',(809.433672375411,-1867.16455075946,75.8669295839049));
#1476=CARTESIAN_POINT('',(809.011138228512,-1866.5320587218,75.8669295839049));
#1477=CARTESIAN_POINT('',(808.378630158191,-1866.10946780905,75.8669295839049));
#1478=CARTESIAN_POINT('',(807.63259519405,-1865.96105229902,75.8669295839049));
#1479=CARTESIAN_POINT('',(806.886531563083,-1866.10947581683,75.8669295839049));
#1480=CARTESIAN_POINT('',(806.254065242714,-1866.53204348394,75.8669295839049));
#1481=CARTESIAN_POINT('',(805.831448655113,-1867.16454845939,75.8669295839049));
#1482=CARTESIAN_POINT('',(805.732531588707,-1867.66191156862,75.8669295839049));
#1483=CARTESIAN_POINT('',(805.732528701323,-1867.91059326006,75.8669295839049));
#1484=CARTESIAN_POINT('',(809.532588717539,-1867.91059287497,79.8669295839049));
#1485=CARTESIAN_POINT('',(809.532731469216,-1867.66189686758,79.8669295839049));
#1486=CARTESIAN_POINT('',(809.433672375411,-1867.16455075946,79.8669295839049));
#1487=CARTESIAN_POINT('',(809.011138228512,-1866.5320587218,79.8669295839049));
#1488=CARTESIAN_POINT('',(808.378630158191,-1866.10946780905,79.8669295839049));
#1489=CARTESIAN_POINT('',(807.63259519405,-1865.96105229902,79.8669295839049));
#1490=CARTESIAN_POINT('',(806.886531563083,-1866.10947581683,79.8669295839049));
#1491=CARTESIAN_POINT('',(806.254065242714,-1866.53204348394,79.8669295839049));
#1492=CARTESIAN_POINT('',(805.831448655113,-1867.16454845939,79.8669295839049));
#1493=CARTESIAN_POINT('',(805.732531588707,-1867.66191156862,79.8669295839049));
#1494=CARTESIAN_POINT('',(805.732528701323,-1867.91059326006,79.8669295839049));
#1495=CARTESIAN_POINT('',(809.532588717539,-1867.91059287497,79.8669295839049));
#1496=CARTESIAN_POINT('',(809.532588717539,-1867.91059287497,75.8669295839049));
#1497=CARTESIAN_POINT('',(818.009540169995,-2023.59077465593,75.8669295839049));
#1498=CARTESIAN_POINT('',(818.009682921672,-2023.34207864854,75.8669295839049));
#1499=CARTESIAN_POINT('',(817.910623827868,-2022.84473254041,75.8669295839049));
#1500=CARTESIAN_POINT('',(817.488089680966,-2022.21224050276,75.8669295839049));
#1501=CARTESIAN_POINT('',(816.855581610646,-2021.78964959001,75.8669295839049));
#1502=CARTESIAN_POINT('',(816.109546646504,-2021.64123407997,75.8669295839049));
#1503=CARTESIAN_POINT('',(815.363483015538,-2021.78965759779,75.8669295839049));
#1504=CARTESIAN_POINT('',(814.731016695168,-2022.2122252649,75.8669295839049));
#1505=CARTESIAN_POINT('',(814.308400107569,-2022.84473024035,75.8669295839049));
#1506=CARTESIAN_POINT('',(814.209483041161,-2023.34209334957,75.8669295839049));
#1507=CARTESIAN_POINT('',(814.209480153778,-2023.59077504102,75.8669295839049));
#1508=CARTESIAN_POINT('',(818.009540169995,-2023.59077465593,79.866929583905));
#1509=CARTESIAN_POINT('',(818.009682921672,-2023.34207864854,79.8669295839049));
#1510=CARTESIAN_POINT('',(817.910623827868,-2022.84473254041,79.8669295839049));
#1511=CARTESIAN_POINT('',(817.488089680966,-2022.21224050276,79.8669295839049));
#1512=CARTESIAN_POINT('',(816.855581610646,-2021.78964959001,79.8669295839049));
#1513=CARTESIAN_POINT('',(816.109546646504,-2021.64123407997,79.8669295839049));
#1514=CARTESIAN_POINT('',(815.363483015538,-2021.78965759779,79.8669295839049));
#1515=CARTESIAN_POINT('',(814.731016695168,-2022.2122252649,79.8669295839049));
#1516=CARTESIAN_POINT('',(814.308400107569,-2022.84473024035,79.8669295839049));
#1517=CARTESIAN_POINT('',(814.209483041161,-2023.34209334957,79.8669295839049));
#1518=CARTESIAN_POINT('',(814.209480153778,-2023.59077504102,79.8669295839049));
#1519=CARTESIAN_POINT('',(818.009540169995,-2023.59077465593,79.866929583905));
#1520=CARTESIAN_POINT('',(818.009540169995,-2023.59077465593,75.8669295839049));
#1521=CARTESIAN_POINT('',(790.305874645148,-2065.89438556081,146.866929583905));
#1522=CARTESIAN_POINT('',(872.893907273409,-2065.89438556081,146.866929583905));
#1523=CARTESIAN_POINT('',(790.305874645149,-2060.79438556081,141.96692958391));
#1524=CARTESIAN_POINT('',(790.305874645148,-2070.79438556081,141.966929583905));
#1525=CARTESIAN_POINT('',(780.305874645148,-2060.79438556081,141.966929583906));
#1526=CARTESIAN_POINT('',(790.305874645148,-1818.37438556081,141.966929583905));
#1527=CARTESIAN_POINT('',(780.305874645149,-1818.37438556081,141.966929583905));
#1528=CARTESIAN_POINT('',(790.305874645148,-1808.37438556081,141.966929583905));
#1529=CARTESIAN_POINT('',(790.305874645149,-1813.27438556081,141.966929583905));
#1530=CARTESIAN_POINT('',(790.305874645148,-1813.27438556081,146.866929583905));
#1531=CARTESIAN_POINT('',(790.305874645148,-1808.37438556081,141.966929583905));
#1532=CARTESIAN_POINT('',(780.305874645149,-1818.37438556081,141.966929583905));
#1533=CARTESIAN_POINT('',(780.305874645148,-2060.79438556081,141.966929583906));
#1534=CARTESIAN_POINT('',(785.205874645149,-1818.37438556081,146.866929583905));
#1535=CARTESIAN_POINT('',(785.205874645149,-2060.79438556081,146.866929583905));
#1536=CARTESIAN_POINT('',(785.205874645149,-2060.79438556081,141.966929583904));
#1537=CARTESIAN_POINT('',(780.305874645148,-2060.79438556081,141.966929583906));
#1538=CARTESIAN_POINT('',(785.205874645149,-2060.79438556081,146.866929583905));
#1539=CARTESIAN_POINT('',(790.305874645147,-2060.79438556081,146.866929583907));
#1540=CARTESIAN_POINT('',(790.305874645148,-2065.89438556081,146.866929583905));
#1541=CARTESIAN_POINT('',(785.20587464515,-2060.79438556081,146.866929583906));
#1542=CARTESIAN_POINT('',(790.305874645148,-2065.89438556081,141.966929583904));
#1543=CARTESIAN_POINT('',(790.305874645148,-2065.89438556081,146.866929583905));
#1544=CARTESIAN_POINT('',(790.305874645148,-2070.79438556081,141.966929583905));
#1545=CARTESIAN_POINT('',(790.305874645147,-1818.37438556081,146.866929583905));
#1546=CARTESIAN_POINT('',(785.205874645149,-1818.37438556081,146.866929583905));
#1547=CARTESIAN_POINT('',(790.305874645147,-1813.27438556081,146.866929583905));
#1548=CARTESIAN_POINT('',(785.205874645149,-1818.37438556081,141.966929583905));
#1549=CARTESIAN_POINT('',(785.205874645149,-1818.37438556081,146.866929583905));
#1550=CARTESIAN_POINT('',(780.305874645149,-1818.37438556081,141.966929583905));
#1551=CARTESIAN_POINT('',(814.209480153778,-1855.57814325102,79.8669295839049));
#1552=CARTESIAN_POINT('',(814.209480153778,-1855.57814325102,75.8669295839049));
#1553=CARTESIAN_POINT('',(814.209480153778,-1855.57814325102,75.8669295839049));
#1554=CARTESIAN_POINT('',(814.209483041161,-1855.82682494247,75.8669295839049));
#1555=CARTESIAN_POINT('',(814.308400107569,-1856.32418805169,75.8669295839049));
#1556=CARTESIAN_POINT('',(814.731016695168,-1856.95669302714,75.8669295839049));
#1557=CARTESIAN_POINT('',(815.363483015538,-1857.37926069425,75.8669295839049));
#1558=CARTESIAN_POINT('',(816.109546646504,-1857.52768421207,75.8669295839049));
#1559=CARTESIAN_POINT('',(816.855581610646,-1857.37926870203,75.8669295839049));
#1560=CARTESIAN_POINT('',(817.488089680966,-1856.95667778929,75.8669295839049));
#1561=CARTESIAN_POINT('',(817.910623827868,-1856.32418575163,75.8669295839049));
#1562=CARTESIAN_POINT('',(818.009682921672,-1855.8268396435,75.8669295839049));
#1563=CARTESIAN_POINT('',(818.009540169995,-1855.57814363611,75.8669295839049));
#1564=CARTESIAN_POINT('',(814.209480153778,-1855.57814325102,79.8669295839049));
#1565=CARTESIAN_POINT('',(814.209483041161,-1855.82682494247,79.8669295839049));
#1566=CARTESIAN_POINT('',(814.308400107569,-1856.32418805169,79.8669295839049));
#1567=CARTESIAN_POINT('',(814.731016695168,-1856.95669302714,79.8669295839049));
#1568=CARTESIAN_POINT('',(815.363483015538,-1857.37926069425,79.8669295839049));
#1569=CARTESIAN_POINT('',(816.109546646504,-1857.52768421207,79.8669295839049));
#1570=CARTESIAN_POINT('',(816.855581610646,-1857.37926870203,79.8669295839049));
#1571=CARTESIAN_POINT('',(817.488089680966,-1856.95667778929,79.8669295839049));
#1572=CARTESIAN_POINT('',(817.910623827868,-1856.32418575163,79.8669295839049));
#1573=CARTESIAN_POINT('',(818.009682921672,-1855.8268396435,79.8669295839049));
#1574=CARTESIAN_POINT('',(818.009540169995,-1855.57814363611,79.8669295839049));
#1575=CARTESIAN_POINT('',(805.732528701323,-2011.25832503198,79.8669295839049));
#1576=CARTESIAN_POINT('',(805.732528701323,-2011.25832503198,75.8669295839049));
#1577=CARTESIAN_POINT('',(805.732528701323,-2011.25832503198,75.8669295839049));
#1578=CARTESIAN_POINT('',(805.732531588707,-2011.50700672342,75.8669295839049));
#1579=CARTESIAN_POINT('',(805.831448655113,-2012.00436983265,75.8669295839049));
#1580=CARTESIAN_POINT('',(806.254065242714,-2012.6368748081,75.8669295839049));
#1581=CARTESIAN_POINT('',(806.886531563083,-2013.05944247521,75.8669295839049));
#1582=CARTESIAN_POINT('',(807.63259519405,-2013.20786599302,75.8669295839049));
#1583=CARTESIAN_POINT('',(808.378630158191,-2013.05945048299,75.8669295839049));
#1584=CARTESIAN_POINT('',(809.011138228512,-2012.63685957024,75.8669295839049));
#1585=CARTESIAN_POINT('',(809.433672375411,-2012.00436753258,75.8669295839049));
#1586=CARTESIAN_POINT('',(809.532731469216,-2011.50702142446,75.8669295839049));
#1587=CARTESIAN_POINT('',(809.532588717539,-2011.25832541707,75.8669295839049));
#1588=CARTESIAN_POINT('',(805.732528701323,-2011.25832503198,79.8669295839049));
#1589=CARTESIAN_POINT('',(805.732531588707,-2011.50700672342,79.8669295839049));
#1590=CARTESIAN_POINT('',(805.831448655113,-2012.00436983265,79.8669295839049));
#1591=CARTESIAN_POINT('',(806.254065242714,-2012.6368748081,79.8669295839049));
#1592=CARTESIAN_POINT('',(806.886531563083,-2013.05944247521,79.8669295839049));
#1593=CARTESIAN_POINT('',(807.63259519405,-2013.20786599302,79.8669295839049));
#1594=CARTESIAN_POINT('',(808.378630158191,-2013.05945048299,79.8669295839049));
#1595=CARTESIAN_POINT('',(809.011138228512,-2012.63685957024,79.8669295839049));
#1596=CARTESIAN_POINT('',(809.433672375411,-2012.00436753258,79.8669295839049));
#1597=CARTESIAN_POINT('',(809.532731469216,-2011.50702142446,79.8669295839049));
#1598=CARTESIAN_POINT('',(809.532588717539,-2011.25832541707,79.8669295839049));
#1599=CARTESIAN_POINT('',(805.732528701323,-1867.91059326006,79.8669295839049));
#1600=CARTESIAN_POINT('',(805.732528701323,-1867.91059326006,75.8669295839049));
#1601=CARTESIAN_POINT('',(805.732528701323,-1867.91059326006,75.8669295839049));
#1602=CARTESIAN_POINT('',(805.73252581394,-1868.1592749515,75.8669295839049));
#1603=CARTESIAN_POINT('',(805.831431330813,-1868.65663860804,75.8669295839049));
#1604=CARTESIAN_POINT('',(806.254076404011,-1869.28912378233,75.8669295839049));
#1605=CARTESIAN_POINT('',(806.886525321115,-1869.71172219019,75.8669295839049));
#1606=CARTESIAN_POINT('',(807.632598598816,-1869.86012653621,75.8669295839049));
#1607=CARTESIAN_POINT('',(808.37862827046,-1869.71172180332,75.8669295839049));
#1608=CARTESIAN_POINT('',(809.011139356527,-1869.28912471626,75.8669295839049));
#1609=CARTESIAN_POINT('',(809.433671533999,-1868.6566367156,75.8669295839049));
#1610=CARTESIAN_POINT('',(809.532731889619,-1868.1592880203,75.8669295839049));
#1611=CARTESIAN_POINT('',(809.532588717539,-1867.91059287497,75.8669295839049));
#1612=CARTESIAN_POINT('',(805.732528701323,-1867.91059326006,79.8669295839049));
#1613=CARTESIAN_POINT('',(805.73252581394,-1868.1592749515,79.8669295839049));
#1614=CARTESIAN_POINT('',(805.831431330813,-1868.65663860804,79.8669295839049));
#1615=CARTESIAN_POINT('',(806.254076404011,-1869.28912378233,79.8669295839049));
#1616=CARTESIAN_POINT('',(806.886525321115,-1869.71172219019,79.8669295839049));
#1617=CARTESIAN_POINT('',(807.632598598816,-1869.86012653621,79.8669295839049));
#1618=CARTESIAN_POINT('',(808.37862827046,-1869.71172180332,79.8669295839049));
#1619=CARTESIAN_POINT('',(809.011139356527,-1869.28912471626,79.8669295839049));
#1620=CARTESIAN_POINT('',(809.433671533999,-1868.6566367156,79.8669295839049));
#1621=CARTESIAN_POINT('',(809.532731889619,-1868.1592880203,79.8669295839049));
#1622=CARTESIAN_POINT('',(809.532588717539,-1867.91059287497,79.8669295839049));
#1623=CARTESIAN_POINT('',(814.209480153778,-2023.59077504102,79.8669295839049));
#1624=CARTESIAN_POINT('',(814.209480153778,-2023.59077504102,75.8669295839049));
#1625=CARTESIAN_POINT('',(814.209480153778,-2023.59077504102,75.8669295839049));
#1626=CARTESIAN_POINT('',(814.209477266396,-2023.83945673246,75.8669295839049));
#1627=CARTESIAN_POINT('',(814.308382783274,-2024.336820389,75.8669295839049));
#1628=CARTESIAN_POINT('',(814.731027856471,-2024.96930556329,75.8669295839049));
#1629=CARTESIAN_POINT('',(815.363476773574,-2025.39190397115,75.8669295839049));
#1630=CARTESIAN_POINT('',(816.109550051275,-2025.54030831717,75.8669295839049));
#1631=CARTESIAN_POINT('',(816.855579722917,-2025.39190358428,75.8669295839049));
#1632=CARTESIAN_POINT('',(817.488090808984,-2024.96930649722,75.8669295839049));
#1633=CARTESIAN_POINT('',(817.910622986458,-2024.33681849656,75.8669295839049));
#1634=CARTESIAN_POINT('',(818.009683342071,-2023.83946980125,75.8669295839049));
#1635=CARTESIAN_POINT('',(818.009540169995,-2023.59077465593,75.8669295839049));
#1636=CARTESIAN_POINT('',(814.209480153778,-2023.59077504102,79.8669295839049));
#1637=CARTESIAN_POINT('',(814.209477266396,-2023.83945673246,79.8669295839049));
#1638=CARTESIAN_POINT('',(814.308382783274,-2024.336820389,79.8669295839049));
#1639=CARTESIAN_POINT('',(814.731027856471,-2024.96930556329,79.8669295839049));
#1640=CARTESIAN_POINT('',(815.363476773574,-2025.39190397115,79.8669295839049));
#1641=CARTESIAN_POINT('',(816.109550051275,-2025.54030831717,79.8669295839049));
#1642=CARTESIAN_POINT('',(816.855579722917,-2025.39190358428,79.8669295839049));
#1643=CARTESIAN_POINT('',(817.488090808984,-2024.96930649722,79.8669295839049));
#1644=CARTESIAN_POINT('',(817.910622986458,-2024.33681849656,79.8669295839049));
#1645=CARTESIAN_POINT('',(818.009683342071,-2023.83946980125,79.8669295839049));
#1646=CARTESIAN_POINT('',(818.009540169995,-2023.59077465593,79.866929583905));
#1647=CARTESIAN_POINT('',(0.,0.,0.));
ENDSEC;
END-ISO-10303-21;
